left,front,right,action
97.57,62.92,45.44,FORWARD
51.01,34.53,55.01,RIGHT
21.36,91.01,44.68,FORWARD
13.13,10.23,23.38,STOP
49.64,59.22,96.57,FORWARD
7.64,17.5,23.13,STOP
88.34,24.56,64.77,LEFT
67.27,27.93,114.22,RIGHT
67.18,67.52,59.55,FORWARD
109.94,21.99,39.44,LEFT
116.37,14.79,58.31,LEFT
72.32,66.42,48.95,FORWARD
30.71,115.71,101.3,FORWARD
67.1,85.94,119.49,FORWARD
73.08,25.87,78.3,LEFT
37.08,30.13,89.49,RIGHT
11.62,83.34,101.27,FORWARD
44.49,11.51,72.07,RIGHT
22.11,115.59,88.61,FORWARD
65.98,110.69,23.39,FORWARD
14.97,5.79,12.4,STOP
5.66,87.26,70.58,FORWARD
16.08,10.62,23.32,STOP
5.61,11.64,23.68,STOP
9.16,59.69,11.17,FORWARD
6.13,7.58,24.59,STOP
23.71,77.51,37.37,FORWARD
67.69,10.64,32.66,LEFT
63.45,16.27,115.98,RIGHT
113.95,30.07,32.92,LEFT
5.01,5.89,20.17,STOP
74.88,36.73,50.61,RIGHT
12.22,9.67,18.99,STOP
17.27,9.31,17.27,STOP
10.01,17.59,14.27,STOP
85.13,35.02,28.21,LEFT
70.71,6.23,117.69,RIGHT
20.57,10.16,22.29,STOP
70.33,24.65,91.03,RIGHT
85.94,69.4,71.98,FORWARD
99.69,15.9,79.09,LEFT
23.66,19.52,6.63,STOP
67.09,5.18,79.9,RIGHT
11.33,10.21,23.33,STOP
102.18,7.22,62.92,LEFT
59.51,22.49,39.08,LEFT
70.53,43.89,26.18,LEFT
18.64,9.28,21.37,STOP
50.68,35.67,43.97,RIGHT
83.26,101.46,62.28,FORWARD
66.01,25.74,43.61,LEFT
23.54,5.31,19.92,STOP
30.37,14.41,77.91,RIGHT
9.25,10.9,11.48,STOP
9.09,16.46,14.77,STOP
99.59,86.36,39.3,FORWARD
112.48,26.51,26.34,LEFT
11.47,15.24,10.18,STOP
16.18,9.37,15.57,STOP
5.26,15.25,24.09,STOP
28.81,40.42,65.49,RIGHT
73.4,13.2,21.26,LEFT
62.85,112.53,100.03,FORWARD
97.99,14.69,53.76,LEFT
19.28,14.9,14.71,STOP
80.53,102.43,12.12,FORWARD
22.91,8.99,61.18,RIGHT
108.64,33.63,41.28,LEFT
42.17,61.65,75.93,FORWARD
18.38,10.75,11.2,STOP
6.27,74.58,119.35,FORWARD
58.67,20.78,104.68,RIGHT
19.45,5.07,22.25,STOP
76.07,36.89,22.66,LEFT
44.69,40.56,66.71,LEFT
66.25,92.13,75.32,FORWARD
61.01,14.25,98.74,RIGHT
22.32,11.16,9.4,STOP
31.88,76.87,114.97,FORWARD
115.08,32.61,29.12,LEFT
18.46,93.4,72.5,FORWARD
40.66,32.01,46.47,LEFT
48.06,31.06,102.27,RIGHT
117.77,13.19,58.73,LEFT
39.5,27.75,87.76,RIGHT
56.4,11.93,51.33,RIGHT
19.8,6.12,9.79,STOP
16.99,77.26,27.16,FORWARD
22.56,36.5,117.18,RIGHT
93.81,116.7,86.26,FORWARD
49.69,29.54,74.02,LEFT
12.88,7.05,11.74,STOP
10.69,12.24,21.34,STOP
23.21,14.28,16.18,STOP
18.43,18.56,18.08,STOP
81.34,113.12,103.66,FORWARD
5.48,17.16,5.74,STOP
20.14,16.5,8.89,STOP
39.67,41.48,108.08,RIGHT
93.78,15.19,72.54,LEFT
38.91,30.36,55.24,RIGHT
23.28,11.33,13.67,STOP
49.02,42.14,59.56,RIGHT
66.57,23.72,21.44,LEFT
31.7,86.01,5.79,FORWARD
34.69,91.47,70.09,FORWARD
98.18,29.71,26.29,LEFT
51.38,16.06,96.4,RIGHT
22.95,11.59,13.76,STOP
37.04,116.5,57.25,FORWARD
5.17,9.56,23.53,STOP
101.47,58.38,57.66,FORWARD
45.2,10.49,23.42,LEFT
79.31,18.05,62.41,LEFT
76.77,8.13,97.11,RIGHT
108.61,42.61,20.46,LEFT
60.34,34.33,51.59,LEFT
40.22,89.28,18.84,FORWARD
90.7,16.89,70.61,LEFT
77.53,5.63,68.16,LEFT
83.23,97.4,39.23,FORWARD
16.98,9.99,17.95,STOP
50.67,17.48,45.31,LEFT
9.36,6.54,16.59,STOP
40.33,22.62,116.6,RIGHT
114.9,62.96,65.43,FORWARD
50.76,5.71,22.96,LEFT
73.29,38.56,47.97,LEFT
17.53,10.64,20.96,STOP
74.98,106.63,24.12,FORWARD
73.26,15.77,58.42,LEFT
12.86,5.85,6.93,STOP
10.6,12.29,10.21,STOP
82.93,5.94,53.64,LEFT
69.3,38.84,35.26,LEFT
50.55,5.18,69.05,LEFT
112.71,29.68,74.49,LEFT
23.61,15.59,24.23,STOP
94.01,85.63,118.17,FORWARD
71.48,17.93,90.6,RIGHT
74.43,39.16,58.1,LEFT
83.55,114.29,81.13,FORWARD
76.1,108.19,33.71,FORWARD
15.98,7.37,9.94,STOP
22.13,36.3,81.26,RIGHT
68.55,16.39,71.04,LEFT
47.98,14.05,40.6,LEFT
17.58,12.9,21.21,STOP
18.12,72.64,75.98,FORWARD
75.2,24.5,117.14,RIGHT
67.51,59.81,52.29,FORWARD
9.32,7.18,12.07,STOP
17.69,9.51,5.02,STOP
94.17,28.05,71.45,LEFT
7.82,5.01,18.43,STOP
79.7,27.08,100.52,RIGHT
57.89,14.9,116.95,RIGHT
86.11,21.27,47.95,LEFT
47.88,20.32,43.53,LEFT
59.58,42.96,82.23,RIGHT
51.1,27.84,94.52,RIGHT
42.1,6.53,62.64,RIGHT
55.11,6.96,78.75,LEFT
53.4,43.5,80.32,RIGHT
69.09,9.15,102.34,RIGHT
96.72,67.38,106.58,FORWARD
83.1,113.26,54.45,FORWARD
38.49,60.82,95.13,FORWARD
42.67,25.56,45.3,LEFT
99.49,56.44,106.18,FORWARD
47.43,11.04,118.75,RIGHT
47.88,41.84,53.64,LEFT
5.85,8.11,18.21,STOP
117.83,58.76,81.23,FORWARD
109.99,43.53,78.69,LEFT
25.65,41.39,108.08,RIGHT
28.29,119.49,23.59,FORWARD
69.42,109.72,55.07,FORWARD
113.77,18.15,33.67,LEFT
98.88,5.66,61.3,LEFT
32.32,113.56,26.21,FORWARD
68.28,28.7,34.44,LEFT
25.66,67.29,23.79,FORWARD
13.09,12.89,9.92,STOP
17.01,14.29,5.92,STOP
43.44,96.67,54.87,FORWARD
54.32,14.25,47.26,RIGHT
105.36,102.56,5.11,FORWARD
65.13,20.9,76.24,RIGHT
59.53,8.03,67.7,LEFT
82.51,38.22,71.7,LEFT
42.63,5.63,67.03,RIGHT
42.81,37.1,90.2,RIGHT
43.22,8.11,54.25,LEFT
63.67,36.34,76.03,LEFT
44.01,19.8,60.76,LEFT
86.67,13.66,77.82,LEFT
14.29,11.8,9.25,STOP
42.4,8.82,54.96,LEFT
91.55,37.23,60.91,LEFT
83.96,83.07,39.87,FORWARD
77.71,117.92,83.64,FORWARD
88.99,23.94,65.1,LEFT
38.75,28.44,91.65,RIGHT
15.31,10.18,24.9,STOP
21.06,56.5,13.36,FORWARD
84.84,29.98,47.51,LEFT
56.67,12.94,63.35,LEFT
27.91,68.92,41.13,FORWARD
97.9,8.77,78.52,LEFT
37.31,79.93,10.98,FORWARD
51.28,23.85,52.47,LEFT
68.87,55.59,39.43,FORWARD
52.76,16.12,88.57,RIGHT
73.78,38.11,113.64,RIGHT
48.07,36.65,50.55,RIGHT
27.45,72.2,51.04,FORWARD
39.95,119.73,112.57,FORWARD
11.98,16.36,24.98,STOP
79.85,27.47,46.38,LEFT
64.91,18.74,56.53,LEFT
12.05,7.98,16.76,STOP
21.44,19.82,20.87,STOP
67.94,36.57,111.2,RIGHT
15.0,14.65,22.53,STOP
24.65,36.28,70.75,RIGHT
78.83,100.71,68.64,FORWARD
12.48,6.59,10.07,STOP
91.71,66.31,113.98,FORWARD
42.9,8.88,93.88,RIGHT
29.57,31.57,96.55,RIGHT
21.62,7.6,20.32,STOP
25.22,15.63,75.97,RIGHT
23.18,10.9,16.94,STOP
17.02,6.49,24.63,STOP
55.65,66.68,13.36,FORWARD
96.67,19.05,29.74,LEFT
79.71,79.27,87.66,FORWARD
16.72,116.77,101.47,FORWARD
26.45,10.69,111.25,RIGHT
119.61,41.98,58.56,LEFT
81.98,44.93,36.3,LEFT
18.37,19.61,5.14,STOP
23.94,14.48,11.62,STOP
13.02,15.12,9.67,STOP
5.46,17.11,13.59,STOP
60.62,32.7,85.71,RIGHT
6.69,12.55,7.01,STOP
48.77,105.04,46.74,FORWARD
39.61,87.63,84.74,FORWARD
43.3,70.94,33.58,FORWARD
91.39,108.4,98.23,FORWARD
106.64,27.12,51.75,LEFT
53.24,55.28,100.44,FORWARD
108.76,18.8,54.53,LEFT
105.03,38.47,62.4,LEFT
69.76,11.79,61.41,LEFT
80.96,22.1,40.91,LEFT
61.79,103.23,82.33,FORWARD
64.07,15.75,31.75,LEFT
16.77,12.41,10.9,STOP
31.41,41.89,68.54,RIGHT
69.88,42.61,35.96,LEFT
114.93,34.71,60.17,LEFT
82.21,36.24,48.97,LEFT
44.42,19.25,83.41,RIGHT
24.49,11.18,22.57,STOP
5.55,10.9,9.54,STOP
11.56,108.63,78.81,FORWARD
14.48,18.85,20.44,STOP
78.38,14.41,54.89,RIGHT
61.61,94.27,50.75,FORWARD
6.35,107.83,74.37,FORWARD
52.35,70.24,36.83,FORWARD
72.74,10.18,76.3,LEFT
60.29,35.9,26.95,LEFT
103.7,9.84,34.34,LEFT
8.52,6.57,13.31,STOP
12.75,8.4,18.96,STOP
117.84,15.66,72.76,LEFT
9.2,95.82,45.79,FORWARD
88.02,17.78,45.53,LEFT
21.18,7.68,5.43,STOP
7.44,6.78,21.16,STOP
52.27,87.17,71.68,FORWARD
13.23,5.06,9.68,STOP
26.75,15.88,110.09,RIGHT
108.9,25.57,73.68,LEFT
36.47,79.91,14.89,FORWARD
15.2,18.64,13.61,STOP
9.3,13.36,7.33,STOP
75.08,17.33,90.39,RIGHT
27.8,12.18,90.89,RIGHT
22.88,19.2,11.75,STOP
118.47,61.15,43.88,FORWARD
115.86,73.33,40.98,FORWARD
109.96,11.8,35.13,LEFT
78.19,101.97,91.06,FORWARD
48.62,8.49,42.75,RIGHT
71.06,93.74,47.84,FORWARD
111.18,15.36,39.92,LEFT
95.73,69.74,44.34,FORWARD
19.34,55.83,31.05,FORWARD
88.5,79.85,30.31,FORWARD
29.29,21.38,105.12,RIGHT
73.7,36.57,65.81,LEFT
85.75,25.51,58.91,LEFT
59.8,34.5,42.05,RIGHT
30.14,18.48,43.22,RIGHT
17.41,111.84,54.86,FORWARD
119.15,40.8,22.15,LEFT
12.71,69.74,53.03,FORWARD
48.53,26.64,42.86,LEFT
97.4,95.85,106.11,FORWARD
46.8,13.9,55.31,LEFT
84.65,38.58,71.79,LEFT
17.98,7.71,24.64,STOP
30.37,39.72,45.47,RIGHT
16.15,14.42,7.4,STOP
19.93,10.83,18.91,STOP
40.0,22.81,92.42,RIGHT
77.0,34.31,104.51,RIGHT
37.6,16.19,108.8,RIGHT
78.51,38.46,66.31,LEFT
24.44,9.57,18.88,STOP
22.61,17.04,6.75,STOP
70.52,30.78,113.41,RIGHT
15.39,14.29,10.8,STOP
23.98,10.91,18.54,STOP
11.65,71.38,80.42,FORWARD
13.18,19.98,20.92,STOP
24.22,9.69,17.03,STOP
79.66,99.6,22.96,FORWARD
13.26,14.78,18.59,STOP
67.02,98.68,29.66,FORWARD
72.46,78.87,62.51,FORWARD
49.98,6.1,64.64,RIGHT
46.24,23.44,100.82,RIGHT
72.36,84.78,49.02,FORWARD
112.66,42.28,42.11,LEFT
42.43,40.6,34.78,LEFT
12.78,100.99,61.33,FORWARD
98.32,23.51,78.0,LEFT
43.55,89.72,40.61,FORWARD
77.78,12.18,84.59,RIGHT
100.57,44.25,54.02,LEFT
97.3,68.72,32.87,FORWARD
9.22,92.21,33.27,FORWARD
19.04,16.26,17.22,STOP
97.21,21.76,63.93,LEFT
103.72,87.38,99.92,FORWARD
41.26,98.14,71.45,FORWARD
5.64,10.64,16.86,STOP
84.94,82.13,50.26,FORWARD
75.09,34.36,60.93,LEFT
69.2,35.78,21.35,LEFT
37.41,112.84,85.38,FORWARD
49.17,25.7,82.13,RIGHT
86.68,96.92,71.9,FORWARD
88.06,33.13,74.51,LEFT
51.2,76.45,114.79,FORWARD
17.92,6.67,23.29,STOP
96.86,86.45,68.96,FORWARD
78.22,77.23,105.73,FORWARD
72.06,34.05,90.71,RIGHT
109.49,16.16,69.48,LEFT
17.13,6.01,14.3,STOP
7.05,17.73,7.37,STOP
64.97,98.51,71.94,FORWARD
28.77,30.0,51.42,RIGHT
55.95,40.53,77.74,RIGHT
54.11,39.74,82.79,RIGHT
68.24,25.51,31.54,LEFT
110.11,26.09,69.8,LEFT
109.59,13.54,75.69,LEFT
23.23,5.97,8.13,STOP
117.53,55.76,93.76,FORWARD
17.29,5.99,20.68,STOP
66.52,19.26,106.7,RIGHT
76.24,59.72,61.14,FORWARD
73.1,35.75,47.58,RIGHT
59.9,21.21,55.72,LEFT
97.25,35.18,44.54,LEFT
98.37,20.0,36.61,LEFT
11.24,12.01,16.7,STOP
54.1,5.73,86.69,RIGHT
84.82,15.65,38.07,LEFT
62.25,97.95,63.06,FORWARD
18.52,15.24,12.11,STOP
72.23,16.74,34.15,LEFT
110.03,58.2,119.47,FORWARD
79.48,27.69,32.12,LEFT
105.82,104.47,21.57,FORWARD
58.13,29.96,100.46,RIGHT
21.46,42.52,111.72,RIGHT
9.46,15.9,22.39,STOP
96.22,37.78,37.13,LEFT
26.46,64.88,7.87,FORWARD
108.15,24.52,75.07,LEFT
64.81,87.9,44.85,FORWARD
11.46,10.79,9.23,STOP
23.89,14.5,5.93,STOP
34.98,24.54,111.42,RIGHT
6.29,11.63,5.83,STOP
92.52,68.68,42.6,FORWARD
23.51,44.87,88.72,RIGHT
19.08,17.48,14.3,STOP
97.0,68.24,67.33,FORWARD
78.28,55.85,38.51,FORWARD
86.82,30.73,20.96,LEFT
105.13,44.55,41.24,LEFT
105.37,74.18,31.26,FORWARD
23.43,18.36,13.16,STOP
76.12,38.98,70.18,LEFT
82.57,12.83,79.56,LEFT
95.05,32.47,68.09,LEFT
61.8,32.98,69.89,LEFT
54.99,42.34,60.2,LEFT
44.28,30.45,34.62,LEFT
74.88,35.95,25.0,LEFT
57.08,31.43,107.89,RIGHT
111.76,94.44,24.74,FORWARD
5.89,5.25,16.11,STOP
115.93,12.56,50.87,LEFT
12.2,12.52,9.92,STOP
30.43,20.73,59.09,RIGHT
16.48,14.11,11.35,STOP
42.84,23.92,69.86,RIGHT
15.95,9.23,16.1,STOP
33.86,118.25,111.1,FORWARD
111.31,117.37,82.32,FORWARD
61.68,69.49,21.86,FORWARD
23.79,43.84,49.53,RIGHT
13.42,16.56,5.34,STOP
39.86,26.47,49.98,RIGHT
8.33,6.08,19.2,STOP
55.44,11.74,30.52,LEFT
84.64,80.8,54.66,FORWARD
47.47,11.99,67.29,LEFT
17.08,10.02,7.48,STOP
100.28,15.28,37.83,LEFT
17.46,11.95,9.45,STOP
50.85,71.68,44.57,FORWARD
24.84,7.96,10.95,STOP
5.54,11.58,18.51,STOP
47.92,80.82,84.92,FORWARD
101.47,36.96,46.19,LEFT
59.94,16.4,66.45,LEFT
95.85,8.77,61.1,LEFT
19.39,19.65,19.64,STOP
54.5,31.72,104.68,RIGHT
20.78,44.17,101.59,RIGHT
9.73,8.36,22.14,STOP
111.59,13.38,30.63,LEFT
65.86,32.8,46.29,LEFT
66.31,14.83,39.24,LEFT
74.84,42.35,91.9,RIGHT
34.11,41.17,117.79,RIGHT
79.44,36.61,48.42,RIGHT
68.84,38.74,30.16,LEFT
97.67,7.18,43.44,LEFT
58.32,11.33,97.05,RIGHT
58.33,12.18,38.13,LEFT
38.3,18.99,49.03,RIGHT
96.83,43.35,28.63,LEFT
78.07,42.65,75.83,LEFT
49.58,99.64,15.51,FORWARD
26.31,16.61,56.92,RIGHT
100.27,56.17,20.34,FORWARD
114.89,56.47,15.51,FORWARD
78.13,5.4,78.47,LEFT
52.94,31.31,33.47,LEFT
30.44,71.28,8.99,FORWARD
52.37,32.66,104.27,RIGHT
15.2,6.7,14.55,STOP
91.96,69.82,117.11,FORWARD
102.75,107.09,55.17,FORWARD
13.2,9.76,8.71,STOP
27.95,10.36,112.3,RIGHT
79.7,36.74,41.49,RIGHT
46.96,26.29,54.88,LEFT
34.83,110.35,70.9,FORWARD
15.19,6.85,10.27,STOP
35.31,20.86,88.32,RIGHT
44.77,29.29,114.77,RIGHT
28.46,34.5,43.89,RIGHT
71.54,40.0,79.18,RIGHT
86.9,105.23,31.4,FORWARD
10.94,79.44,70.19,FORWARD
14.28,14.87,9.92,STOP
78.05,8.06,69.63,LEFT
79.82,28.5,63.44,RIGHT
21.54,14.69,7.47,STOP
29.86,17.04,107.3,RIGHT
20.58,17.97,5.64,STOP
31.11,6.29,42.37,RIGHT
25.91,84.57,76.45,FORWARD
113.53,86.25,36.25,FORWARD
16.5,15.71,15.11,STOP
54.74,103.8,13.44,FORWARD
117.24,108.84,45.77,FORWARD
33.42,70.99,71.77,FORWARD
9.58,18.74,23.88,STOP
5.46,6.42,8.33,STOP
64.74,18.38,91.88,RIGHT
106.49,7.57,59.68,LEFT
118.54,118.75,13.17,FORWARD
17.83,15.13,21.82,STOP
54.94,8.15,44.95,LEFT
16.56,14.14,7.37,STOP
9.82,13.18,11.62,STOP
17.13,15.7,22.18,STOP
103.5,9.86,39.34,LEFT
50.55,44.78,67.09,LEFT
99.58,88.47,30.8,FORWARD
23.16,80.28,70.65,FORWARD
73.4,17.87,41.94,RIGHT
69.24,17.79,119.69,RIGHT
22.65,15.38,101.32,RIGHT
15.88,7.81,8.91,STOP
12.65,9.81,9.47,STOP
76.71,72.08,20.14,FORWARD
24.61,78.14,53.11,FORWARD
73.81,63.18,106.7,FORWARD
21.49,10.98,18.36,STOP
9.52,19.55,23.47,STOP
74.12,24.57,60.81,RIGHT
89.8,69.26,114.64,FORWARD
65.83,35.94,29.66,LEFT
34.18,13.98,43.85,RIGHT
65.32,59.11,17.83,FORWARD
116.5,88.38,28.61,FORWARD
77.17,55.65,110.95,FORWARD
45.88,60.17,106.3,FORWARD
9.4,19.52,7.54,STOP
14.99,13.59,21.2,STOP
10.48,5.32,24.21,STOP
67.29,97.2,80.84,FORWARD
46.69,44.3,43.65,LEFT
61.99,22.87,69.36,LEFT
56.17,37.68,105.31,RIGHT
15.19,116.76,50.43,FORWARD
49.6,34.03,70.37,RIGHT
19.52,99.56,19.99,FORWARD
44.63,41.83,108.47,RIGHT
100.01,27.32,45.5,LEFT
57.36,41.82,56.45,RIGHT
76.34,40.07,56.54,LEFT
16.6,6.74,21.45,STOP
57.8,23.4,45.67,RIGHT
14.7,11.89,14.75,STOP
45.92,37.37,50.5,RIGHT
91.9,20.13,56.11,LEFT
73.27,85.41,56.74,FORWARD
47.67,85.6,68.79,FORWARD
65.91,106.48,34.08,FORWARD
113.76,22.11,26.58,LEFT
107.61,100.68,84.55,FORWARD
46.08,42.31,40.57,LEFT
18.64,12.64,9.12,STOP
62.77,14.4,95.66,RIGHT
73.73,36.86,99.77,RIGHT
15.75,12.92,23.59,STOP
57.3,73.6,82.92,FORWARD
17.07,111.88,71.9,FORWARD
45.06,32.89,44.78,RIGHT
22.99,13.92,16.76,STOP
42.52,24.29,57.29,RIGHT
53.53,28.85,50.24,LEFT
86.51,38.64,44.1,LEFT
13.02,13.55,18.2,STOP
70.49,12.38,47.47,LEFT
92.97,44.09,56.36,LEFT
92.07,23.54,22.23,LEFT
116.25,37.34,41.31,LEFT
31.76,22.96,94.98,RIGHT
12.98,10.78,16.8,STOP
19.01,16.31,12.23,STOP
48.72,24.28,50.07,LEFT
21.09,16.63,51.81,RIGHT
72.33,8.26,62.98,LEFT
109.24,96.39,66.56,FORWARD
28.28,21.99,68.45,RIGHT
70.62,94.26,97.48,FORWARD
30.1,91.19,93.39,FORWARD
28.12,28.0,82.37,RIGHT
18.5,19.37,11.27,STOP
14.67,105.35,86.35,FORWARD
78.76,31.34,73.17,RIGHT
14.4,57.36,96.74,FORWARD
8.51,11.88,23.57,STOP
50.6,85.98,62.38,FORWARD
21.45,8.44,10.06,STOP
30.81,114.69,62.53,FORWARD
23.83,37.85,83.25,RIGHT
53.19,14.94,66.85,RIGHT
12.14,15.77,14.79,STOP
69.36,64.13,29.02,FORWARD
44.94,83.7,52.28,FORWARD
24.01,11.02,18.79,STOP
29.31,36.02,118.95,RIGHT
9.31,5.28,24.56,STOP
41.95,29.37,112.0,RIGHT
76.15,14.47,107.98,RIGHT
68.49,73.97,116.06,FORWARD
59.62,30.46,41.62,LEFT
87.1,21.71,23.22,LEFT
21.33,19.72,11.8,STOP
116.42,104.8,37.72,FORWARD
20.79,5.17,115.07,RIGHT
15.37,19.41,21.15,STOP
46.22,13.84,84.3,RIGHT
62.22,61.17,104.71,FORWARD
73.92,32.58,62.67,RIGHT
74.39,6.31,54.71,LEFT
46.6,35.22,100.4,RIGHT
91.89,60.33,6.04,FORWARD
106.85,22.09,74.22,LEFT
109.69,32.35,79.92,LEFT
21.55,15.92,23.95,STOP
19.11,17.73,9.2,STOP
64.69,5.76,102.4,RIGHT
65.28,30.62,68.58,RIGHT
39.17,78.54,9.63,FORWARD
32.7,11.54,97.34,RIGHT
90.85,78.83,5.23,FORWARD
86.06,96.43,115.44,FORWARD
33.24,34.54,69.67,RIGHT
104.88,13.79,63.86,LEFT
56.03,41.86,100.41,RIGHT
68.4,39.68,58.23,RIGHT
53.72,44.91,77.5,LEFT
75.54,58.4,43.56,FORWARD
54.94,42.14,66.25,LEFT
77.23,5.11,68.29,RIGHT
59.58,8.75,45.91,LEFT
72.15,16.15,92.09,RIGHT
76.54,112.28,118.79,FORWARD
62.13,29.38,111.96,RIGHT
55.62,111.33,64.65,FORWARD
65.2,31.6,63.0,LEFT
66.25,27.11,75.98,LEFT
115.13,99.89,84.39,FORWARD
77.93,21.63,66.33,RIGHT
66.08,86.54,52.24,FORWARD
51.33,86.54,112.03,FORWARD
78.94,7.35,40.26,RIGHT
46.93,55.24,116.16,FORWARD
77.25,17.88,98.78,RIGHT
27.15,22.8,110.82,RIGHT
96.21,25.71,54.1,LEFT
107.71,16.67,52.19,LEFT
65.16,15.49,61.42,LEFT
78.04,72.79,36.16,FORWARD
65.19,7.19,64.6,RIGHT
50.04,19.87,90.47,RIGHT
61.79,73.42,67.84,FORWARD
19.12,6.66,22.11,STOP
84.42,32.37,30.28,LEFT
74.67,44.42,75.52,RIGHT
60.55,23.13,58.5,LEFT
6.66,7.13,7.91,STOP
78.42,19.45,25.57,LEFT
72.58,30.76,111.63,RIGHT
40.08,27.42,29.1,LEFT
13.34,5.8,7.88,STOP
24.05,14.95,9.81,STOP
103.9,27.97,49.01,LEFT
82.92,27.29,40.77,LEFT
5.44,16.29,7.36,STOP
85.27,43.46,79.38,LEFT
8.65,8.51,15.83,STOP
11.05,7.01,12.97,STOP
94.06,41.47,67.82,LEFT
24.34,5.49,5.62,STOP
110.14,104.81,23.43,FORWARD
116.25,20.75,38.98,LEFT
50.31,22.05,58.01,LEFT
105.05,16.84,69.69,LEFT
55.68,10.69,110.98,RIGHT
49.47,66.1,106.39,FORWARD
74.13,35.82,115.14,RIGHT
53.68,23.83,55.65,LEFT
59.29,17.84,41.86,RIGHT
46.1,9.38,73.67,RIGHT
13.67,17.8,18.75,STOP
36.42,114.3,34.02,FORWARD
39.41,7.22,49.46,RIGHT
17.45,7.51,20.71,STOP
27.28,15.87,104.88,RIGHT
12.08,16.33,19.17,STOP
58.9,81.37,84.45,FORWARD
42.67,35.22,68.75,LEFT
106.3,85.02,102.88,FORWARD
5.98,12.75,7.37,STOP
79.7,18.35,46.32,LEFT
6.86,19.24,8.83,STOP
96.4,88.09,31.88,FORWARD
24.6,11.4,20.4,STOP
9.93,5.11,7.87,STOP
6.76,9.85,10.2,STOP
50.65,6.72,100.68,RIGHT
13.47,14.7,22.91,STOP
59.95,6.57,103.8,RIGHT
118.21,82.76,76.62,FORWARD
80.72,13.87,57.24,LEFT
111.09,27.75,57.68,LEFT
10.54,84.37,53.22,FORWARD
47.4,81.83,82.65,FORWARD
20.35,83.51,68.33,FORWARD
74.47,28.19,53.83,RIGHT
88.05,66.12,85.68,FORWARD
81.69,68.67,111.08,FORWARD
21.82,19.47,19.6,STOP
118.51,35.78,79.57,LEFT
118.79,19.4,32.61,LEFT
88.57,79.66,50.28,FORWARD
19.32,7.11,9.22,STOP
78.3,105.56,41.93,FORWARD
64.12,6.46,58.29,RIGHT
9.33,19.22,18.21,STOP
81.32,67.93,116.99,FORWARD
12.27,15.32,23.09,STOP
73.27,29.52,24.59,LEFT
68.1,87.27,23.44,FORWARD
82.79,72.06,61.24,FORWARD
16.65,10.88,5.34,STOP
66.77,111.22,50.75,FORWARD
15.82,17.69,7.4,STOP
21.4,8.72,11.48,STOP
13.53,18.19,13.4,STOP
66.14,19.8,117.96,RIGHT
48.35,16.15,41.17,LEFT
27.56,28.8,61.83,RIGHT
62.91,25.97,109.93,RIGHT
60.28,13.43,72.04,LEFT
20.81,11.78,13.88,STOP
49.2,82.92,38.25,FORWARD
72.94,38.13,40.43,RIGHT
53.51,110.75,21.42,FORWARD
63.33,99.85,115.02,FORWARD
42.68,32.19,34.62,LEFT
73.13,63.21,69.01,FORWARD
5.22,18.7,13.46,STOP
43.09,34.7,66.56,RIGHT
23.62,17.99,93.0,RIGHT
71.46,28.31,70.14,RIGHT
26.41,68.93,61.11,FORWARD
76.79,81.51,106.73,FORWARD
9.14,16.27,18.89,STOP
67.4,12.34,75.87,RIGHT
91.35,83.64,33.64,FORWARD
42.45,29.15,80.19,RIGHT
19.58,7.94,17.61,STOP
87.18,88.12,12.64,FORWARD
115.1,10.42,62.16,LEFT
60.65,16.28,58.33,RIGHT
18.4,15.65,16.13,STOP
92.9,23.9,61.04,LEFT
57.96,38.5,76.28,RIGHT
106.23,41.27,72.78,LEFT
65.22,44.17,72.59,RIGHT
24.48,10.91,8.08,STOP
9.94,15.64,18.15,STOP
111.3,18.58,61.26,LEFT
6.52,12.75,17.74,STOP
21.27,13.6,16.28,STOP
8.86,106.53,61.67,FORWARD
77.96,8.26,78.76,RIGHT
68.71,34.72,102.31,RIGHT
12.97,17.6,5.82,STOP
20.98,15.33,7.5,STOP
16.39,17.23,25.0,STOP
55.73,30.24,57.55,RIGHT
106.66,26.76,75.13,LEFT
65.16,33.77,76.02,LEFT
50.23,21.26,60.04,RIGHT
22.87,18.89,15.74,STOP
102.91,73.03,86.58,FORWARD
81.67,15.97,74.67,LEFT
61.72,8.67,58.9,RIGHT
107.48,117.98,85.46,FORWARD
49.97,20.34,76.27,LEFT
24.08,10.49,18.26,STOP
85.14,34.96,38.25,LEFT
16.93,8.93,19.3,STOP
62.82,17.61,43.71,LEFT
94.35,32.27,39.54,LEFT
15.7,17.04,16.87,STOP
31.3,16.0,62.29,RIGHT
28.65,28.63,75.69,RIGHT
49.51,17.02,68.15,LEFT
104.51,88.47,83.71,FORWARD
86.28,71.24,19.6,FORWARD
108.19,17.73,23.16,LEFT
71.55,57.74,73.83,FORWARD
5.55,16.08,17.68,STOP
103.94,8.77,36.08,LEFT
99.69,31.5,33.27,LEFT
20.54,99.82,63.39,FORWARD
49.29,66.31,18.27,FORWARD
85.63,24.84,31.11,LEFT
92.53,112.71,25.72,FORWARD
16.6,9.28,24.86,STOP
96.54,16.24,49.91,LEFT
51.32,7.06,65.05,LEFT
44.04,44.73,85.44,RIGHT
76.05,21.67,47.34,LEFT
10.66,19.16,15.05,STOP
40.89,23.95,88.21,RIGHT
9.73,12.07,17.34,STOP
20.18,9.05,12.48,STOP
55.33,104.07,79.19,FORWARD
102.05,6.15,66.21,LEFT
23.31,9.19,17.24,STOP
75.49,13.87,60.27,RIGHT
9.53,13.76,7.19,STOP
50.59,40.59,105.38,RIGHT
92.62,97.51,20.38,FORWARD
33.32,28.13,68.02,RIGHT
38.6,43.89,92.57,RIGHT
50.72,28.94,80.63,RIGHT
13.87,7.92,12.14,STOP
21.23,7.75,14.81,STOP
24.85,15.57,6.59,STOP
7.67,17.58,9.17,STOP
61.62,118.57,43.38,FORWARD
23.22,19.47,23.63,STOP
55.33,35.4,119.53,RIGHT
10.71,7.61,16.03,STOP
76.31,28.75,95.76,RIGHT
49.44,17.5,74.35,LEFT
10.75,14.75,11.74,STOP
97.04,18.31,32.89,LEFT
5.37,17.54,22.97,STOP
62.0,34.64,67.97,LEFT
114.83,108.65,71.53,FORWARD
86.14,93.68,70.69,FORWARD
74.3,18.29,71.37,RIGHT
52.95,12.19,34.22,LEFT
69.14,100.16,29.56,FORWARD
12.53,12.44,20.46,STOP
56.99,37.91,52.53,RIGHT
113.39,25.87,23.41,LEFT
20.54,5.48,15.0,STOP
75.51,31.16,49.74,RIGHT
95.57,115.65,29.32,FORWARD
61.28,23.05,35.1,LEFT
23.68,17.08,10.93,STOP
58.63,12.01,109.9,RIGHT
40.31,44.4,59.69,LEFT
54.26,44.5,35.81,LEFT
115.82,101.81,105.11,FORWARD
107.74,27.59,42.83,LEFT
14.75,55.05,41.85,FORWARD
55.09,84.04,71.19,FORWARD
8.65,16.65,11.85,STOP
10.12,5.89,21.44,STOP
110.89,27.62,22.68,LEFT
7.96,14.94,9.01,STOP
20.68,66.95,11.55,FORWARD
50.67,36.85,74.74,RIGHT
8.62,15.57,8.93,STOP
79.4,8.62,29.35,LEFT
63.1,25.72,76.51,RIGHT
22.69,14.9,5.81,STOP
28.83,21.25,55.49,RIGHT
17.06,9.53,11.55,STOP
79.56,40.13,109.19,RIGHT
65.72,26.79,70.99,RIGHT
71.31,35.48,73.24,LEFT
105.39,109.03,92.42,FORWARD
65.07,38.18,115.89,RIGHT
57.37,10.4,99.8,RIGHT
12.38,9.1,15.37,STOP
18.04,6.11,23.61,STOP
54.17,43.62,78.29,LEFT
65.3,117.25,47.95,FORWARD
117.59,32.91,42.13,LEFT
79.01,44.47,103.36,RIGHT
56.36,35.57,43.58,LEFT
117.83,21.43,59.73,LEFT
84.01,111.05,44.38,FORWARD
25.92,79.96,70.29,FORWARD
64.21,23.1,77.84,RIGHT
97.72,13.56,75.22,LEFT
118.24,75.56,41.08,FORWARD
53.58,38.34,71.92,LEFT
68.81,29.22,70.19,LEFT
49.4,7.1,64.07,LEFT
44.22,93.58,17.7,FORWARD
47.98,41.25,52.79,RIGHT
47.25,14.25,60.16,RIGHT
45.92,31.49,91.89,RIGHT
66.75,21.17,65.22,RIGHT
38.41,110.55,49.03,FORWARD
114.12,70.19,16.66,FORWARD
31.15,33.51,65.55,RIGHT
98.54,43.35,75.87,LEFT
57.74,17.33,56.79,RIGHT
89.8,73.37,103.62,FORWARD
70.53,14.25,52.71,LEFT
98.89,26.96,68.54,LEFT
69.73,31.44,44.19,RIGHT
31.53,44.08,40.45,RIGHT
53.82,15.14,49.23,RIGHT
90.76,57.87,111.5,FORWARD
36.56,40.93,40.36,RIGHT
23.83,16.47,19.44,STOP
39.93,30.09,66.96,RIGHT
28.46,22.14,90.22,RIGHT
18.9,9.89,20.92,STOP
50.22,118.7,107.63,FORWARD
9.02,8.67,23.65,STOP
31.13,96.48,56.27,FORWARD
35.67,29.84,57.62,RIGHT
115.74,39.7,63.03,LEFT
72.66,28.72,28.6,LEFT
28.91,69.93,54.6,FORWARD
63.04,22.04,42.83,RIGHT
73.3,23.75,44.62,RIGHT
17.5,18.46,24.4,STOP
14.03,16.58,9.42,STOP
18.03,19.72,21.76,STOP
77.2,33.22,23.28,LEFT
114.57,43.04,35.25,LEFT
84.61,89.68,46.52,FORWARD
49.02,28.44,116.23,RIGHT
49.18,27.31,47.52,LEFT
63.84,19.83,37.77,LEFT
114.89,24.54,30.83,LEFT
92.49,77.02,50.89,FORWARD
45.56,13.35,70.31,LEFT
7.43,10.15,11.85,STOP
45.01,80.02,91.99,FORWARD
64.47,34.61,53.41,RIGHT
43.22,17.9,72.24,RIGHT
6.18,18.66,18.65,STOP
70.76,5.78,46.3,RIGHT
57.0,60.58,43.57,FORWARD
76.33,13.49,47.82,LEFT
20.27,12.46,15.69,STOP
64.09,22.15,35.47,LEFT
34.97,34.7,90.67,RIGHT
112.75,103.97,24.35,FORWARD
34.33,40.04,50.58,RIGHT
14.05,8.36,14.08,STOP
16.25,13.43,7.0,STOP
44.72,37.27,71.06,RIGHT
91.74,63.03,75.67,FORWARD
60.11,109.14,64.08,FORWARD
35.56,34.26,57.58,RIGHT
79.44,43.87,107.55,RIGHT
52.36,28.51,44.01,RIGHT
6.04,11.46,17.79,STOP
114.46,75.13,16.15,FORWARD
23.52,39.01,80.15,RIGHT
44.81,31.86,49.63,RIGHT
30.74,6.78,42.18,RIGHT
25.19,27.53,91.45,RIGHT
24.06,69.99,21.8,FORWARD
17.78,15.02,11.2,STOP
22.97,10.76,21.77,STOP
16.78,10.73,5.58,STOP
52.93,22.93,74.74,RIGHT
109.12,88.29,32.77,FORWARD
70.21,108.16,109.31,FORWARD
55.0,22.6,57.02,RIGHT
20.48,18.68,12.98,STOP
24.39,13.67,6.84,STOP
100.17,94.24,87.65,FORWARD
56.38,19.85,51.64,LEFT
79.76,33.07,79.44,LEFT
50.0,26.89,107.03,RIGHT
46.68,25.06,111.41,RIGHT
68.48,41.35,40.48,RIGHT
56.49,8.82,44.94,RIGHT
97.56,26.74,68.44,LEFT
19.93,7.75,12.77,STOP
44.83,17.93,50.69,LEFT
31.07,92.71,109.56,FORWARD
10.37,9.66,23.92,STOP
71.47,25.6,51.83,LEFT
73.45,39.71,91.79,RIGHT
76.38,119.71,35.68,FORWARD
18.09,14.03,6.82,STOP
9.48,92.09,41.3,FORWARD
102.72,23.5,58.73,LEFT
48.83,43.88,38.44,LEFT
23.44,10.35,16.58,STOP
14.13,7.94,10.83,STOP
74.38,44.3,106.52,RIGHT
22.02,37.82,58.84,RIGHT
39.78,5.77,61.67,RIGHT
63.84,41.03,32.03,LEFT
48.83,39.74,69.72,LEFT
7.13,8.14,11.09,STOP
53.3,21.83,29.07,LEFT
82.52,67.77,96.83,FORWARD
61.22,67.57,59.64,FORWARD
63.3,38.9,72.97,LEFT
43.95,43.62,85.04,RIGHT
17.39,14.87,11.84,STOP
45.78,65.06,82.49,FORWARD
57.88,24.19,63.74,LEFT
67.96,33.27,68.62,LEFT
113.45,108.35,25.6,FORWARD
11.97,18.33,16.98,STOP
85.32,18.92,39.03,LEFT
22.29,14.57,15.18,STOP
67.27,25.96,24.6,LEFT
39.18,29.58,65.89,RIGHT
45.94,57.44,76.35,FORWARD
66.46,7.07,43.02,LEFT
67.17,42.3,30.37,LEFT
38.05,76.16,8.84,FORWARD
31.5,102.6,51.73,FORWARD
77.65,13.63,94.86,RIGHT
88.22,23.92,60.23,LEFT
76.07,37.1,75.48,RIGHT
36.64,19.51,109.63,RIGHT
15.14,11.52,8.75,STOP
17.13,10.34,16.33,STOP
44.86,12.49,44.03,RIGHT
24.6,16.28,14.83,STOP
99.01,77.25,85.16,FORWARD
24.44,18.64,20.84,STOP
66.46,20.81,97.11,RIGHT
21.15,5.57,7.64,STOP
61.95,63.26,116.63,FORWARD
114.63,7.73,49.29,LEFT
24.96,19.84,8.37,STOP
61.41,26.82,41.24,LEFT
22.99,97.1,97.52,FORWARD
81.96,55.69,85.17,FORWARD
62.8,37.94,40.48,RIGHT
54.76,29.38,81.57,RIGHT
19.01,8.84,9.67,STOP
21.84,11.02,14.99,STOP
66.34,111.76,6.13,FORWARD
42.42,32.48,72.0,RIGHT
38.8,25.87,84.17,RIGHT
55.73,30.93,97.94,RIGHT
45.39,38.07,69.11,RIGHT
29.62,26.77,74.9,RIGHT
42.4,84.75,83.21,FORWARD
45.53,24.02,60.61,RIGHT
54.01,84.66,17.13,FORWARD
85.07,109.35,118.67,FORWARD
92.54,5.05,34.09,LEFT
76.83,28.42,67.36,LEFT
23.59,104.91,117.86,FORWARD
15.85,19.82,8.9,STOP
100.32,13.56,72.98,LEFT
27.29,26.95,47.31,RIGHT
23.33,8.06,22.51,STOP
93.35,18.7,52.27,LEFT
55.77,23.13,59.95,RIGHT
77.15,22.13,61.51,LEFT
20.21,13.0,18.43,STOP
69.05,44.47,46.66,LEFT
22.04,7.97,6.34,STOP
17.66,13.2,6.84,STOP
12.93,13.64,11.32,STOP
89.18,38.8,45.39,LEFT
78.17,28.47,65.71,LEFT
100.7,110.88,32.63,FORWARD
7.94,14.56,24.85,STOP
24.12,100.67,10.82,FORWARD
24.07,8.43,11.85,STOP
55.21,55.83,87.58,FORWARD
48.11,58.6,86.09,FORWARD
20.78,9.44,8.96,STOP
88.41,16.93,33.26,LEFT
77.09,5.8,112.25,RIGHT
48.11,35.34,61.46,RIGHT
104.11,92.57,80.69,FORWARD
33.45,44.95,78.04,RIGHT
21.95,16.72,18.84,STOP
5.57,14.78,18.2,STOP
104.9,16.88,45.15,LEFT
45.47,6.59,38.99,LEFT
24.36,17.95,12.66,STOP
46.18,30.95,107.44,RIGHT
18.23,14.94,19.99,STOP
112.55,19.03,48.13,LEFT
74.0,44.53,117.18,RIGHT
18.39,15.58,7.58,STOP
43.54,33.56,59.94,RIGHT
109.5,21.92,51.39,LEFT
62.02,36.19,60.81,RIGHT
30.21,16.63,103.79,RIGHT
56.37,8.6,79.95,LEFT
106.95,16.87,67.17,LEFT
21.83,13.7,16.85,STOP
16.31,5.57,9.2,STOP
12.0,10.76,17.23,STOP
74.69,26.68,74.13,LEFT
52.12,17.34,83.3,RIGHT
84.88,75.97,76.59,FORWARD
111.13,23.25,59.75,LEFT
63.59,10.92,115.49,RIGHT
13.36,14.06,5.81,STOP
17.09,9.43,9.83,STOP
110.73,105.56,58.0,FORWARD
10.53,11.66,7.53,STOP
82.97,105.35,15.86,FORWARD
62.03,13.7,51.61,RIGHT
82.38,16.82,42.46,LEFT
18.48,13.24,23.4,STOP
17.31,11.96,18.91,STOP
82.13,31.15,74.54,LEFT
61.83,21.76,50.98,LEFT
75.31,25.82,40.78,RIGHT
27.52,83.07,100.72,FORWARD
6.99,19.74,11.33,STOP
84.27,7.66,26.74,LEFT
11.46,13.1,15.81,STOP
52.49,36.12,96.07,RIGHT
15.07,14.83,16.36,STOP
104.31,88.4,81.17,FORWARD
61.94,23.74,47.17,RIGHT
84.17,60.86,104.29,FORWARD
33.24,37.46,112.43,RIGHT
82.25,72.46,44.4,FORWARD
22.55,12.39,5.51,STOP
67.02,41.48,78.57,LEFT
10.69,7.03,16.34,STOP
68.56,77.13,57.85,FORWARD
89.1,15.93,20.98,LEFT
70.2,10.82,101.68,RIGHT
113.3,117.92,115.49,FORWARD
30.83,111.49,36.51,FORWARD
62.06,40.5,81.14,RIGHT
46.43,117.29,105.87,FORWARD
42.69,24.67,48.17,RIGHT
43.2,36.15,90.98,RIGHT
48.68,68.84,35.05,FORWARD
23.78,36.21,56.65,RIGHT
65.15,77.4,62.67,FORWARD
87.13,11.56,49.63,LEFT
60.3,7.48,57.02,LEFT
11.75,10.08,14.05,STOP
70.79,71.84,6.21,FORWARD
22.28,12.88,12.69,STOP
90.2,61.9,33.14,FORWARD
9.67,16.95,22.6,STOP
47.29,40.21,53.71,LEFT
60.9,39.08,106.72,RIGHT
16.32,11.46,12.26,STOP
57.02,35.65,67.35,RIGHT
77.9,5.99,36.82,LEFT
78.02,32.07,48.78,LEFT
10.14,12.4,23.45,STOP
11.4,9.31,7.52,STOP
24.0,7.74,9.36,STOP
29.64,10.58,105.22,RIGHT
108.24,19.03,74.7,LEFT
72.13,6.69,78.2,RIGHT
12.74,17.47,21.88,STOP
91.2,25.17,28.45,LEFT
13.37,15.23,23.64,STOP
25.87,57.46,110.23,FORWARD
23.78,44.74,88.73,RIGHT
113.56,22.11,48.3,LEFT
6.27,10.48,16.56,STOP
16.64,19.31,23.38,STOP
36.77,30.36,98.84,RIGHT
40.0,29.56,50.65,LEFT
17.97,9.42,18.77,STOP
90.35,39.21,40.29,LEFT
64.21,9.73,85.58,RIGHT
110.76,41.09,36.44,LEFT
13.16,10.33,5.85,STOP
10.95,6.62,8.09,STOP
109.45,92.69,77.48,FORWARD
76.05,41.86,67.34,LEFT
77.98,19.4,109.11,RIGHT
93.05,21.99,60.77,LEFT
81.06,29.66,55.57,LEFT
115.29,27.6,67.43,LEFT
12.94,16.49,14.66,STOP
8.24,16.16,18.5,STOP
76.99,8.39,24.25,LEFT
70.97,29.63,40.08,LEFT
10.59,14.15,5.62,STOP
38.5,35.08,79.84,RIGHT
34.28,98.0,37.39,FORWARD
51.85,19.47,23.2,LEFT
23.09,65.75,62.87,FORWARD
6.41,14.99,5.37,STOP
58.15,27.35,79.64,LEFT
111.63,98.38,20.79,FORWARD
68.19,40.25,24.71,LEFT
70.36,38.88,93.15,RIGHT
52.09,37.63,118.86,RIGHT
97.97,70.32,36.78,FORWARD
81.94,80.85,80.71,FORWARD
91.32,20.53,46.3,LEFT
67.1,29.45,25.8,LEFT
52.86,85.12,31.76,FORWARD
75.37,31.14,24.58,LEFT
79.53,26.99,52.82,LEFT
36.64,43.12,80.2,RIGHT
45.36,72.44,104.41,FORWARD
11.83,19.41,8.17,STOP
48.3,7.91,50.69,LEFT
73.91,19.15,62.84,LEFT
31.57,34.84,105.03,RIGHT
11.9,17.22,11.74,STOP
94.55,13.1,46.48,LEFT
100.34,13.24,34.04,LEFT
5.44,114.22,82.14,FORWARD
92.31,12.44,35.21,LEFT
28.11,112.83,43.14,FORWARD
49.31,42.21,98.29,RIGHT
64.77,89.88,10.24,FORWARD
112.92,35.11,61.84,LEFT
9.25,5.16,15.25,STOP
17.73,81.48,118.04,FORWARD
81.54,29.43,61.83,LEFT
12.29,84.86,113.92,FORWARD
8.69,11.53,17.55,STOP
21.11,31.99,96.26,RIGHT
105.44,104.43,74.59,FORWARD
7.22,93.06,92.28,FORWARD
10.99,5.34,19.84,STOP
62.89,115.88,111.62,FORWARD
24.61,13.84,20.01,STOP
14.01,7.81,10.33,STOP
14.97,6.7,14.13,STOP
10.91,16.79,23.66,STOP
56.41,38.85,67.31,RIGHT
30.21,100.69,60.35,FORWARD
17.22,6.84,11.59,STOP
71.51,119.36,79.2,FORWARD
79.46,73.54,64.96,FORWARD
107.8,119.95,54.45,FORWARD
19.9,5.2,23.88,STOP
51.9,6.56,35.9,LEFT
76.03,18.05,76.74,RIGHT
10.19,8.2,5.02,STOP
39.79,9.97,60.41,RIGHT
57.98,11.55,69.98,LEFT
115.96,17.39,46.76,LEFT
91.77,110.7,71.32,FORWARD
21.03,75.84,112.93,FORWARD
88.58,19.75,21.76,LEFT
31.29,117.88,21.9,FORWARD
8.81,17.76,15.32,STOP
41.07,26.69,40.45,RIGHT
7.78,6.86,7.51,STOP
45.92,5.55,117.24,RIGHT
67.58,31.96,52.88,LEFT
74.72,74.91,67.59,FORWARD
106.42,111.38,44.48,FORWARD
60.43,59.84,16.12,FORWARD
103.89,16.64,52.68,LEFT
34.88,103.21,9.48,FORWARD
109.12,65.68,35.99,FORWARD
18.55,5.43,16.34,STOP
8.01,15.19,15.52,STOP
25.27,28.44,95.23,RIGHT
104.86,36.07,58.2,LEFT
119.47,27.85,65.66,LEFT
38.73,102.03,109.3,FORWARD
7.99,6.08,7.48,STOP
46.03,92.23,76.72,FORWARD
81.47,78.71,36.69,FORWARD
12.54,6.4,22.47,STOP
74.7,35.73,58.92,LEFT
69.96,24.42,50.25,LEFT
22.19,14.27,24.47,STOP
60.14,9.91,68.31,RIGHT
24.5,9.51,12.56,STOP
49.84,23.51,66.5,RIGHT
56.07,39.0,118.07,RIGHT
27.19,12.41,68.7,RIGHT
6.04,92.51,111.81,FORWARD
54.9,33.34,71.34,LEFT
107.09,104.85,76.83,FORWARD
24.99,18.42,24.28,STOP
7.88,9.67,6.4,STOP
73.34,32.26,45.28,RIGHT
10.37,6.18,6.53,STOP
83.05,14.88,78.42,LEFT
40.67,39.38,62.5,LEFT
73.36,17.4,41.0,LEFT
19.99,19.66,21.75,STOP
52.24,16.17,43.87,RIGHT
17.88,96.2,24.95,FORWARD
7.83,15.01,24.54,STOP
34.13,25.37,85.56,RIGHT
17.86,16.7,10.68,STOP
58.67,18.06,69.52,RIGHT
17.96,8.7,5.84,STOP
12.3,19.01,15.22,STOP
74.92,34.02,114.64,RIGHT
109.22,61.22,103.27,FORWARD
46.72,43.49,72.74,RIGHT
22.41,32.72,92.62,RIGHT
48.02,35.85,67.04,LEFT
11.22,5.72,16.05,STOP
68.33,18.93,63.06,RIGHT
50.08,39.76,41.42,RIGHT
75.24,118.01,37.41,FORWARD
33.07,39.21,116.67,RIGHT
44.18,38.9,48.11,LEFT
58.21,66.12,109.0,FORWARD
48.07,97.14,82.36,FORWARD
71.16,24.57,54.35,LEFT
59.84,115.01,93.29,FORWARD
109.8,43.44,76.25,LEFT
24.31,19.24,9.44,STOP
48.94,40.37,68.8,LEFT
74.03,42.43,63.28,LEFT
63.83,12.17,34.63,LEFT
47.34,12.04,77.2,RIGHT
77.06,40.83,86.72,RIGHT
53.36,21.24,63.19,LEFT
97.8,34.17,54.43,LEFT
54.81,7.34,89.7,RIGHT
57.43,5.58,79.76,RIGHT
102.91,34.75,78.22,LEFT
74.58,8.22,27.95,LEFT
57.67,10.96,118.27,RIGHT
83.64,7.08,78.83,LEFT
56.56,18.21,24.17,LEFT
15.55,14.23,15.58,STOP
11.32,18.94,15.32,STOP
27.38,110.81,76.33,FORWARD
56.62,10.92,53.1,LEFT
10.27,7.05,9.1,STOP
12.92,8.11,8.28,STOP
80.09,40.93,67.73,LEFT
40.8,60.5,35.91,FORWARD
79.34,30.56,97.37,RIGHT
112.98,6.6,62.16,LEFT
42.42,64.97,24.01,FORWARD
75.37,34.42,45.69,LEFT
61.19,29.3,102.95,RIGHT
61.05,58.15,51.02,FORWARD
22.85,80.53,52.51,FORWARD
38.28,27.99,58.02,RIGHT
17.33,11.65,17.76,STOP
65.35,90.55,51.52,FORWARD
96.54,21.47,28.63,LEFT
9.55,14.36,19.3,STOP
7.25,15.13,17.43,STOP
42.44,15.43,70.97,RIGHT
55.5,93.75,42.12,FORWARD
19.4,12.75,7.29,STOP
102.11,16.67,63.4,LEFT
19.97,5.41,20.52,STOP
19.91,10.48,17.47,STOP
26.51,18.68,65.12,RIGHT
82.76,83.35,28.41,FORWARD
105.29,73.56,80.75,FORWARD
6.29,16.0,5.72,STOP
15.54,19.39,17.8,STOP
36.59,111.35,37.05,FORWARD
94.76,62.37,106.17,FORWARD
34.51,20.68,67.53,RIGHT
22.81,11.15,12.33,STOP
14.22,66.69,15.5,FORWARD
56.76,6.15,58.21,RIGHT
22.9,10.41,11.61,STOP
116.19,69.02,53.18,FORWARD
72.79,23.05,56.35,RIGHT
71.42,40.89,60.96,LEFT
6.63,5.12,5.78,STOP
19.0,16.3,18.41,STOP
89.13,13.79,56.84,LEFT
81.89,75.11,32.25,FORWARD
60.94,41.28,59.58,RIGHT
31.09,29.72,57.61,RIGHT
20.48,13.12,6.91,STOP
111.56,72.59,61.28,FORWARD
22.5,15.43,5.14,STOP
113.92,92.14,112.7,FORWARD
5.04,15.93,7.17,STOP
42.84,32.32,63.75,RIGHT
28.02,12.83,54.07,RIGHT
24.26,6.26,104.51,RIGHT
40.85,65.38,89.52,FORWARD
56.36,7.43,53.08,LEFT
61.87,13.3,92.89,RIGHT
18.41,7.66,5.75,STOP
82.8,81.31,21.1,FORWARD
81.11,103.39,105.68,FORWARD
119.5,12.54,44.52,LEFT
50.42,39.53,57.86,RIGHT
15.79,114.89,49.4,FORWARD
12.31,17.65,6.86,STOP
117.58,99.04,79.77,FORWARD
39.91,44.08,68.38,RIGHT
41.37,70.15,53.45,FORWARD
94.3,8.59,58.49,LEFT
80.21,6.83,22.73,LEFT
29.46,29.14,72.76,RIGHT
26.19,18.19,93.4,RIGHT
12.69,13.14,6.13,STOP
55.28,8.04,44.6,RIGHT
26.3,110.55,114.88,FORWARD
65.66,10.33,59.32,RIGHT
11.06,19.02,23.39,STOP
17.98,19.94,16.66,STOP
56.49,26.34,37.34,LEFT
69.05,7.15,74.67,LEFT
95.93,80.66,38.29,FORWARD
85.92,26.1,74.25,LEFT
99.21,36.59,29.93,LEFT
110.15,28.86,42.87,LEFT
31.05,109.37,23.45,FORWARD
26.26,34.78,46.07,RIGHT
72.95,64.24,52.11,FORWARD
46.81,33.99,87.4,RIGHT
33.03,9.53,65.8,RIGHT
53.68,38.89,103.35,RIGHT
44.31,31.94,36.43,LEFT
94.68,96.7,22.41,FORWARD
36.14,11.6,115.91,RIGHT
14.52,89.54,71.0,FORWARD
75.56,97.85,100.24,FORWARD
40.89,17.57,37.86,LEFT
46.15,19.7,98.75,RIGHT
16.97,85.26,30.35,FORWARD
14.2,9.44,18.07,STOP
39.43,65.19,79.34,FORWARD
111.09,89.24,70.32,FORWARD
11.62,12.79,17.08,STOP
33.11,20.85,81.62,RIGHT
40.43,17.2,47.59,LEFT
16.97,113.16,40.9,FORWARD
90.15,63.86,21.73,FORWARD
28.81,57.22,46.26,FORWARD
79.37,15.47,57.82,RIGHT
67.26,44.13,109.65,RIGHT
101.8,24.04,78.0,LEFT
73.46,40.16,63.71,LEFT
113.36,19.21,24.41,LEFT
94.32,22.08,71.6,LEFT
71.12,19.22,101.62,RIGHT
80.59,34.82,74.89,LEFT
99.97,102.44,64.16,FORWARD
44.39,9.56,65.01,LEFT
16.39,12.83,12.75,STOP
60.12,32.79,42.35,LEFT
10.49,17.77,17.44,STOP
59.03,5.15,114.71,RIGHT
72.62,8.34,68.33,RIGHT
13.72,85.6,57.21,FORWARD
67.87,100.86,79.24,FORWARD
101.09,42.07,42.78,LEFT
35.56,34.68,113.86,RIGHT
24.37,19.3,19.58,STOP
17.51,17.61,6.91,STOP
104.09,110.35,47.4,FORWARD
70.72,18.91,116.65,RIGHT
48.69,28.91,62.41,RIGHT
76.85,85.57,11.34,FORWARD
80.72,69.24,51.23,FORWARD
64.63,43.73,100.43,RIGHT
10.66,7.88,10.11,STOP
22.83,5.3,18.99,STOP
47.28,29.04,64.81,LEFT
17.09,6.09,24.41,STOP
116.24,10.97,64.04,LEFT
13.51,10.17,22.02,STOP
89.85,90.19,23.79,FORWARD
24.08,8.3,10.71,STOP
76.81,17.64,114.49,RIGHT
43.58,19.86,37.88,LEFT
24.71,19.25,107.66,RIGHT
103.15,27.51,63.59,LEFT
5.78,6.43,11.51,STOP
24.94,29.38,78.85,RIGHT
47.3,64.34,71.68,FORWARD
6.2,14.36,17.64,STOP
20.14,13.28,6.2,STOP
11.32,17.33,23.8,STOP
19.6,15.12,17.3,STOP
63.49,113.88,54.91,FORWARD
13.65,8.92,7.55,STOP
14.93,5.3,16.88,STOP
13.68,14.17,11.41,STOP
100.63,43.77,52.1,LEFT
49.81,44.09,57.18,LEFT
87.92,7.24,26.05,LEFT
114.61,40.93,39.15,LEFT
24.24,13.85,20.36,STOP
60.44,35.4,70.87,RIGHT
110.11,15.11,58.65,LEFT
9.32,16.3,20.52,STOP
50.24,9.81,47.54,RIGHT
69.04,13.81,97.65,RIGHT
59.43,19.77,87.51,RIGHT
9.3,80.31,105.9,FORWARD
66.97,33.61,77.72,RIGHT
5.0,19.36,21.0,STOP
20.3,14.71,22.54,STOP
77.54,31.4,63.98,LEFT
12.21,112.04,57.82,FORWARD
51.06,32.93,75.33,LEFT
35.86,12.51,97.74,RIGHT
45.7,24.6,105.23,RIGHT
75.31,12.28,115.68,RIGHT
60.23,16.71,67.92,LEFT
82.46,13.16,69.24,LEFT
41.77,7.61,68.97,LEFT
95.04,14.94,66.75,LEFT
32.54,64.92,47.35,FORWARD
7.2,117.13,97.92,FORWARD
58.71,7.91,85.52,RIGHT
9.57,15.02,22.12,STOP
20.41,16.42,5.86,STOP
35.54,28.29,79.28,RIGHT
57.88,84.07,91.49,FORWARD
90.12,27.39,75.25,LEFT
61.59,79.08,90.29,FORWARD
13.16,10.99,23.58,STOP
87.58,119.71,59.24,FORWARD
72.97,29.61,87.42,RIGHT
10.71,14.01,14.72,STOP
66.79,6.35,66.95,RIGHT
108.83,106.8,85.63,FORWARD
86.43,26.7,34.32,LEFT
17.08,13.63,12.8,STOP
48.52,10.48,69.55,LEFT
17.32,15.0,17.9,STOP
17.87,10.66,8.0,STOP
105.15,21.83,24.49,LEFT
62.53,9.89,115.45,RIGHT
48.23,61.69,86.23,FORWARD
48.65,17.23,36.11,LEFT
29.08,81.41,30.36,FORWARD
65.1,19.28,72.43,RIGHT
61.47,25.67,47.45,RIGHT
119.64,21.7,27.66,LEFT
6.19,6.35,13.51,STOP
56.52,32.09,65.39,LEFT
66.45,19.99,58.02,LEFT
61.92,35.22,104.2,RIGHT
73.89,26.58,28.19,LEFT
90.19,87.56,12.94,FORWARD
25.28,114.7,49.23,FORWARD
71.76,28.22,111.6,RIGHT
39.84,92.11,72.37,FORWARD
15.15,8.84,5.59,STOP
64.54,87.76,73.45,FORWARD
23.95,8.72,9.68,STOP
11.79,5.83,13.94,STOP
90.43,38.5,53.56,LEFT
48.09,30.3,62.97,RIGHT
11.84,13.87,24.67,STOP
17.58,15.86,18.21,STOP
24.56,9.8,21.92,STOP
22.67,17.79,6.35,STOP
105.4,41.78,24.9,LEFT
7.3,6.58,23.76,STOP
13.82,18.79,16.17,STOP
54.55,65.56,39.11,FORWARD
16.18,69.01,108.0,FORWARD
6.29,7.36,19.25,STOP
105.97,91.49,106.12,FORWARD
64.01,17.08,47.8,RIGHT
62.26,44.5,45.14,RIGHT
75.64,12.23,92.83,RIGHT
76.31,109.4,26.23,FORWARD
52.33,12.71,60.91,LEFT
67.57,21.42,88.81,RIGHT
11.24,5.66,11.39,STOP
37.71,41.86,83.25,RIGHT
7.16,9.62,18.91,STOP
47.3,19.42,68.27,LEFT
108.44,35.58,56.68,LEFT
6.88,5.67,9.79,STOP
16.73,16.15,16.16,STOP
44.06,36.28,50.0,RIGHT
18.21,91.52,44.68,FORWARD
17.24,19.64,24.93,STOP
29.18,20.65,118.19,RIGHT
72.24,32.26,96.72,RIGHT
8.34,18.54,13.34,STOP
97.43,6.4,47.8,LEFT
36.52,24.13,61.1,RIGHT
18.4,17.54,12.73,STOP
65.7,20.38,89.52,RIGHT
40.2,34.43,104.21,RIGHT
56.71,10.02,55.94,LEFT
61.07,57.58,54.49,FORWARD
29.62,18.8,92.8,RIGHT
22.91,8.12,9.07,STOP
77.36,31.92,48.8,LEFT
7.59,12.41,22.18,STOP
53.74,25.88,73.03,LEFT
76.5,26.92,45.52,RIGHT
13.52,19.15,18.79,STOP
16.59,10.85,13.15,STOP
22.61,38.43,57.55,RIGHT
62.85,19.49,67.17,LEFT
42.05,24.62,55.24,LEFT
34.87,5.26,63.85,RIGHT
104.31,17.43,40.96,LEFT
66.47,26.12,34.25,LEFT
59.42,111.47,93.15,FORWARD
38.36,62.02,60.81,FORWARD
61.75,19.21,58.44,RIGHT
110.51,117.26,109.67,FORWARD
21.19,18.22,23.71,STOP
20.19,17.23,119.56,RIGHT
72.99,41.78,110.2,RIGHT
17.64,9.74,16.14,STOP
16.03,15.34,24.51,STOP
70.77,93.89,60.5,FORWARD
31.11,32.73,57.17,RIGHT
23.48,9.75,17.7,STOP
13.61,17.33,8.3,STOP
43.55,101.14,59.9,FORWARD
6.35,8.58,7.14,STOP
23.49,8.99,15.52,STOP
78.26,20.93,117.85,RIGHT
80.73,93.08,17.27,FORWARD
109.17,8.83,38.42,LEFT
47.04,7.9,48.83,RIGHT
65.31,20.62,84.23,RIGHT
118.17,88.81,29.19,FORWARD
63.68,25.46,42.06,LEFT
33.61,14.63,73.73,RIGHT
83.84,75.84,23.62,FORWARD
25.17,84.04,117.09,FORWARD
10.27,9.62,12.92,STOP
12.45,6.17,12.8,STOP
105.55,30.15,78.15,LEFT
20.48,31.07,82.8,RIGHT
35.54,100.02,21.48,FORWARD
46.4,20.37,72.43,RIGHT
9.4,16.74,13.33,STOP
119.81,113.1,56.79,FORWARD
82.14,37.83,46.07,LEFT
12.79,19.04,19.74,STOP
58.16,21.05,76.77,LEFT
63.3,37.79,119.96,RIGHT
118.12,82.68,55.06,FORWARD
62.3,31.35,67.74,LEFT
106.51,44.0,47.14,LEFT
70.27,31.8,61.28,RIGHT
8.86,6.3,20.32,STOP
47.44,86.61,70.65,FORWARD
49.16,27.61,59.26,LEFT
46.02,28.0,109.03,RIGHT
50.57,44.68,37.31,LEFT
60.84,77.77,89.69,FORWARD
12.62,9.5,16.38,STOP
108.24,41.52,29.41,LEFT
14.96,18.51,6.65,STOP
5.16,112.79,82.83,FORWARD
93.23,107.17,99.11,FORWARD
96.7,104.0,16.89,FORWARD
112.23,11.88,67.09,LEFT
97.29,44.93,38.68,LEFT
91.33,26.57,34.69,LEFT
37.43,24.96,70.93,RIGHT
106.47,40.49,22.46,LEFT
74.13,95.74,82.51,FORWARD
34.0,32.92,93.4,RIGHT
65.5,17.34,41.53,LEFT
80.66,34.15,69.2,LEFT
23.5,11.76,58.48,RIGHT
65.11,58.4,117.36,FORWARD
80.77,71.71,68.09,FORWARD
100.65,96.41,108.26,FORWARD
55.78,116.59,69.79,FORWARD
110.91,77.05,10.16,FORWARD
97.42,24.75,60.82,LEFT
9.36,17.93,6.19,STOP
73.71,20.05,73.86,LEFT
5.81,15.84,23.13,STOP
15.12,7.86,23.46,STOP
62.59,38.18,41.01,LEFT
20.12,10.09,8.16,STOP
78.54,32.97,49.31,LEFT
73.64,57.52,54.0,FORWARD
100.61,12.85,47.8,LEFT
41.66,96.99,58.78,FORWARD
41.47,34.6,100.46,RIGHT
21.78,9.9,15.69,STOP
16.12,11.34,24.4,STOP
93.1,42.2,41.73,LEFT
72.59,57.01,29.84,FORWARD
17.82,89.69,86.91,FORWARD
55.04,11.33,24.69,LEFT
22.43,55.63,58.35,FORWARD
43.13,35.09,73.74,RIGHT
118.8,22.1,70.71,LEFT
10.04,17.4,15.92,STOP
61.65,103.07,46.56,FORWARD
19.77,7.41,10.65,STOP
10.71,11.42,8.42,STOP
104.4,21.79,21.3,LEFT
38.9,25.58,78.99,RIGHT
22.53,5.64,14.42,STOP
46.88,32.45,61.55,RIGHT
73.85,94.85,76.86,FORWARD
105.46,23.22,73.89,LEFT
41.72,58.11,52.29,FORWARD
65.61,55.05,88.26,FORWARD
8.39,5.18,13.47,STOP
70.36,44.11,101.47,RIGHT
17.2,5.8,17.6,STOP
18.53,12.72,13.16,STOP
73.22,37.73,82.75,RIGHT
64.61,118.36,7.08,FORWARD
98.51,32.55,40.04,LEFT
14.36,89.42,111.85,FORWARD
14.65,7.26,5.69,STOP
5.32,14.09,12.64,STOP
89.0,39.95,47.04,LEFT
86.31,26.53,57.89,LEFT
92.2,70.91,10.8,FORWARD
24.58,6.7,8.53,STOP
84.83,42.87,66.85,LEFT
73.18,34.18,61.5,RIGHT
107.03,101.1,72.04,FORWARD
89.46,60.18,102.77,FORWARD
108.1,16.2,68.49,LEFT
51.33,17.83,106.82,RIGHT
118.17,73.41,109.97,FORWARD
70.41,28.78,30.02,LEFT
41.98,32.81,67.81,RIGHT
63.8,93.41,101.15,FORWARD
85.78,58.48,89.45,FORWARD
79.35,11.93,38.78,LEFT
105.12,71.25,64.57,FORWARD
18.34,17.47,7.02,STOP
48.04,11.02,91.0,RIGHT
20.02,6.18,12.08,STOP
20.58,15.7,47.7,RIGHT
47.99,13.62,70.29,LEFT
29.57,26.41,90.91,RIGHT
45.92,11.2,54.39,RIGHT
34.42,27.47,47.31,RIGHT
13.24,17.32,16.59,STOP
76.48,39.22,60.96,LEFT
56.57,82.61,70.11,FORWARD
23.21,8.25,73.13,RIGHT
100.38,91.58,56.13,FORWARD
8.65,17.61,6.42,STOP
12.84,15.29,21.51,STOP
24.08,115.68,33.72,FORWARD
66.71,44.92,54.34,RIGHT
82.57,9.13,50.14,LEFT
7.36,11.0,6.31,STOP
54.42,22.33,98.15,RIGHT
92.43,61.41,6.18,FORWARD
54.23,26.52,44.64,RIGHT
93.68,40.2,53.41,LEFT
94.91,41.24,21.15,LEFT
6.25,75.45,119.73,FORWARD
56.09,27.58,46.3,LEFT
7.17,13.63,9.31,STOP
41.57,27.93,98.85,RIGHT
21.06,43.21,58.65,RIGHT
88.77,14.74,57.62,LEFT
58.99,6.49,62.49,LEFT
44.46,40.07,29.48,LEFT
76.74,17.64,68.61,RIGHT
20.02,18.4,5.85,STOP
79.25,37.75,37.47,LEFT
94.96,28.25,65.82,LEFT
52.9,84.18,19.93,FORWARD
62.36,12.02,77.21,LEFT
60.54,69.28,101.5,FORWARD
73.31,8.93,65.78,RIGHT
62.88,33.51,39.55,LEFT
79.84,36.9,49.45,RIGHT
50.0,6.87,91.58,RIGHT
16.66,102.36,73.65,FORWARD
14.09,5.18,9.96,STOP
24.35,17.06,19.13,STOP
64.77,12.42,60.95,LEFT
98.82,101.82,69.85,FORWARD
10.19,10.63,23.94,STOP
102.08,98.52,114.13,FORWARD
20.86,17.82,108.49,RIGHT
98.86,27.29,72.13,LEFT
10.1,8.46,24.43,STOP
20.94,13.6,14.35,STOP
47.76,44.85,67.38,LEFT
47.85,27.1,52.32,RIGHT
49.43,7.56,20.02,LEFT
43.27,44.76,48.14,RIGHT
18.91,15.88,8.16,STOP
15.4,16.04,18.18,STOP
14.86,13.78,12.69,STOP
5.79,12.67,12.95,STOP
50.23,43.52,76.12,LEFT
22.07,8.19,5.11,STOP
66.19,89.1,45.39,FORWARD
18.22,6.39,18.73,STOP
63.04,36.26,42.88,RIGHT
111.25,7.66,34.17,LEFT
69.79,15.86,77.02,LEFT
31.03,28.31,109.96,RIGHT
74.53,31.53,83.8,RIGHT
30.54,104.16,99.64,FORWARD
6.46,12.17,8.87,STOP
61.65,67.43,24.25,FORWARD
64.47,7.92,44.92,RIGHT
15.39,16.45,15.43,STOP
13.82,8.14,7.02,STOP
18.87,6.61,7.13,STOP
96.69,82.94,80.75,FORWARD
115.62,35.73,69.96,LEFT
14.02,89.08,80.52,FORWARD
82.72,23.91,78.26,LEFT
70.04,6.26,37.46,LEFT
98.38,12.69,76.49,LEFT
107.72,37.56,24.99,LEFT
42.97,92.09,6.38,FORWARD
115.77,104.81,24.52,FORWARD
107.84,42.73,63.32,LEFT
104.71,76.41,95.21,FORWARD
68.67,38.21,53.52,RIGHT
99.64,12.06,48.95,LEFT
45.76,41.54,93.4,RIGHT
16.19,13.51,13.16,STOP
116.17,106.83,52.38,FORWARD
72.88,60.42,10.9,FORWARD
50.13,116.35,81.12,FORWARD
6.7,13.69,17.69,STOP
87.15,55.35,95.86,FORWARD
108.5,12.76,57.33,LEFT
94.27,9.11,78.03,LEFT
53.81,40.08,45.95,LEFT
8.91,16.5,19.76,STOP
6.67,92.5,53.14,FORWARD
39.88,55.35,28.49,FORWARD
56.2,32.89,38.86,LEFT
113.09,31.17,49.98,LEFT
112.14,38.09,40.09,LEFT
7.72,92.75,52.23,FORWARD
98.78,84.94,36.18,FORWARD
21.66,11.92,8.25,STOP
14.08,95.89,9.42,FORWARD
93.74,21.16,70.89,LEFT
102.54,10.48,59.01,LEFT
12.94,107.68,60.22,FORWARD
23.44,6.17,112.12,RIGHT
42.36,10.21,111.42,RIGHT
93.97,32.38,41.25,LEFT
25.47,25.73,91.05,RIGHT
18.32,78.18,113.64,FORWARD
42.45,13.44,109.31,RIGHT
16.47,12.44,14.87,STOP
16.57,106.68,82.79,FORWARD
112.19,117.5,66.21,FORWARD
22.69,19.87,41.87,RIGHT
50.38,40.69,116.92,RIGHT
74.64,15.92,33.56,LEFT
24.23,18.69,10.88,STOP
88.11,110.0,79.05,FORWARD
6.49,7.58,24.01,STOP
101.77,37.29,74.36,LEFT
64.76,17.58,40.58,RIGHT
20.89,12.86,19.05,STOP
39.48,109.94,39.68,FORWARD
115.42,5.35,67.89,LEFT
54.71,15.47,105.93,RIGHT
6.3,14.39,7.99,STOP
60.05,19.07,67.16,RIGHT
18.35,88.07,27.42,FORWARD
102.82,13.6,59.12,LEFT
5.22,19.81,21.9,STOP
76.89,43.34,103.48,RIGHT
21.95,8.32,15.97,STOP
113.64,97.13,30.15,FORWARD
51.35,15.36,47.72,LEFT
106.03,111.6,28.96,FORWARD
94.37,109.67,57.3,FORWARD
98.83,100.37,48.89,FORWARD
20.61,17.53,14.42,STOP
103.4,8.65,58.46,LEFT
16.6,6.3,12.77,STOP
74.3,28.49,73.55,LEFT
46.42,75.78,67.3,FORWARD
96.6,110.47,48.45,FORWARD
106.04,101.8,79.73,FORWARD
21.01,64.2,30.01,FORWARD
59.61,21.49,109.02,RIGHT
71.64,29.16,56.55,LEFT
33.8,22.52,82.28,RIGHT
89.6,58.71,82.48,FORWARD
13.77,12.4,5.57,STOP
24.81,12.87,7.11,STOP
61.96,31.22,64.75,RIGHT
77.4,6.72,96.45,RIGHT
16.16,14.79,11.58,STOP
29.14,114.05,75.47,FORWARD
74.4,110.97,89.53,FORWARD
25.15,95.43,72.46,FORWARD
74.77,22.45,51.34,LEFT
52.08,43.02,88.25,RIGHT
15.32,13.7,5.49,STOP
94.09,61.95,67.63,FORWARD
34.76,5.08,43.46,RIGHT
43.28,9.2,92.4,RIGHT
24.62,15.4,11.28,STOP
73.72,41.42,78.89,RIGHT
18.04,12.4,7.54,STOP
65.91,63.82,100.28,FORWARD
98.09,112.17,108.53,FORWARD
6.19,6.19,13.8,STOP
13.74,13.53,21.72,STOP
63.15,30.22,64.19,RIGHT
20.54,16.84,23.05,STOP
23.36,6.27,16.33,STOP
36.5,36.2,52.68,RIGHT
40.21,12.24,45.12,LEFT
70.62,24.78,118.44,RIGHT
84.31,13.69,34.61,LEFT
88.3,62.64,54.16,FORWARD
11.85,15.17,9.96,STOP
87.1,98.6,78.72,FORWARD
85.29,68.08,37.95,FORWARD
71.88,27.31,32.09,LEFT
8.51,64.28,12.7,FORWARD
99.54,38.76,41.55,LEFT
19.73,18.92,7.59,STOP
18.9,12.99,15.61,STOP
14.02,66.14,33.55,FORWARD
95.26,32.13,67.88,LEFT
59.73,35.61,61.8,LEFT
85.07,11.87,51.39,LEFT
78.61,28.52,112.95,RIGHT
80.97,27.05,64.45,LEFT
20.97,84.51,114.42,FORWARD
70.65,32.31,33.92,LEFT
71.07,26.64,114.96,RIGHT
49.22,62.02,19.84,FORWARD
29.78,13.9,69.95,RIGHT
74.91,17.32,60.61,LEFT
83.16,66.06,109.9,FORWARD
79.71,115.01,44.25,FORWARD
36.59,72.11,87.92,FORWARD
101.67,36.9,58.47,LEFT
104.18,28.55,21.87,LEFT
64.31,8.79,102.52,RIGHT
88.06,84.47,70.16,FORWARD
18.0,16.77,22.3,STOP
14.81,75.25,97.44,FORWARD
20.72,9.93,6.24,STOP
113.41,60.91,89.43,FORWARD
10.26,107.83,76.2,FORWARD
75.89,28.9,90.64,RIGHT
42.57,18.62,56.57,LEFT
55.93,16.11,41.11,RIGHT
119.61,115.2,42.52,FORWARD
90.66,8.99,47.96,LEFT
112.74,94.11,67.58,FORWARD
18.3,15.49,22.08,STOP
42.57,14.09,65.41,LEFT
66.75,67.43,15.34,FORWARD
68.19,23.28,55.34,LEFT
78.04,38.83,84.73,RIGHT
19.77,102.12,63.01,FORWARD
24.19,60.83,70.46,FORWARD
23.79,17.81,90.73,RIGHT
48.89,40.59,52.01,LEFT
29.64,6.41,109.65,RIGHT
99.61,25.81,28.66,LEFT
53.02,83.13,76.91,FORWARD
105.69,35.74,51.36,LEFT
43.57,5.24,40.45,LEFT
15.21,10.98,16.94,STOP
21.39,17.17,55.36,RIGHT
77.56,12.12,40.02,RIGHT
115.79,87.36,81.7,FORWARD
11.53,15.95,11.92,STOP
39.1,75.49,26.86,FORWARD
17.26,7.56,10.28,STOP
59.3,18.19,48.32,LEFT
46.39,32.31,33.81,LEFT
67.64,41.56,109.82,RIGHT
12.15,86.97,40.69,FORWARD
64.91,83.49,103.73,FORWARD
9.61,16.64,21.06,STOP
74.68,6.74,102.33,RIGHT
52.29,6.18,52.27,RIGHT
27.42,20.76,47.16,RIGHT
115.61,27.3,49.6,LEFT
71.95,9.46,109.39,RIGHT
43.55,37.58,57.35,LEFT
12.67,15.7,11.85,STOP
99.54,58.38,71.33,FORWARD
91.51,43.63,23.67,LEFT
40.85,61.88,53.61,FORWARD
21.95,9.21,23.02,STOP
104.74,95.16,94.68,FORWARD
10.55,5.9,16.6,STOP
9.64,14.63,23.87,STOP
28.57,113.26,99.81,FORWARD
5.88,7.34,13.66,STOP
36.14,33.26,85.66,RIGHT
70.54,113.87,39.49,FORWARD
16.32,5.12,11.94,STOP
19.35,17.49,12.54,STOP
79.79,24.01,60.91,RIGHT
44.07,20.51,67.68,LEFT
24.24,96.83,89.25,FORWARD
81.77,114.79,34.46,FORWARD
11.52,19.98,24.82,STOP
6.92,7.15,9.44,STOP
7.83,63.81,27.57,FORWARD
64.21,38.13,43.34,LEFT
61.56,38.48,70.21,LEFT
98.38,14.62,74.31,LEFT
11.92,17.62,23.84,STOP
107.69,39.04,48.31,LEFT
9.65,14.29,6.45,STOP
72.84,78.15,88.38,FORWARD
21.37,15.57,107.35,RIGHT
41.04,65.47,27.14,FORWARD
78.24,25.08,104.88,RIGHT
64.1,19.55,22.75,LEFT
42.03,10.73,63.62,LEFT
118.58,107.38,50.07,FORWARD
14.89,18.92,8.48,STOP
33.43,38.26,93.07,RIGHT
18.36,16.89,19.92,STOP
115.93,32.16,76.1,LEFT
75.57,39.8,90.85,RIGHT
48.31,20.17,83.43,RIGHT
9.83,10.68,15.01,STOP
36.84,103.25,93.16,FORWARD
62.37,93.1,18.84,FORWARD
17.25,5.59,8.34,STOP
48.07,94.39,21.04,FORWARD
10.23,17.07,23.92,STOP
43.56,12.23,53.54,LEFT
106.48,89.44,37.42,FORWARD
5.78,16.89,13.99,STOP
55.34,34.81,58.4,RIGHT
102.27,35.41,45.76,LEFT
76.62,30.3,40.76,RIGHT
8.75,16.52,6.52,STOP
16.49,8.18,7.1,STOP
36.33,27.06,74.48,RIGHT
16.01,6.82,19.41,STOP
111.21,40.52,31.98,LEFT
49.9,11.38,61.49,RIGHT
53.93,72.41,45.61,FORWARD
104.84,77.08,52.11,FORWARD
115.87,94.29,102.03,FORWARD
42.85,42.9,68.56,RIGHT
104.26,84.07,89.7,FORWARD
93.9,6.61,21.58,LEFT
30.06,70.7,56.0,FORWARD
9.68,103.41,91.25,FORWARD
94.74,115.1,52.8,FORWARD
20.79,33.01,47.85,RIGHT
46.74,25.71,50.02,LEFT
89.74,64.63,32.49,FORWARD
46.37,24.49,66.88,RIGHT
63.15,15.61,35.56,LEFT
118.1,105.08,116.12,FORWARD
12.49,5.1,12.71,STOP
92.96,115.48,113.27,FORWARD
75.84,100.89,21.92,FORWARD
23.7,15.47,12.35,STOP
43.79,32.59,79.56,RIGHT
7.66,19.88,11.64,STOP
70.67,39.78,70.02,RIGHT
32.68,94.95,50.11,FORWARD
23.54,79.46,32.83,FORWARD
9.96,97.09,75.12,FORWARD
11.09,10.67,16.24,STOP
76.72,27.6,96.45,RIGHT
64.75,25.82,95.86,RIGHT
61.16,35.89,119.49,RIGHT
23.53,10.62,17.18,STOP
12.61,19.53,10.24,STOP
112.18,105.13,41.25,FORWARD
20.69,44.23,99.68,RIGHT
25.96,38.93,68.12,RIGHT
58.39,18.27,22.1,LEFT
63.35,85.99,43.62,FORWARD
19.26,5.96,13.58,STOP
13.53,15.14,13.81,STOP
79.77,13.2,81.07,RIGHT
85.25,6.77,63.91,LEFT
6.14,72.15,83.59,FORWARD
30.7,34.03,116.6,RIGHT
44.26,5.23,79.35,RIGHT
84.44,38.05,73.04,LEFT
101.12,61.48,56.88,FORWARD
80.11,73.77,91.41,FORWARD
108.64,24.19,41.27,LEFT
44.1,7.2,44.78,LEFT
15.27,17.63,9.13,STOP
9.11,14.04,6.48,STOP
77.43,13.91,89.48,RIGHT
14.78,10.08,19.56,STOP
15.83,8.26,8.61,STOP
76.41,66.47,88.98,FORWARD
81.19,104.33,86.02,FORWARD
56.05,41.68,28.6,LEFT
8.9,8.37,6.67,STOP
19.26,16.87,20.8,STOP
74.82,114.58,117.3,FORWARD
89.39,39.09,69.16,LEFT
45.23,42.94,59.2,RIGHT
106.29,30.84,37.13,LEFT
118.6,89.75,84.54,FORWARD
50.9,43.36,58.74,LEFT
70.97,13.34,23.87,LEFT
22.97,17.23,19.76,STOP
70.92,18.7,51.51,LEFT
45.86,26.05,62.44,RIGHT
19.98,8.48,18.69,STOP
21.9,16.48,18.73,STOP
85.04,115.67,81.09,FORWARD
18.31,8.11,18.06,STOP
57.44,12.76,105.2,RIGHT
39.86,41.75,92.87,RIGHT
19.51,17.26,7.54,STOP
59.18,116.81,51.74,FORWARD
60.87,17.51,57.43,RIGHT
13.2,19.54,21.69,STOP
104.73,9.93,37.54,LEFT
106.82,11.15,26.19,LEFT
44.09,11.42,85.76,RIGHT
107.47,35.97,45.65,LEFT
21.27,8.21,20.25,STOP
31.86,83.11,82.8,FORWARD
14.28,11.08,18.7,STOP
61.17,32.61,103.23,RIGHT
103.09,39.12,43.5,LEFT
5.56,5.85,17.47,STOP
24.31,8.23,21.25,STOP
15.5,116.14,9.64,FORWARD
83.39,26.71,58.76,LEFT
48.36,29.58,29.46,LEFT
21.91,114.8,27.44,FORWARD
69.78,33.69,63.81,RIGHT
91.77,44.42,21.66,LEFT
39.56,20.49,67.75,RIGHT
52.36,108.54,76.61,FORWARD
7.24,8.39,10.32,STOP
71.84,21.62,77.45,LEFT
24.21,95.21,74.69,FORWARD
76.02,9.18,35.65,LEFT
23.12,25.98,111.87,RIGHT
42.62,14.44,85.43,RIGHT
40.05,87.93,74.94,FORWARD
8.49,111.64,104.64,FORWARD
111.65,11.79,36.25,LEFT
23.4,92.17,27.11,FORWARD
9.14,92.33,7.3,FORWARD
82.27,68.38,89.12,FORWARD
22.48,57.17,53.18,FORWARD
105.27,5.99,51.92,LEFT
20.39,5.95,7.31,STOP
22.75,5.75,24.43,STOP
62.81,27.28,35.75,LEFT
19.43,16.71,16.45,STOP
74.66,68.6,107.99,FORWARD
85.26,37.15,50.17,LEFT
12.65,7.23,23.57,STOP
113.8,43.09,21.01,LEFT
15.81,18.67,5.04,STOP
56.13,18.09,75.09,LEFT
23.71,17.34,22.44,STOP
18.34,13.37,13.69,STOP
14.13,55.77,31.71,FORWARD
40.16,8.3,60.4,RIGHT
111.27,5.51,67.85,LEFT
72.12,13.53,84.93,RIGHT
16.63,6.86,23.89,STOP
85.53,27.4,76.46,LEFT
23.27,17.35,9.95,STOP
115.74,70.19,51.31,FORWARD
35.06,19.68,91.55,RIGHT
36.34,42.47,61.21,RIGHT
78.85,16.07,53.34,LEFT
33.21,13.95,71.21,RIGHT
23.24,34.87,80.89,RIGHT
95.87,37.57,73.67,LEFT
30.38,36.01,52.3,RIGHT
58.49,34.92,42.45,LEFT
114.34,94.42,7.01,FORWARD
38.11,17.01,46.3,RIGHT
26.95,30.56,91.35,RIGHT
118.05,12.41,60.34,LEFT
39.95,119.12,23.93,FORWARD
17.89,14.8,8.97,STOP
78.19,111.17,55.55,FORWARD
21.94,56.27,92.64,FORWARD
62.8,112.27,46.08,FORWARD
41.49,7.91,75.92,LEFT
17.66,119.96,57.78,FORWARD
7.96,14.79,11.69,STOP
73.8,94.2,51.22,FORWARD
40.05,10.67,79.93,RIGHT
78.6,18.13,75.9,LEFT
45.07,11.47,40.14,RIGHT
71.93,40.35,113.22,RIGHT
54.51,117.35,104.82,FORWARD
49.49,36.86,110.87,RIGHT
39.85,40.84,91.84,RIGHT
94.95,34.75,57.37,LEFT
69.99,30.88,93.1,RIGHT
118.64,43.02,72.56,LEFT
8.67,6.65,8.73,STOP
65.05,25.47,82.99,RIGHT
111.54,24.03,37.4,LEFT
81.94,23.75,53.0,LEFT
17.32,11.12,16.18,STOP
51.17,87.73,11.41,FORWARD
53.35,5.77,28.22,LEFT
33.42,38.58,56.05,RIGHT
65.06,112.28,12.65,FORWARD
8.34,16.71,17.47,STOP
106.08,81.83,104.24,FORWARD
13.93,10.14,10.3,STOP
12.64,89.51,117.41,FORWARD
107.94,86.8,48.34,FORWARD
16.61,7.93,8.28,STOP
58.54,111.4,49.6,FORWARD
63.41,19.29,38.22,LEFT
17.62,112.97,57.98,FORWARD
93.53,31.73,75.41,LEFT
42.54,68.51,68.52,FORWARD
10.26,5.55,11.45,STOP
94.08,25.03,75.97,LEFT
24.94,19.96,23.95,STOP
40.38,31.98,99.08,RIGHT
43.02,20.95,52.72,LEFT
12.19,7.76,20.38,STOP
79.0,34.08,74.47,RIGHT
66.81,34.92,86.91,RIGHT
48.74,18.71,92.55,RIGHT
93.82,83.73,69.79,FORWARD
86.3,96.62,56.64,FORWARD
95.73,119.74,16.72,FORWARD
66.61,32.75,75.93,LEFT
109.76,38.48,21.5,LEFT
28.79,16.57,75.78,RIGHT
103.68,9.06,54.97,LEFT
66.79,19.35,52.2,RIGHT
12.77,13.02,16.44,STOP
54.91,7.57,24.64,LEFT
12.96,16.23,16.13,STOP
61.28,40.7,109.82,RIGHT
95.52,39.52,75.66,LEFT
97.25,12.63,47.71,LEFT
10.21,17.25,6.82,STOP
21.52,13.63,16.22,STOP
110.93,23.55,75.99,LEFT
20.48,5.12,22.96,STOP
5.32,15.31,21.37,STOP
107.71,33.63,65.31,LEFT
54.0,32.9,70.11,LEFT
72.45,33.08,93.59,RIGHT
50.2,6.09,63.03,RIGHT
58.07,29.49,55.72,LEFT
67.25,112.7,72.46,FORWARD
72.17,43.69,72.43,LEFT
65.71,15.08,45.39,LEFT
109.72,28.08,69.92,LEFT
69.33,5.88,83.06,RIGHT
60.35,42.66,83.33,RIGHT
17.49,16.46,9.4,STOP
11.37,12.68,22.97,STOP
11.43,17.27,19.9,STOP
50.46,14.71,78.7,RIGHT
66.98,13.86,88.83,RIGHT
15.63,11.71,20.21,STOP
7.73,7.97,24.19,STOP
103.35,19.07,28.04,LEFT
9.03,13.03,16.96,STOP
49.61,26.74,56.85,RIGHT
115.11,105.79,14.37,FORWARD
43.5,27.29,89.0,RIGHT
32.82,88.35,111.78,FORWARD
24.2,81.6,26.65,FORWARD
48.06,5.14,56.22,RIGHT
104.89,59.59,81.79,FORWARD
22.28,7.55,75.67,RIGHT
69.5,22.3,105.63,RIGHT
14.74,19.25,14.05,STOP
52.19,87.05,88.2,FORWARD
45.74,31.31,82.08,RIGHT
6.55,6.3,22.61,STOP
68.27,12.3,94.15,RIGHT
61.97,8.28,65.07,LEFT
114.26,77.9,19.96,FORWARD
119.59,7.85,77.45,LEFT
18.9,14.16,6.58,STOP
7.59,5.38,5.0,STOP
112.74,10.47,57.79,LEFT
9.03,18.31,20.04,STOP
85.94,10.84,50.37,LEFT
6.24,15.98,14.21,STOP
17.66,18.12,8.64,STOP
107.76,9.25,43.58,LEFT
75.69,43.78,50.04,RIGHT
41.62,25.45,70.96,LEFT
95.17,27.02,71.9,LEFT
28.51,42.91,89.96,RIGHT
11.68,17.75,5.3,STOP
15.08,11.92,8.41,STOP
25.4,55.6,12.94,FORWARD
21.94,8.9,8.37,STOP
8.71,17.25,9.21,STOP
60.43,44.72,70.31,LEFT
19.26,9.91,5.86,STOP
19.65,11.54,11.97,STOP
45.58,7.69,106.92,RIGHT
10.34,61.58,77.71,FORWARD
14.71,12.1,11.52,STOP
15.41,13.97,20.8,STOP
48.24,37.7,39.61,LEFT
108.98,80.12,94.36,FORWARD
97.44,6.22,34.3,LEFT
86.49,29.51,49.38,LEFT
77.02,58.06,112.49,FORWARD
53.14,25.99,50.42,LEFT
22.69,17.71,16.72,STOP
29.8,69.64,52.82,FORWARD
22.34,6.61,86.36,RIGHT
80.5,84.62,15.06,FORWARD
52.03,102.03,60.66,FORWARD
31.31,67.74,72.79,FORWARD
115.02,36.56,23.43,LEFT
12.28,9.25,11.95,STOP
20.3,26.3,97.01,RIGHT
19.06,5.39,17.3,STOP
21.87,18.99,5.24,STOP
17.93,17.8,11.96,STOP
20.2,41.51,52.95,RIGHT
74.89,91.02,76.1,FORWARD
35.77,55.6,32.07,FORWARD
33.38,5.83,59.38,RIGHT
62.99,20.78,21.56,LEFT
20.53,12.29,12.54,STOP
13.25,111.78,54.09,FORWARD
44.57,41.05,116.53,RIGHT
22.29,41.01,58.44,RIGHT
80.08,10.59,73.82,LEFT
57.87,43.83,58.62,LEFT
79.96,44.32,88.6,RIGHT
44.66,23.68,63.19,LEFT
29.72,81.87,86.59,FORWARD
88.74,42.01,77.46,LEFT
20.09,11.21,20.62,STOP
78.17,25.47,108.47,RIGHT
88.88,35.56,61.77,LEFT
98.19,14.06,60.02,LEFT
6.5,8.21,22.75,STOP
56.25,34.58,56.59,LEFT
33.43,62.86,63.85,FORWARD
18.34,8.79,5.27,STOP
75.94,18.63,91.45,RIGHT
16.73,9.41,20.05,STOP
12.87,8.57,19.63,STOP
7.37,107.24,68.12,FORWARD
50.46,35.49,62.35,LEFT
22.73,81.91,102.04,FORWARD
5.57,61.54,32.25,FORWARD
11.45,12.85,15.41,STOP
62.52,23.66,44.67,RIGHT
14.01,5.89,7.4,STOP
19.29,70.0,55.92,FORWARD
44.33,17.11,29.66,LEFT
21.52,5.91,21.82,STOP
98.34,35.45,71.17,LEFT
105.88,91.61,59.16,FORWARD
54.57,25.27,75.27,RIGHT
45.98,5.65,52.1,LEFT
71.05,33.34,73.49,RIGHT
99.19,62.82,71.2,FORWARD
54.37,29.27,56.91,LEFT
87.0,8.46,51.64,LEFT
48.66,86.4,42.4,FORWARD
82.74,21.45,30.66,LEFT
72.12,79.17,104.24,FORWARD
21.38,16.32,10.91,STOP
41.85,24.03,69.77,LEFT
11.33,15.75,18.85,STOP
26.3,32.29,118.5,RIGHT
83.58,71.43,72.34,FORWARD
51.33,18.63,119.18,RIGHT
118.26,13.8,39.54,LEFT
34.56,39.19,110.6,RIGHT
105.23,90.21,26.46,FORWARD
20.48,7.09,24.9,STOP
60.81,26.53,30.72,LEFT
78.51,13.32,37.48,LEFT
115.04,41.69,53.84,LEFT
6.18,7.62,8.15,STOP
23.75,18.74,6.04,STOP
42.5,27.33,98.01,RIGHT
37.95,117.83,108.7,FORWARD
15.27,73.01,55.38,FORWARD
45.74,30.76,59.16,RIGHT
84.32,25.85,65.69,LEFT
68.91,38.74,105.33,RIGHT
78.25,27.45,44.5,RIGHT
91.32,73.18,9.48,FORWARD
110.21,78.83,112.24,FORWARD
11.68,15.17,9.27,STOP
72.63,40.61,30.55,LEFT
107.35,108.75,56.9,FORWARD
62.11,39.29,99.24,RIGHT
81.92,16.22,60.43,LEFT
28.87,22.35,93.41,RIGHT
112.85,16.38,76.55,LEFT
30.74,81.52,12.98,FORWARD
73.18,31.96,27.91,LEFT
7.69,7.51,20.8,STOP
19.24,8.47,19.59,STOP
24.33,16.61,9.1,STOP
78.6,35.35,65.58,LEFT
83.93,22.38,61.19,LEFT
78.96,43.95,44.12,RIGHT
85.79,61.33,69.48,FORWARD
14.85,119.83,51.61,FORWARD
109.84,28.66,67.73,LEFT
21.94,17.11,16.32,STOP
67.53,26.43,42.02,RIGHT
20.72,19.26,21.14,STOP
117.79,66.06,70.47,FORWARD
46.64,16.3,75.37,RIGHT
14.5,15.47,14.73,STOP
63.52,23.2,39.39,LEFT
50.14,21.32,117.66,RIGHT
73.19,60.8,63.16,FORWARD
15.58,5.25,12.53,STOP
14.06,9.0,14.63,STOP
38.72,80.06,40.97,FORWARD
48.0,18.29,44.07,LEFT
54.84,26.56,73.3,RIGHT
101.58,63.38,38.57,FORWARD
26.22,62.36,82.37,FORWARD
63.21,78.09,73.47,FORWARD
42.31,18.2,89.53,RIGHT
12.31,18.53,10.32,STOP
96.78,31.81,71.48,LEFT
75.85,12.81,58.95,LEFT
66.93,28.62,51.86,RIGHT
43.94,36.36,24.06,LEFT
115.09,32.32,61.52,LEFT
20.82,13.54,19.05,STOP
12.75,91.39,91.65,FORWARD
21.67,19.09,5.15,STOP
20.73,27.31,107.56,RIGHT
97.48,27.07,42.62,LEFT
106.98,17.45,34.91,LEFT
12.72,9.82,14.0,STOP
77.38,38.54,94.0,RIGHT
22.81,34.75,66.71,RIGHT
71.72,81.97,89.48,FORWARD
70.05,24.8,64.36,LEFT
5.09,7.05,22.51,STOP
32.46,41.61,62.2,RIGHT
61.03,13.92,43.88,LEFT
58.3,40.02,85.14,RIGHT
16.09,12.18,16.83,STOP
17.41,10.26,24.63,STOP
7.08,85.38,8.73,FORWARD
23.89,84.88,22.3,FORWARD
37.37,16.64,57.58,RIGHT
25.11,13.05,104.39,RIGHT
64.74,7.88,86.57,RIGHT
6.19,11.17,20.66,STOP
69.22,32.2,25.94,LEFT
60.35,93.96,11.19,FORWARD
9.11,12.81,6.25,STOP
60.87,24.19,56.1,RIGHT
44.51,9.97,85.06,RIGHT
23.02,11.92,13.05,STOP
88.98,27.12,62.25,LEFT
19.96,116.57,75.97,FORWARD
6.17,14.1,22.3,STOP
108.64,12.94,37.63,LEFT
19.13,17.18,17.84,STOP
87.22,6.16,60.31,LEFT
13.12,17.55,19.97,STOP
119.06,81.01,84.36,FORWARD
22.37,12.44,24.06,STOP
12.2,8.61,23.11,STOP
12.48,106.28,91.36,FORWARD
68.76,35.0,105.76,RIGHT
78.89,31.13,113.24,RIGHT
68.31,6.4,59.71,LEFT
28.42,20.68,71.49,RIGHT
9.39,5.26,10.37,STOP
69.53,18.19,118.36,RIGHT
20.46,6.39,12.77,STOP
45.13,43.09,104.03,RIGHT
55.83,33.18,115.44,RIGHT
41.94,35.18,42.98,RIGHT
71.38,35.67,107.22,RIGHT
75.21,8.41,66.32,LEFT
31.19,44.62,63.47,RIGHT
47.97,43.89,91.5,RIGHT
108.82,30.97,38.53,LEFT
22.94,16.99,9.38,STOP
50.56,82.36,7.9,FORWARD
57.99,62.59,26.03,FORWARD
18.21,15.59,23.85,STOP
40.59,41.05,98.44,RIGHT
36.35,87.51,40.24,FORWARD
109.58,23.73,53.21,LEFT
5.18,6.13,20.33,STOP
18.79,19.83,10.08,STOP
75.31,43.27,103.8,RIGHT
57.18,38.6,71.37,LEFT
68.87,68.99,37.24,FORWARD
67.56,32.74,77.33,LEFT
10.4,99.02,53.26,FORWARD
99.12,20.51,62.5,LEFT
102.13,23.32,50.87,LEFT
35.64,31.83,54.23,RIGHT
23.8,15.03,11.98,STOP
20.08,6.8,11.32,STOP
74.07,57.49,63.78,FORWARD
104.13,57.6,50.65,FORWARD
62.97,18.4,61.74,LEFT
21.01,12.15,22.56,STOP
8.74,111.08,18.85,FORWARD
19.82,17.17,24.59,STOP
19.67,82.17,28.51,FORWARD
60.72,90.15,105.52,FORWARD
57.22,40.76,93.76,RIGHT
98.16,39.85,68.52,LEFT
48.75,59.28,37.52,FORWARD
17.29,18.46,14.82,STOP
13.9,10.2,17.61,STOP
9.05,8.82,22.14,STOP
17.89,12.48,11.94,STOP
20.48,17.91,7.48,STOP
32.52,16.77,102.33,RIGHT
43.79,76.9,21.59,FORWARD
52.81,18.44,43.41,LEFT
52.75,7.38,69.28,RIGHT
17.87,19.9,5.63,STOP
7.21,66.13,26.84,FORWARD
113.93,25.96,78.64,LEFT
42.44,39.54,28.44,LEFT
77.02,79.83,49.96,FORWARD
17.28,19.36,24.74,STOP
45.7,44.35,54.63,LEFT
93.7,76.0,113.87,FORWARD
117.8,12.57,77.34,LEFT
16.77,10.31,21.54,STOP
37.04,37.69,96.51,RIGHT
37.41,23.93,42.19,RIGHT
41.8,27.1,93.61,RIGHT
50.92,36.07,93.59,RIGHT
94.0,60.56,28.46,FORWARD
41.27,56.67,100.17,FORWARD
114.41,60.71,119.93,FORWARD
69.55,91.64,101.58,FORWARD
110.93,9.56,30.2,LEFT
47.38,11.71,74.91,RIGHT
64.43,27.22,33.58,LEFT
45.12,110.71,118.86,FORWARD
49.2,92.31,54.34,FORWARD
55.69,31.77,60.12,RIGHT
23.76,10.59,17.65,STOP
69.81,7.29,77.23,RIGHT
52.28,105.2,29.35,FORWARD
58.08,108.47,106.62,FORWARD
66.73,15.27,64.77,LEFT
106.31,13.51,28.73,LEFT
50.08,41.45,42.69,RIGHT
102.17,38.29,53.91,LEFT
49.68,93.95,94.72,FORWARD
23.83,8.77,63.62,RIGHT
24.99,12.63,22.78,STOP
61.74,29.41,80.15,RIGHT
59.53,9.22,27.6,LEFT
22.69,22.23,108.76,RIGHT
68.43,40.92,63.28,RIGHT
51.37,30.2,82.76,RIGHT
86.04,69.79,94.98,FORWARD
8.58,90.35,109.8,FORWARD
80.9,107.18,66.59,FORWARD
14.59,18.16,6.41,STOP
28.15,71.42,63.18,FORWARD
76.68,12.44,95.88,RIGHT
24.14,6.35,16.16,STOP
105.53,27.52,74.97,LEFT
17.03,86.69,22.42,FORWARD
9.17,19.98,16.26,STOP
8.75,14.37,15.65,STOP
68.67,17.2,107.03,RIGHT
14.6,90.86,11.14,FORWARD
14.29,9.98,9.25,STOP
60.0,39.25,40.68,LEFT
70.56,7.42,72.87,LEFT
33.13,11.3,52.59,RIGHT
48.89,32.33,64.33,RIGHT
85.12,89.45,54.72,FORWARD
62.67,5.04,89.38,RIGHT
91.56,108.48,6.48,FORWARD
96.69,5.74,45.96,LEFT
56.76,29.11,57.84,LEFT
57.81,30.4,39.7,LEFT
98.61,115.69,90.36,FORWARD
19.66,17.16,5.61,STOP
27.95,42.09,88.23,RIGHT
108.51,75.1,71.3,FORWARD
19.4,113.76,63.18,FORWARD
48.55,39.71,20.57,LEFT
16.59,19.93,23.26,STOP
114.95,118.19,61.58,FORWARD
22.71,32.23,60.58,RIGHT
33.13,33.3,116.74,RIGHT
39.62,35.96,43.4,RIGHT
119.9,32.38,75.14,LEFT
115.13,30.93,41.84,LEFT
76.23,21.58,118.85,RIGHT
45.27,36.3,60.22,LEFT
109.33,80.67,85.59,FORWARD
30.68,38.63,87.97,RIGHT
15.2,16.13,21.04,STOP
10.5,9.87,17.03,STOP
55.91,13.61,21.56,LEFT
14.57,17.24,16.44,STOP
11.4,12.44,12.3,STOP
43.74,28.29,21.79,LEFT
66.63,9.86,57.18,RIGHT
98.48,91.05,37.01,FORWARD
16.28,12.0,12.07,STOP
73.92,26.2,48.89,LEFT
7.03,10.65,21.25,STOP
74.69,38.75,96.31,RIGHT
33.13,5.25,69.74,RIGHT
65.8,33.68,87.64,RIGHT
20.15,5.83,65.17,RIGHT
22.83,8.71,5.91,STOP
55.95,6.43,34.53,LEFT
19.99,13.66,11.67,STOP
13.61,15.01,19.44,STOP
69.36,18.17,30.29,LEFT
37.76,105.91,35.92,FORWARD
103.36,15.48,23.46,LEFT
87.14,9.4,24.58,LEFT
21.97,26.07,107.28,RIGHT
76.43,39.52,117.47,RIGHT
92.61,85.46,70.35,FORWARD
17.83,15.88,14.18,STOP
17.67,7.3,9.09,STOP
21.78,9.19,6.13,STOP
5.38,12.11,9.56,STOP
84.3,8.89,30.84,LEFT
18.18,6.79,13.7,STOP
74.91,37.09,84.7,RIGHT
65.79,40.64,44.65,LEFT
58.13,110.29,18.65,FORWARD
31.25,68.96,16.23,FORWARD
111.51,60.45,101.94,FORWARD
72.55,17.16,34.11,LEFT
116.66,19.26,65.79,LEFT
27.78,77.98,39.82,FORWARD
58.93,41.93,95.57,RIGHT
55.6,22.38,47.67,RIGHT
24.79,7.52,21.47,STOP
45.61,10.81,103.52,RIGHT
69.62,38.92,51.72,RIGHT
92.57,116.18,118.93,FORWARD
74.25,30.77,114.21,RIGHT
9.42,84.61,12.84,FORWARD
21.8,11.33,20.87,STOP
17.63,7.59,10.44,STOP
47.22,9.4,117.65,RIGHT
76.97,101.13,32.77,FORWARD
12.45,11.39,5.5,STOP
53.03,42.19,61.76,RIGHT
8.95,82.79,18.03,FORWARD
53.64,12.23,100.94,RIGHT
93.65,89.88,97.65,FORWARD
61.76,56.9,111.59,FORWARD
9.48,15.69,16.77,STOP
43.48,24.08,81.06,RIGHT
39.19,10.0,87.38,RIGHT
22.05,8.7,20.64,STOP
53.37,44.95,75.94,LEFT
82.56,42.44,57.31,LEFT
75.84,31.28,44.61,LEFT
25.29,31.65,109.29,RIGHT
105.85,28.25,31.23,LEFT
38.86,79.66,88.76,FORWARD
41.72,32.2,80.08,RIGHT
24.76,18.41,18.51,STOP
41.22,16.67,83.99,RIGHT
46.41,7.95,57.95,RIGHT
119.33,75.83,98.02,FORWARD
23.01,29.45,86.6,RIGHT
8.98,7.23,11.96,STOP
15.35,6.63,20.12,STOP
42.25,5.02,41.52,RIGHT
91.03,111.98,22.91,FORWARD
15.76,14.55,23.19,STOP
63.83,41.82,70.8,RIGHT
24.66,24.72,40.59,RIGHT
9.84,8.12,16.35,STOP
21.74,19.85,21.83,STOP
33.96,87.7,6.24,FORWARD
51.54,12.15,105.4,RIGHT
23.24,88.69,67.13,FORWARD
25.83,106.29,54.05,FORWARD
47.54,43.35,37.82,LEFT
101.01,35.3,54.52,LEFT
94.28,10.79,67.56,LEFT
72.21,36.5,79.99,RIGHT
18.62,6.54,12.16,STOP
88.52,35.67,45.11,LEFT
13.25,115.55,116.17,FORWARD
31.78,10.0,87.85,RIGHT
47.73,30.95,75.89,RIGHT
116.76,38.92,50.89,LEFT
58.32,20.95,55.48,LEFT
86.88,61.7,109.52,FORWARD
43.89,23.49,46.31,RIGHT
69.9,39.04,64.18,RIGHT
31.86,27.9,61.16,RIGHT
58.38,7.47,58.46,RIGHT
84.56,11.79,34.87,LEFT
24.57,7.94,8.47,STOP
47.47,70.97,83.23,FORWARD
84.4,21.52,64.48,LEFT
56.47,41.37,119.97,RIGHT
59.57,29.54,36.0,LEFT
5.65,17.68,14.37,STOP
53.1,22.77,89.32,RIGHT
15.89,19.82,18.61,STOP
38.24,34.03,88.19,RIGHT
58.32,31.27,67.4,LEFT
67.84,55.74,21.45,FORWARD
43.99,40.55,79.38,LEFT
76.75,64.17,12.77,FORWARD
5.72,5.31,15.28,STOP
21.37,12.04,10.17,STOP
10.6,8.37,9.11,STOP
50.2,18.13,44.39,LEFT
99.05,109.55,48.94,FORWARD
21.28,17.07,19.25,STOP
97.56,104.45,30.16,FORWARD
9.65,13.48,8.74,STOP
77.19,31.15,66.63,LEFT
112.93,12.19,53.26,LEFT
58.57,12.08,75.33,LEFT
28.91,37.06,82.85,RIGHT
15.16,13.82,13.4,STOP
67.88,18.44,53.16,LEFT
11.47,6.17,22.02,STOP
109.21,87.16,16.44,FORWARD
88.76,39.91,47.34,LEFT
21.48,16.4,24.72,STOP
75.33,18.69,59.13,RIGHT
6.83,15.57,21.84,STOP
55.31,91.41,81.73,FORWARD
17.82,12.31,18.56,STOP
86.33,5.89,20.21,LEFT
69.24,106.34,47.66,FORWARD
22.99,10.19,9.02,STOP
10.82,5.73,16.15,STOP
19.85,10.72,17.01,STOP
14.76,72.48,44.32,FORWARD
7.51,84.66,69.37,FORWARD
5.61,17.52,21.37,STOP
71.57,7.25,74.71,RIGHT
117.43,42.87,60.99,LEFT
56.41,41.66,24.54,LEFT
64.3,26.77,72.53,LEFT
16.52,14.25,21.17,STOP
51.14,40.05,29.46,LEFT
63.13,28.68,48.07,RIGHT
53.27,113.18,72.06,FORWARD
61.69,9.41,27.13,LEFT
68.54,81.19,12.6,FORWARD
44.7,66.28,94.78,FORWARD
15.96,5.91,13.55,STOP
46.58,43.39,56.68,LEFT
73.44,97.79,23.03,FORWARD
40.03,101.39,54.68,FORWARD
51.36,17.34,65.1,LEFT
54.89,27.79,43.59,LEFT
18.22,106.86,59.64,FORWARD
29.06,41.53,66.29,RIGHT
59.12,38.65,41.7,LEFT
107.89,6.66,77.61,LEFT
118.26,65.67,82.44,FORWARD
13.6,14.17,13.35,STOP
27.99,21.41,57.06,RIGHT
74.56,38.11,25.31,LEFT
71.16,32.13,108.89,RIGHT
28.77,22.39,78.54,RIGHT
70.42,29.85,43.42,LEFT
102.61,9.12,23.32,LEFT
100.91,27.76,33.3,LEFT
80.52,40.39,45.88,LEFT
109.92,100.79,11.85,FORWARD
17.04,9.39,19.97,STOP
25.59,12.22,87.37,RIGHT
10.23,116.78,45.82,FORWARD
13.58,14.03,10.15,STOP
22.1,18.16,7.73,STOP
24.04,11.6,5.87,STOP
94.31,14.73,67.23,LEFT
61.36,5.07,51.53,LEFT
19.2,9.04,17.96,STOP
32.88,93.18,9.61,FORWARD
100.06,29.51,40.91,LEFT
69.71,36.66,62.45,RIGHT
115.38,36.6,53.2,LEFT
96.24,33.5,66.71,LEFT
103.05,13.46,65.91,LEFT
87.16,115.4,106.13,FORWARD
74.71,25.26,66.72,LEFT
5.87,6.4,12.64,STOP
22.03,19.01,23.83,STOP
63.06,13.06,48.72,LEFT
52.81,39.69,79.37,RIGHT
28.81,9.29,60.65,RIGHT
26.45,119.13,17.12,FORWARD
88.04,70.91,110.4,FORWARD
70.56,17.37,100.88,RIGHT
50.21,6.82,54.21,RIGHT
38.71,7.53,76.07,RIGHT
35.01,29.76,90.51,RIGHT
19.69,7.43,10.1,STOP
93.04,114.32,67.44,FORWARD
47.12,43.64,60.42,LEFT
22.54,62.19,112.91,FORWARD
26.55,90.03,83.56,FORWARD
17.96,7.27,10.51,STOP
42.95,11.83,54.21,LEFT
90.98,92.06,92.06,FORWARD
13.11,8.42,22.29,STOP
42.21,11.1,36.18,LEFT
13.22,14.09,13.03,STOP
10.39,6.32,11.89,STOP
71.28,15.13,93.62,RIGHT
13.34,13.76,10.54,STOP
74.61,42.19,81.72,RIGHT
6.4,10.44,18.71,STOP
53.24,7.94,72.07,LEFT
33.87,97.72,89.64,FORWARD
17.92,8.18,5.25,STOP
19.35,97.49,93.12,FORWARD
111.9,81.98,40.87,FORWARD
23.1,18.72,11.87,STOP
23.03,13.74,21.46,STOP
77.16,16.05,45.56,RIGHT
21.75,32.19,55.96,RIGHT
62.06,13.15,44.64,RIGHT
94.3,23.58,38.85,LEFT
48.75,112.48,18.71,FORWARD
68.41,6.13,62.61,LEFT
50.3,17.98,77.28,RIGHT
103.62,36.62,68.21,LEFT
36.15,31.63,57.68,RIGHT
98.35,65.29,67.91,FORWARD
75.89,7.21,83.01,RIGHT
23.94,25.33,43.88,RIGHT
15.32,7.44,5.18,STOP
78.96,12.38,102.37,RIGHT
34.54,33.42,82.35,RIGHT
75.3,24.54,41.28,LEFT
119.11,29.64,51.65,LEFT
66.9,32.33,87.08,RIGHT
117.81,104.77,118.55,FORWARD
12.36,11.09,16.8,STOP
97.56,18.19,42.51,LEFT
12.34,8.45,11.82,STOP
61.48,9.54,21.74,LEFT
6.07,68.65,44.44,FORWARD
47.13,61.45,43.23,FORWARD
112.28,20.63,22.72,LEFT
6.04,7.09,13.6,STOP
98.7,57.03,95.1,FORWARD
84.93,43.25,54.04,LEFT
113.94,90.79,117.77,FORWARD
80.92,12.01,45.1,LEFT
110.0,19.93,57.09,LEFT
22.56,7.91,19.72,STOP
57.08,17.87,65.54,RIGHT
77.06,75.76,17.21,FORWARD
19.04,11.43,10.04,STOP
46.17,15.96,57.06,RIGHT
9.26,19.77,9.36,STOP
63.26,12.7,51.78,RIGHT
48.59,35.15,53.87,RIGHT
95.56,41.76,45.64,LEFT
22.01,7.45,14.76,STOP
53.44,109.05,78.0,FORWARD
51.12,15.96,24.57,LEFT
17.03,5.14,8.11,STOP
100.94,7.78,74.91,LEFT
58.56,14.84,80.61,RIGHT
12.42,14.59,12.73,STOP
10.98,10.02,14.25,STOP
100.32,59.0,101.85,FORWARD
15.16,19.74,10.19,STOP
73.71,23.26,82.01,RIGHT
48.92,18.45,44.36,RIGHT
23.82,19.43,11.25,STOP
18.53,10.77,13.2,STOP
11.73,10.33,7.2,STOP
43.72,10.62,116.53,RIGHT
59.79,38.75,25.04,LEFT
8.71,7.67,17.48,STOP
73.47,9.79,72.44,LEFT
50.72,110.86,46.95,FORWARD
106.82,30.28,39.76,LEFT
112.18,40.65,67.14,LEFT
76.95,10.61,63.35,RIGHT
48.85,20.99,63.33,LEFT
27.22,41.61,80.06,RIGHT
64.67,34.94,34.43,LEFT
55.5,12.47,44.18,LEFT
61.78,21.77,84.75,RIGHT
15.47,16.41,21.98,STOP
14.21,117.85,36.86,FORWARD
86.6,38.25,46.35,LEFT
77.14,44.69,68.59,LEFT
30.73,33.53,76.81,RIGHT
79.7,13.4,46.91,RIGHT
83.63,40.56,30.36,LEFT
60.63,8.87,73.49,RIGHT
86.64,11.02,32.95,LEFT
75.73,81.77,48.36,FORWARD
41.27,34.25,89.42,RIGHT
79.01,119.31,25.37,FORWARD
15.02,14.9,17.35,STOP
68.83,15.26,63.7,RIGHT
20.12,74.41,57.07,FORWARD
88.82,97.27,78.29,FORWARD
19.85,7.28,15.0,STOP
21.04,6.28,11.53,STOP
94.16,90.28,59.95,FORWARD
16.17,6.38,9.92,STOP
8.53,89.69,29.88,FORWARD
100.14,29.11,28.89,LEFT
55.5,70.48,91.69,FORWARD
45.9,63.22,95.55,FORWARD
102.88,76.94,74.65,FORWARD
32.5,28.52,111.09,RIGHT
24.57,12.84,73.39,RIGHT
96.76,83.65,53.5,FORWARD
87.07,15.92,53.4,LEFT
79.06,95.3,23.03,FORWARD
73.26,13.76,75.31,LEFT
45.29,28.87,24.13,LEFT
51.86,8.43,75.62,RIGHT
48.87,11.33,77.32,RIGHT
5.2,11.77,23.03,STOP
55.53,17.34,32.33,LEFT
34.42,38.6,78.33,RIGHT
59.24,28.6,56.42,LEFT
89.92,29.54,74.45,LEFT
21.23,9.67,18.63,STOP
16.86,9.65,16.34,STOP
22.25,17.66,11.1,STOP
65.94,19.37,82.55,RIGHT
87.86,35.29,44.05,LEFT
9.97,9.44,19.91,STOP
59.05,27.33,75.2,RIGHT
11.5,17.61,22.58,STOP
93.77,44.42,47.88,LEFT
55.5,9.38,25.01,LEFT
41.24,12.86,83.09,RIGHT
41.98,19.96,66.24,RIGHT
44.81,15.93,56.54,RIGHT
18.3,7.28,24.35,STOP
91.64,86.47,87.24,FORWARD
10.88,15.67,18.46,STOP
15.18,85.67,74.42,FORWARD
18.77,8.79,10.97,STOP
63.19,63.08,92.67,FORWARD
26.28,34.02,71.31,RIGHT
13.49,88.61,115.51,FORWARD
26.35,31.28,102.26,RIGHT
32.73,39.72,55.13,RIGHT
87.18,38.73,58.29,LEFT
96.79,23.59,50.35,LEFT
57.21,20.86,70.3,LEFT
23.48,15.3,11.33,STOP
73.38,23.93,88.84,RIGHT
13.29,5.97,9.29,STOP
18.44,73.68,107.99,FORWARD
57.9,13.97,78.49,RIGHT
26.08,21.12,41.73,RIGHT
102.16,103.19,92.5,FORWARD
61.22,117.19,117.29,FORWARD
11.87,17.41,11.02,STOP
17.0,13.13,6.72,STOP
87.03,8.79,64.19,LEFT
21.81,11.52,8.29,STOP
22.07,14.47,7.72,STOP
13.29,12.76,15.29,STOP
8.09,14.64,20.24,STOP
24.13,8.06,24.09,STOP
15.33,9.35,16.94,STOP
18.25,14.67,6.86,STOP
44.17,87.44,33.06,FORWARD
96.4,7.23,30.63,LEFT
11.05,12.47,10.53,STOP
101.53,43.08,53.93,LEFT
5.98,14.59,10.78,STOP
26.02,5.44,112.9,RIGHT
5.43,9.31,8.31,STOP
11.62,16.53,24.8,STOP
6.08,9.38,10.18,STOP
24.24,17.86,44.62,RIGHT
36.96,21.33,84.22,RIGHT
98.31,36.38,70.8,LEFT
12.01,11.73,9.35,STOP
50.21,119.09,45.74,FORWARD
102.96,7.88,23.26,LEFT
50.38,103.54,115.27,FORWARD
14.81,14.97,6.31,STOP
77.95,26.74,56.51,LEFT
18.9,12.06,22.33,STOP
54.76,101.71,76.95,FORWARD
74.91,94.43,72.26,FORWARD
54.85,42.74,67.22,LEFT
7.94,10.86,8.16,STOP
20.24,61.09,94.18,FORWARD
118.41,105.73,89.8,FORWARD
10.57,18.45,23.73,STOP
68.2,73.02,118.02,FORWARD
63.46,80.16,85.05,FORWARD
42.86,26.03,33.8,LEFT
104.6,106.94,98.95,FORWARD
18.97,13.38,22.9,STOP
104.11,28.97,33.11,LEFT
93.57,72.07,110.26,FORWARD
72.29,22.11,119.87,RIGHT
58.14,18.16,54.5,RIGHT
22.79,5.55,15.12,STOP
63.99,9.7,79.79,RIGHT
38.99,30.33,51.65,RIGHT
73.34,23.38,49.11,RIGHT
62.6,39.25,110.46,RIGHT
65.69,101.41,101.39,FORWARD
67.65,27.95,66.47,LEFT
96.5,17.85,57.14,LEFT
56.43,39.65,60.86,LEFT
20.22,13.3,6.21,STOP
23.04,6.93,86.98,RIGHT
90.32,88.42,118.23,FORWARD
18.39,14.49,18.8,STOP
77.18,29.77,45.21,LEFT
77.38,93.51,22.67,FORWARD
31.98,10.65,94.23,RIGHT
53.87,40.06,40.16,LEFT
74.4,66.23,117.99,FORWARD
18.03,11.21,18.34,STOP
6.81,17.93,21.03,STOP
35.37,23.69,86.29,RIGHT
19.92,9.8,21.61,STOP
49.25,24.46,49.47,LEFT
22.21,14.17,15.91,STOP
105.43,20.74,26.88,LEFT
63.57,34.03,62.37,RIGHT
108.43,10.24,60.72,LEFT
9.61,116.14,77.62,FORWARD
13.26,6.49,8.52,STOP
84.41,12.26,28.73,LEFT
112.72,20.07,46.49,LEFT
73.05,29.0,82.73,RIGHT
98.93,94.99,25.1,FORWARD
53.95,11.46,76.07,RIGHT
12.71,18.22,23.59,STOP
12.78,67.21,102.3,FORWARD
73.16,6.45,23.73,LEFT
96.82,18.55,76.85,LEFT
77.56,89.01,113.19,FORWARD
21.21,37.29,81.41,RIGHT
82.22,33.91,64.65,LEFT
78.26,43.05,75.71,RIGHT
56.43,96.75,87.84,FORWARD
65.14,28.75,41.35,LEFT
13.41,9.74,20.83,STOP
84.65,91.23,25.8,FORWARD
49.23,22.99,22.73,LEFT
85.2,90.79,52.3,FORWARD
118.85,108.17,106.76,FORWARD
56.18,37.12,63.52,LEFT
9.96,67.59,45.94,FORWARD
17.7,5.89,19.73,STOP
83.93,23.08,45.69,LEFT
63.8,15.08,46.72,LEFT
116.22,62.67,11.47,FORWARD
30.99,110.97,79.44,FORWARD
11.21,16.17,11.22,STOP
5.37,101.28,89.86,FORWARD
88.83,96.92,40.53,FORWARD
9.2,18.76,9.76,STOP
6.46,18.49,23.35,STOP
24.06,7.38,11.75,STOP
45.82,29.42,29.76,LEFT
112.4,101.42,25.36,FORWARD
102.46,7.01,31.21,LEFT
52.4,13.7,49.68,LEFT
97.04,18.51,54.4,LEFT
34.92,81.4,65.67,FORWARD
108.13,103.68,61.31,FORWARD
101.58,89.36,112.15,FORWARD
13.55,7.91,9.32,STOP
38.37,43.06,97.59,RIGHT
8.09,7.29,23.28,STOP
21.71,16.15,23.14,STOP
48.56,18.64,70.24,RIGHT
41.81,14.22,61.07,LEFT
79.86,86.24,69.19,FORWARD
77.2,39.46,58.45,RIGHT
15.43,19.54,24.71,STOP
41.44,30.75,62.95,RIGHT
20.03,8.33,13.7,STOP
8.38,12.29,17.78,STOP
53.16,16.79,41.31,RIGHT
5.58,7.0,11.48,STOP
19.5,11.19,23.59,STOP
104.34,15.54,37.33,LEFT
71.88,17.98,63.94,LEFT
39.05,8.04,90.99,RIGHT
68.85,32.27,117.98,RIGHT
113.65,71.27,19.91,FORWARD
10.52,5.31,18.75,STOP
99.6,116.86,49.78,FORWARD
119.22,87.7,106.96,FORWARD
97.11,23.85,68.94,LEFT
107.82,114.61,29.24,FORWARD
33.81,14.98,114.84,RIGHT
72.89,44.56,90.83,RIGHT
52.62,37.72,67.1,RIGHT
13.12,11.81,16.86,STOP
102.59,11.62,68.55,LEFT
112.44,17.61,58.52,LEFT
14.39,83.78,51.62,FORWARD
22.8,12.41,7.34,STOP
42.14,24.99,67.91,RIGHT
114.22,34.58,43.49,LEFT
45.92,19.84,54.07,LEFT
54.3,13.74,95.22,RIGHT
47.56,22.2,108.0,RIGHT
12.41,11.17,11.18,STOP
49.96,34.87,93.91,RIGHT
39.29,27.46,104.09,RIGHT
24.25,14.39,70.51,RIGHT
39.18,93.31,22.45,FORWARD
14.62,16.89,12.66,STOP
106.1,44.93,38.4,LEFT
21.19,8.44,20.57,STOP
55.71,21.91,60.1,RIGHT
95.92,34.15,40.32,LEFT
56.79,8.01,52.09,LEFT
6.5,9.23,5.54,STOP
8.05,90.14,85.06,FORWARD
17.97,7.73,12.24,STOP
23.15,38.99,114.87,RIGHT
57.43,12.64,70.25,RIGHT
11.23,7.93,11.69,STOP
46.68,95.24,18.64,FORWARD
39.34,40.61,63.66,RIGHT
63.64,9.99,82.56,RIGHT
63.93,20.49,72.64,RIGHT
56.72,104.18,94.33,FORWARD
11.9,16.57,18.65,STOP
9.39,18.43,19.83,STOP
36.85,36.08,46.23,RIGHT
38.93,70.17,67.54,FORWARD
40.21,24.52,57.13,RIGHT
8.9,8.05,18.24,STOP
15.38,10.13,10.25,STOP
28.21,18.61,92.54,RIGHT
40.64,42.65,70.65,RIGHT
9.32,116.32,66.3,FORWARD
16.41,64.78,41.35,FORWARD
41.42,6.92,114.24,RIGHT
92.59,102.02,12.36,FORWARD
9.91,6.0,16.64,STOP
103.98,74.5,14.33,FORWARD
49.7,35.0,99.23,RIGHT
28.33,12.57,104.5,RIGHT
15.8,59.88,100.52,FORWARD
55.93,43.75,47.77,RIGHT
44.47,21.34,80.7,RIGHT
98.28,63.03,118.34,FORWARD
15.45,10.92,12.73,STOP
57.5,34.15,98.37,RIGHT
50.45,13.41,72.49,RIGHT
71.89,22.81,56.28,LEFT
108.21,36.72,29.1,LEFT
15.54,16.74,11.93,STOP
50.47,17.36,116.59,RIGHT
42.0,26.44,62.91,LEFT
18.5,7.96,24.37,STOP
51.22,71.05,9.62,FORWARD
49.14,85.45,91.09,FORWARD
116.94,41.93,36.4,LEFT
16.22,19.55,10.32,STOP
7.05,8.8,7.34,STOP
51.97,73.08,113.78,FORWARD
59.14,23.98,118.66,RIGHT
22.29,16.03,7.76,STOP
14.42,5.28,7.59,STOP
11.45,8.25,18.13,STOP
19.32,5.11,14.87,STOP
15.07,5.44,14.47,STOP
79.68,36.41,47.61,RIGHT
11.83,15.65,14.79,STOP
34.5,119.3,37.58,FORWARD
48.04,42.57,37.77,LEFT
116.34,10.83,30.16,LEFT
37.54,32.11,64.89,RIGHT
32.3,94.75,103.65,FORWARD
24.13,11.2,116.53,RIGHT
5.31,10.28,19.84,STOP
18.78,90.08,112.26,FORWARD
46.28,25.73,76.84,RIGHT
59.62,16.4,74.05,LEFT
21.63,6.79,8.94,STOP
15.2,107.46,37.04,FORWARD
72.05,30.55,69.36,LEFT
45.34,43.64,69.69,LEFT
8.14,7.79,18.47,STOP
94.29,100.07,42.41,FORWARD
6.5,14.83,24.27,STOP
14.97,17.87,12.57,STOP
57.49,11.86,40.78,RIGHT
119.97,40.95,40.94,LEFT
22.79,30.71,77.17,RIGHT
80.2,33.67,62.34,LEFT
64.05,40.96,54.88,RIGHT
72.57,7.87,35.03,LEFT
95.03,8.27,52.78,LEFT
115.78,7.79,57.43,LEFT
18.05,68.66,38.26,FORWARD
63.22,82.46,43.26,FORWARD
11.28,13.23,13.01,STOP
98.76,23.92,26.21,LEFT
31.25,37.58,90.35,RIGHT
26.69,5.87,46.35,RIGHT
102.79,27.35,49.64,LEFT
26.79,9.72,62.28,RIGHT
63.8,25.93,44.85,RIGHT
12.07,5.65,10.22,STOP
108.79,112.36,15.92,FORWARD
71.75,22.03,59.62,LEFT
67.11,15.11,22.56,LEFT
44.97,94.21,40.89,FORWARD
18.5,6.36,11.98,STOP
12.97,9.75,9.54,STOP
51.56,35.26,32.38,LEFT
5.6,13.83,6.66,STOP
109.01,19.56,26.88,LEFT
47.2,21.89,71.38,LEFT
11.54,18.22,8.37,STOP
22.93,13.64,14.55,STOP
57.3,40.08,44.6,LEFT
7.86,16.3,12.55,STOP
45.98,36.36,71.06,RIGHT
74.79,41.01,72.68,RIGHT
19.49,6.2,14.52,STOP
63.0,22.45,48.53,RIGHT
78.96,36.11,37.63,LEFT
87.14,23.11,48.76,LEFT
91.16,36.17,39.26,LEFT
42.01,33.07,49.15,RIGHT
34.74,76.67,43.68,FORWARD
44.0,32.44,39.7,LEFT
40.41,12.94,116.33,RIGHT
78.83,42.34,64.4,LEFT
107.83,73.27,35.95,FORWARD
109.66,35.99,37.09,LEFT
42.4,76.15,69.16,FORWARD
14.11,11.28,15.98,STOP
65.55,5.4,73.75,RIGHT
9.28,14.27,17.56,STOP
59.58,69.09,83.7,FORWARD
66.89,20.63,49.16,LEFT
18.02,75.57,11.07,FORWARD
78.0,35.98,50.14,RIGHT
80.23,107.4,18.95,FORWARD
49.73,21.92,43.11,LEFT
29.02,67.8,90.29,FORWARD
60.35,36.99,117.24,RIGHT
81.41,22.58,26.0,LEFT
24.71,8.21,11.46,STOP
14.74,13.38,6.76,STOP
63.33,11.45,64.7,LEFT
8.21,12.79,20.87,STOP
40.86,96.91,81.26,FORWARD
21.0,15.15,11.3,STOP
36.21,76.66,15.59,FORWARD
115.6,34.44,43.72,LEFT
74.65,29.65,30.0,LEFT
72.79,11.15,61.92,LEFT
38.02,89.6,10.19,FORWARD
48.05,8.91,92.66,RIGHT
5.13,15.31,24.5,STOP
84.22,58.51,28.47,FORWARD
11.21,17.97,18.48,STOP
64.28,31.21,55.51,RIGHT
64.94,23.08,98.68,RIGHT
11.18,12.6,16.54,STOP
75.19,7.75,108.61,RIGHT
43.1,56.17,10.77,FORWARD
41.85,22.64,101.03,RIGHT
24.52,16.29,77.94,RIGHT
69.74,39.26,31.47,LEFT
74.83,6.07,30.75,LEFT
47.26,29.93,114.05,RIGHT
100.51,37.36,75.87,LEFT
16.7,113.08,68.38,FORWARD
116.9,96.47,56.39,FORWARD
31.79,102.42,42.98,FORWARD
20.68,16.07,17.58,STOP
82.87,84.54,45.03,FORWARD
58.17,23.73,54.0,LEFT
12.74,18.72,19.58,STOP
76.74,108.34,20.88,FORWARD
90.8,116.67,78.13,FORWARD
62.81,111.02,11.39,FORWARD
15.77,67.37,14.61,FORWARD
48.9,18.33,94.42,RIGHT
39.51,6.96,111.59,RIGHT
65.79,7.18,20.39,LEFT
47.43,66.16,35.27,FORWARD
21.56,11.86,7.67,STOP
19.95,11.56,21.87,STOP
95.67,88.81,112.89,FORWARD
78.93,102.48,14.97,FORWARD
41.01,31.19,58.39,RIGHT
6.87,14.55,13.9,STOP
7.68,14.28,18.21,STOP
19.73,5.89,18.95,STOP
86.22,63.2,111.74,FORWARD
68.04,20.71,52.58,LEFT
19.2,16.03,19.64,STOP
23.74,92.0,63.31,FORWARD
114.12,15.3,30.12,LEFT
6.31,95.0,62.54,FORWARD
9.13,16.77,16.73,STOP
68.88,39.79,110.41,RIGHT
25.37,113.11,69.04,FORWARD
75.92,14.86,64.28,RIGHT
16.21,19.65,13.23,STOP
72.79,28.17,65.45,LEFT
100.68,31.38,75.08,LEFT
38.91,33.8,86.18,RIGHT
65.25,7.66,70.06,RIGHT
18.15,15.93,15.93,STOP
87.59,6.91,29.77,LEFT
105.69,30.77,77.54,LEFT
110.28,78.17,39.19,FORWARD
62.56,33.19,60.07,RIGHT
21.07,5.18,58.37,RIGHT
57.25,94.9,60.57,FORWARD
59.58,19.85,71.17,RIGHT
20.17,19.29,14.59,STOP
18.39,7.72,14.65,STOP
111.69,94.87,25.08,FORWARD
11.83,17.83,6.9,STOP
69.99,18.1,49.12,RIGHT
62.7,23.23,68.02,RIGHT
60.28,35.03,115.26,RIGHT
74.18,36.5,67.68,RIGHT
90.68,36.14,51.02,LEFT
119.8,23.32,25.3,LEFT
90.74,19.25,68.02,LEFT
71.42,30.87,34.38,LEFT
69.13,18.61,54.69,LEFT
81.51,26.28,23.02,LEFT
15.55,7.97,6.55,STOP
63.52,115.5,5.82,FORWARD
16.76,15.23,8.92,STOP
12.12,12.31,6.6,STOP
50.8,18.7,79.02,RIGHT
12.57,9.22,7.69,STOP
52.74,9.06,25.48,LEFT
12.67,7.06,22.6,STOP
10.91,11.09,15.77,STOP
10.75,19.22,11.87,STOP
6.35,9.28,12.14,STOP
78.74,18.95,33.78,LEFT
13.85,83.97,22.96,FORWARD
74.82,108.1,116.76,FORWARD
73.26,40.53,40.33,LEFT
73.67,6.56,90.45,RIGHT
15.21,15.12,8.15,STOP
44.97,44.75,66.07,RIGHT
99.01,70.01,64.12,FORWARD
17.14,7.3,24.93,STOP
66.98,15.15,113.13,RIGHT
27.52,87.74,26.96,FORWARD
19.21,13.25,20.72,STOP
112.71,90.32,61.31,FORWARD
118.82,25.73,65.87,LEFT
116.73,83.68,118.13,FORWARD
22.19,12.59,9.15,STOP
36.71,36.82,48.22,RIGHT
20.74,16.14,5.82,STOP
33.78,30.67,96.13,RIGHT
37.51,27.14,113.21,RIGHT
11.14,10.3,13.68,STOP
7.35,9.49,16.62,STOP
64.79,38.3,40.04,LEFT
19.7,78.73,77.63,FORWARD
18.96,115.5,11.29,FORWARD
31.04,30.67,103.35,RIGHT
61.24,32.53,69.36,LEFT
96.17,7.91,20.63,LEFT
89.9,13.46,68.9,LEFT
79.05,84.36,67.62,FORWARD
67.04,28.24,60.2,LEFT
74.2,18.62,102.8,RIGHT
64.45,43.97,66.39,LEFT
20.54,10.79,14.78,STOP
19.05,19.36,5.83,STOP
5.6,69.37,60.64,FORWARD
118.09,42.05,20.31,LEFT
81.12,21.55,29.43,LEFT
50.03,62.39,92.38,FORWARD
55.73,22.24,87.72,RIGHT
52.06,27.61,82.45,RIGHT
56.95,57.45,103.8,FORWARD
8.0,12.13,8.53,STOP
10.21,118.7,28.26,FORWARD
93.66,62.78,91.97,FORWARD
96.03,119.24,92.9,FORWARD
54.75,42.84,71.09,LEFT
17.28,7.06,17.55,STOP
71.96,43.85,25.93,LEFT
40.95,25.43,75.45,RIGHT
9.44,5.47,19.01,STOP
24.86,18.26,17.68,STOP
23.1,5.88,116.84,RIGHT
11.62,10.95,6.62,STOP
73.57,73.48,36.12,FORWARD
50.05,7.05,70.05,LEFT
11.08,10.03,12.17,STOP
20.91,20.29,57.2,RIGHT
73.36,36.27,43.82,RIGHT
41.34,32.04,118.19,RIGHT
16.88,19.39,18.16,STOP
90.55,73.54,38.11,FORWARD
33.42,10.88,86.27,RIGHT
15.08,18.07,8.0,STOP
41.57,35.49,69.05,LEFT
21.12,10.37,11.2,STOP
58.21,101.84,84.69,FORWARD
54.72,63.55,108.26,FORWARD
75.85,17.52,81.57,RIGHT
87.73,99.29,115.82,FORWARD
57.73,55.75,52.28,FORWARD
83.0,12.13,75.01,LEFT
68.21,28.89,52.87,RIGHT
66.12,39.87,93.23,RIGHT
61.21,7.78,44.3,LEFT
21.36,43.33,71.05,RIGHT
30.24,37.77,109.96,RIGHT
108.71,19.26,43.01,LEFT
16.01,65.96,40.95,FORWARD
88.46,99.41,12.18,FORWARD
16.21,11.83,9.58,STOP
60.24,19.42,96.6,RIGHT
22.05,21.36,42.44,RIGHT
112.15,57.62,54.78,FORWARD
78.08,38.26,74.4,LEFT
109.24,119.53,51.28,FORWARD
53.6,12.34,83.34,RIGHT
23.76,5.26,13.96,STOP
71.93,83.89,51.08,FORWARD
101.06,26.91,40.55,LEFT
9.3,14.34,22.97,STOP
88.54,75.58,7.92,FORWARD
21.55,6.45,16.83,STOP
52.82,39.56,31.17,LEFT
73.5,70.09,87.35,FORWARD
15.47,19.03,5.99,STOP
16.43,6.68,9.42,STOP
69.12,31.46,43.74,LEFT
20.64,22.26,48.87,RIGHT
36.29,14.81,68.74,RIGHT
103.25,61.47,10.88,FORWARD
18.67,18.81,21.3,STOP
59.23,101.08,86.22,FORWARD
104.77,12.79,49.29,LEFT
21.46,14.8,56.48,RIGHT
79.74,11.54,110.47,RIGHT
11.72,11.36,17.62,STOP
74.15,33.89,37.12,LEFT
73.76,29.39,56.06,RIGHT
110.17,44.71,70.55,LEFT
19.61,7.34,15.64,STOP
43.65,36.14,59.53,RIGHT
21.38,16.51,14.96,STOP
67.62,83.57,68.65,FORWARD
56.6,107.49,69.85,FORWARD
109.37,63.23,34.75,FORWARD
32.18,5.36,64.79,RIGHT
9.79,102.26,39.28,FORWARD
9.17,8.78,18.08,STOP
18.96,79.77,38.23,FORWARD
47.68,118.41,56.23,FORWARD
86.71,18.89,38.32,LEFT
116.22,43.26,25.38,LEFT
80.11,18.87,25.25,LEFT
89.37,65.66,17.72,FORWARD
50.65,86.0,26.76,FORWARD
79.98,81.06,25.61,FORWARD
76.4,6.95,56.51,LEFT
20.61,14.59,11.51,STOP
32.48,12.86,110.46,RIGHT
57.61,9.96,34.18,LEFT
37.19,78.36,72.13,FORWARD
14.85,15.29,23.58,STOP
26.44,57.84,14.38,FORWARD
14.33,5.15,7.34,STOP
73.12,111.9,26.26,FORWARD
10.29,70.8,107.4,FORWARD
63.49,34.85,20.48,LEFT
115.46,9.44,65.93,LEFT
113.46,32.26,50.51,LEFT
103.19,29.74,46.95,LEFT
42.3,80.82,17.54,FORWARD
56.67,42.69,80.0,RIGHT
63.18,80.9,73.41,FORWARD
61.64,66.34,11.64,FORWARD
19.46,16.22,18.56,STOP
18.39,6.23,24.9,STOP
53.46,63.52,104.54,FORWARD
23.49,58.33,75.21,FORWARD
9.69,19.96,7.83,STOP
78.34,12.12,44.54,RIGHT
109.55,35.8,43.29,LEFT
67.8,35.18,67.98,RIGHT
108.37,10.13,74.38,LEFT
24.69,33.43,56.9,RIGHT
96.47,15.79,26.69,LEFT
8.17,84.39,10.94,FORWARD
112.41,27.62,40.7,LEFT
19.61,14.66,15.7,STOP
81.09,15.14,52.37,LEFT
24.78,6.59,18.75,STOP
67.84,42.83,22.91,LEFT
16.96,17.37,12.93,STOP
36.14,60.39,25.9,FORWARD
45.72,39.39,70.56,LEFT
57.35,55.03,49.54,FORWARD
69.15,118.13,39.78,FORWARD
74.37,44.0,51.16,RIGHT
6.32,19.85,23.08,STOP
40.82,12.97,44.06,LEFT
63.13,63.68,10.67,FORWARD
16.88,19.83,20.67,STOP
119.36,30.18,43.53,LEFT
114.35,116.49,40.39,FORWARD
9.18,5.22,24.44,STOP
42.34,95.61,119.1,FORWARD
11.64,6.51,5.86,STOP
56.07,96.78,47.17,FORWARD
23.41,42.27,43.06,RIGHT
64.86,8.16,65.04,RIGHT
33.4,99.67,59.45,FORWARD
7.1,62.34,76.95,FORWARD
100.76,34.91,35.29,LEFT
109.41,71.79,16.52,FORWARD
57.8,26.3,24.73,LEFT
57.81,31.71,42.19,RIGHT
46.25,82.72,57.71,FORWARD
43.36,43.35,66.93,LEFT
76.24,36.04,67.81,LEFT
18.98,16.6,24.06,STOP
57.27,9.1,60.34,RIGHT
21.36,10.51,9.1,STOP
60.65,36.86,41.76,LEFT
97.81,5.96,24.61,LEFT
75.31,40.44,100.48,RIGHT
69.43,21.38,79.83,LEFT
15.54,13.26,11.8,STOP
62.49,34.01,116.78,RIGHT
9.97,6.14,11.27,STOP
21.18,87.48,116.56,FORWARD
6.81,12.89,24.3,STOP
36.67,80.23,96.31,FORWARD
18.87,18.61,13.11,STOP
15.79,9.64,5.46,STOP
24.31,15.8,15.49,STOP
76.83,43.46,76.12,LEFT
71.27,30.59,76.46,RIGHT
59.96,10.49,103.77,RIGHT
51.65,29.22,58.62,LEFT
47.56,5.05,62.59,LEFT
7.76,13.4,13.43,STOP
71.06,44.42,97.72,RIGHT
61.75,34.75,65.47,LEFT
36.84,79.13,102.19,FORWARD
56.23,44.87,76.59,RIGHT
55.65,23.82,47.23,LEFT
53.18,30.21,41.5,LEFT
31.53,32.16,95.63,RIGHT
19.6,13.92,19.56,STOP
47.53,69.81,28.68,FORWARD
42.08,17.09,102.0,RIGHT
76.95,43.6,96.39,RIGHT
108.45,119.65,29.43,FORWARD
67.68,22.05,38.0,LEFT
20.49,17.73,11.82,STOP
36.27,91.95,105.01,FORWARD
42.08,28.13,71.01,RIGHT
28.21,31.08,71.82,RIGHT
11.77,17.24,15.11,STOP
85.71,44.33,46.72,LEFT
21.01,17.46,24.96,STOP
7.01,10.61,7.18,STOP
27.95,58.24,73.94,FORWARD
21.62,6.64,12.02,STOP
68.34,41.27,83.92,RIGHT
51.99,25.01,49.55,LEFT
15.69,12.43,16.33,STOP
109.77,12.46,49.48,LEFT
109.42,32.14,26.67,LEFT
98.58,35.6,64.53,LEFT
105.34,36.92,27.26,LEFT
78.83,31.1,48.28,RIGHT
12.97,6.53,16.37,STOP
98.99,78.57,105.64,FORWARD
61.88,28.71,26.99,LEFT
14.32,7.72,14.43,STOP
31.35,18.97,55.19,RIGHT
52.91,104.1,48.22,FORWARD
6.49,18.42,15.03,STOP
40.03,44.43,115.33,RIGHT
97.32,43.26,61.95,LEFT
38.43,26.23,111.17,RIGHT
109.63,18.76,51.53,LEFT
91.71,14.25,57.01,LEFT
65.2,35.28,73.42,LEFT
5.62,14.0,23.73,STOP
73.43,103.66,48.09,FORWARD
100.65,38.69,52.86,LEFT
53.26,34.67,28.92,LEFT
90.73,66.59,24.63,FORWARD
8.43,7.99,22.23,STOP
63.92,100.24,40.06,FORWARD
22.13,18.24,19.98,STOP
49.84,21.56,69.29,RIGHT
7.47,8.06,16.02,STOP
23.18,5.13,20.62,STOP
23.52,25.63,86.2,RIGHT
60.23,38.82,96.72,RIGHT
53.45,23.47,71.16,LEFT
11.1,8.99,12.5,STOP
20.64,11.11,12.5,STOP
26.61,43.42,107.52,RIGHT
96.93,104.67,21.45,FORWARD
101.48,7.18,43.05,LEFT
80.24,81.54,37.8,FORWARD
75.16,36.58,36.13,LEFT
7.27,10.43,16.92,STOP
59.17,9.98,57.08,LEFT
57.38,11.69,83.43,RIGHT
108.32,39.43,22.84,LEFT
91.09,110.98,19.4,FORWARD
16.96,7.45,18.63,STOP
53.1,105.89,12.71,FORWARD
42.47,42.23,105.62,RIGHT
14.99,10.9,21.4,STOP
45.94,29.97,70.93,LEFT
59.77,20.83,50.26,RIGHT
17.47,7.56,17.13,STOP
118.51,13.03,52.53,LEFT
22.49,11.14,7.51,STOP
48.07,11.24,90.5,RIGHT
73.33,69.67,31.38,FORWARD
27.05,21.06,67.13,RIGHT
51.95,31.3,71.23,LEFT
60.75,9.33,49.55,RIGHT
29.99,32.24,87.42,RIGHT
37.39,25.18,51.72,RIGHT
72.12,44.46,52.24,LEFT
8.2,12.06,14.37,STOP
23.95,44.89,79.87,RIGHT
13.47,17.91,22.3,STOP
11.81,10.9,5.34,STOP
50.46,44.57,26.97,LEFT
61.93,30.02,30.56,LEFT
22.7,82.03,71.34,FORWARD
22.04,14.47,14.71,STOP
33.46,28.02,85.23,RIGHT
12.52,89.95,80.83,FORWARD
89.53,16.66,22.15,LEFT
75.36,82.17,37.86,FORWARD
27.01,21.98,64.71,RIGHT
41.12,43.89,56.86,LEFT
13.85,19.57,11.03,STOP
68.58,13.72,64.9,RIGHT
114.76,43.88,50.69,LEFT
24.74,116.6,40.33,FORWARD
73.25,11.78,56.67,LEFT
5.9,16.93,12.34,STOP
74.87,44.03,62.05,RIGHT
37.53,41.07,67.93,RIGHT
44.19,119.39,108.61,FORWARD
70.02,43.71,43.35,RIGHT
27.67,13.0,61.22,RIGHT
27.38,68.56,45.12,FORWARD
117.6,78.61,118.24,FORWARD
29.49,76.03,99.57,FORWARD
50.54,17.92,76.71,LEFT
72.3,5.74,32.91,LEFT
21.12,5.38,16.63,STOP
13.14,6.15,18.84,STOP
43.54,95.9,68.12,FORWARD
65.34,5.47,95.73,RIGHT
32.54,18.05,112.07,RIGHT
51.85,13.45,75.35,RIGHT
75.75,90.26,24.3,FORWARD
40.34,90.6,110.0,FORWARD
87.38,38.71,41.3,LEFT
25.47,62.88,59.69,FORWARD
72.92,80.59,14.04,FORWARD
23.23,5.02,12.73,STOP
10.2,110.04,13.69,FORWARD
93.15,25.05,56.09,LEFT
71.71,100.19,55.91,FORWARD
70.0,28.34,21.03,LEFT
50.38,27.75,91.71,RIGHT
37.28,100.06,26.19,FORWARD
15.38,14.45,7.64,STOP
12.31,71.78,72.57,FORWARD
96.57,14.81,52.83,LEFT
25.4,33.38,102.9,RIGHT
64.49,64.16,113.21,FORWARD
7.17,17.45,8.2,STOP
86.51,93.47,24.42,FORWARD
78.58,33.05,50.05,RIGHT
47.17,17.43,43.75,RIGHT
50.77,111.27,19.99,FORWARD
20.78,19.11,16.21,STOP
87.53,39.7,76.9,LEFT
77.66,67.95,95.13,FORWARD
69.74,42.23,107.49,RIGHT
13.55,17.34,8.75,STOP
36.08,98.78,38.32,FORWARD
8.51,14.81,5.14,STOP
98.09,43.94,73.37,LEFT
32.37,15.12,115.66,RIGHT
109.92,36.23,42.21,LEFT
23.58,13.54,24.98,STOP
64.95,33.31,81.25,RIGHT
67.55,22.42,43.57,LEFT
61.36,28.53,102.35,RIGHT
15.3,19.76,12.91,STOP
31.0,95.87,94.47,FORWARD
43.47,19.66,116.16,RIGHT
30.27,37.58,81.21,RIGHT
42.7,15.21,52.09,LEFT
65.65,79.28,6.84,FORWARD
26.62,86.88,39.27,FORWARD
72.17,9.66,47.46,RIGHT
79.48,29.18,75.18,RIGHT
72.87,22.24,111.74,RIGHT
76.11,39.49,40.25,LEFT
19.12,11.04,9.09,STOP
76.26,25.16,43.05,RIGHT
61.37,28.59,73.29,RIGHT
93.46,116.13,99.26,FORWARD
21.78,8.81,21.13,STOP
99.88,93.04,70.43,FORWARD
85.92,67.35,92.25,FORWARD
23.67,19.08,17.77,STOP
49.14,85.06,113.64,FORWARD
78.85,40.67,44.4,RIGHT
28.56,102.63,60.78,FORWARD
58.65,7.19,45.75,RIGHT
63.58,61.25,110.23,FORWARD
13.24,8.02,6.08,STOP
7.81,56.32,69.89,FORWARD
58.22,17.18,77.94,LEFT
51.22,41.11,42.79,RIGHT
93.74,101.11,11.51,FORWARD
16.57,10.28,15.28,STOP
5.19,18.1,22.72,STOP
109.38,63.51,37.49,FORWARD
60.43,36.23,42.49,RIGHT
21.75,9.14,13.91,STOP
89.77,17.37,74.07,LEFT
113.0,35.23,33.89,LEFT
11.99,6.35,12.4,STOP
69.85,10.31,117.39,RIGHT
92.68,118.38,73.55,FORWARD
37.49,108.11,64.57,FORWARD
95.65,10.45,35.17,LEFT
68.56,44.26,62.91,LEFT
30.9,38.86,90.77,RIGHT
35.71,115.68,110.62,FORWARD
10.76,15.21,18.33,STOP
8.59,7.68,8.98,STOP
12.18,67.06,20.33,FORWARD
76.6,18.67,118.33,RIGHT
80.01,93.28,94.71,FORWARD
77.27,10.1,43.73,LEFT
59.35,33.26,39.47,LEFT
14.91,13.51,9.3,STOP
7.48,11.88,14.59,STOP
63.36,44.39,109.41,RIGHT
10.75,12.79,13.24,STOP
41.15,75.75,110.17,FORWARD
88.89,109.51,93.52,FORWARD
119.83,38.41,40.38,LEFT
69.63,9.49,65.21,LEFT
19.69,15.15,6.4,STOP
89.81,98.95,101.7,FORWARD
77.41,13.95,99.43,RIGHT
57.6,33.36,41.77,LEFT
104.83,112.38,88.42,FORWARD
85.25,25.1,51.03,LEFT
9.82,6.88,15.64,STOP
39.16,37.64,74.01,RIGHT
34.01,24.33,95.63,RIGHT
74.13,33.94,83.79,RIGHT
30.4,68.93,21.55,FORWARD
23.18,8.42,53.43,RIGHT
25.02,71.7,33.4,FORWARD
36.92,5.88,107.01,RIGHT
74.07,103.24,31.16,FORWARD
51.75,29.82,37.56,LEFT
71.74,18.67,71.41,RIGHT
40.63,36.4,98.69,RIGHT
51.49,42.62,83.71,RIGHT
46.88,19.1,36.25,LEFT
88.12,61.55,74.28,FORWARD
52.51,30.0,104.54,RIGHT
62.61,17.09,64.3,RIGHT
75.4,34.22,49.42,LEFT
106.92,15.14,59.49,LEFT
28.02,118.59,39.08,FORWARD
113.77,18.41,69.04,LEFT
78.7,74.61,25.18,FORWARD
41.48,22.55,22.74,LEFT
70.36,100.97,23.56,FORWARD
51.84,21.29,90.76,RIGHT
39.3,40.97,44.54,RIGHT
33.34,15.77,56.65,RIGHT
64.17,25.81,118.58,RIGHT
69.96,114.12,51.37,FORWARD
29.32,24.94,97.29,RIGHT
55.11,28.94,47.04,RIGHT
74.38,16.24,58.09,RIGHT
20.24,16.67,43.27,RIGHT
81.31,65.85,8.76,FORWARD
20.57,33.92,112.13,RIGHT
10.97,14.18,20.1,STOP
106.51,20.22,42.27,LEFT
15.22,17.92,12.95,STOP
7.38,11.69,23.36,STOP
104.0,33.87,21.71,LEFT
46.51,115.35,61.64,FORWARD
24.15,10.65,18.51,STOP
43.3,25.04,88.95,RIGHT
31.23,95.99,57.73,FORWARD
57.2,6.04,38.65,LEFT
15.77,15.79,16.95,STOP
54.05,12.14,33.59,LEFT
24.95,5.7,8.43,STOP
7.45,8.35,12.61,STOP
19.41,17.98,8.6,STOP
50.3,34.11,45.77,RIGHT
86.95,28.44,74.46,LEFT
32.16,30.46,50.94,RIGHT
69.87,83.54,41.8,FORWARD
33.52,23.93,74.35,RIGHT
5.39,14.05,13.31,STOP
57.21,5.45,44.48,RIGHT
63.7,99.72,86.38,FORWARD
65.49,21.5,108.11,RIGHT
80.65,78.94,20.55,FORWARD
20.35,13.88,14.98,STOP
53.77,25.36,66.21,LEFT
21.89,6.48,8.47,STOP
38.23,34.25,114.14,RIGHT
110.75,57.72,73.47,FORWARD
22.02,15.48,19.08,STOP
68.91,26.57,63.3,RIGHT
103.01,93.38,52.23,FORWARD
105.53,16.11,72.22,LEFT
19.53,11.22,21.5,STOP
116.35,38.98,57.58,LEFT
16.86,99.47,12.73,FORWARD
107.92,18.37,25.07,LEFT
9.98,12.82,18.31,STOP
61.07,19.85,59.08,LEFT
46.46,23.65,68.75,LEFT
47.25,23.36,44.55,LEFT
73.44,5.87,103.4,RIGHT
64.97,99.63,48.51,FORWARD
59.68,16.68,66.78,RIGHT
52.91,19.24,55.72,LEFT
99.87,14.14,32.07,LEFT
116.67,106.52,100.0,FORWARD
115.47,8.83,57.53,LEFT
7.98,5.31,23.7,STOP
28.14,15.09,72.44,RIGHT
42.41,109.08,114.41,FORWARD
7.22,16.35,18.18,STOP
33.63,9.74,51.23,RIGHT
112.78,33.95,27.19,LEFT
110.3,15.34,77.25,LEFT
21.02,15.89,10.2,STOP
80.75,67.29,14.91,FORWARD
31.5,11.35,86.71,RIGHT
67.82,39.2,49.32,LEFT
17.15,14.11,14.7,STOP
9.69,58.64,92.91,FORWARD
46.38,20.57,77.83,LEFT
11.05,8.37,7.89,STOP
68.43,26.54,27.63,LEFT
14.29,11.25,17.12,STOP
43.67,5.28,47.17,RIGHT
114.41,116.47,112.27,FORWARD
61.28,68.54,11.52,FORWARD
78.37,35.36,81.94,RIGHT
13.32,81.37,101.02,FORWARD
65.12,24.88,112.93,RIGHT
66.29,113.62,60.91,FORWARD
67.62,60.2,35.6,FORWARD
60.5,10.99,48.62,LEFT
68.57,8.8,70.74,RIGHT
21.58,17.45,24.27,STOP
65.55,31.4,88.28,RIGHT
95.75,99.57,73.64,FORWARD
73.52,23.82,100.0,RIGHT
114.3,110.97,5.86,FORWARD
30.53,72.26,31.61,FORWARD
14.77,15.66,16.19,STOP
59.6,21.02,49.73,LEFT
108.15,6.39,26.4,LEFT
38.75,68.97,107.73,FORWARD
47.8,26.52,112.1,RIGHT
25.16,88.37,113.68,FORWARD
64.82,76.72,97.44,FORWARD
80.91,40.38,49.49,LEFT
65.66,13.4,105.64,RIGHT
9.28,15.17,22.02,STOP
41.59,7.16,102.68,RIGHT
99.13,11.57,56.72,LEFT
43.39,36.21,53.66,LEFT
67.83,29.44,113.71,RIGHT
84.57,63.02,82.47,FORWARD
12.06,16.7,19.12,STOP
89.35,35.6,25.12,LEFT
6.47,18.26,5.06,STOP
114.23,9.45,75.04,LEFT
15.54,9.69,8.69,STOP
65.72,20.54,102.35,RIGHT
77.52,13.71,64.66,LEFT
13.57,61.94,33.85,FORWARD
28.21,73.17,119.14,FORWARD
111.53,71.39,94.23,FORWARD
37.49,97.19,98.51,FORWARD
84.0,12.98,35.92,LEFT
79.33,35.89,46.89,RIGHT
61.54,23.82,66.43,RIGHT
14.98,13.59,17.93,STOP
38.19,98.02,115.57,FORWARD
72.35,27.67,81.46,RIGHT
40.97,5.73,55.36,LEFT
72.15,26.53,42.98,LEFT
24.89,8.55,11.81,STOP
7.38,15.09,23.02,STOP
96.64,11.43,55.99,LEFT
6.48,19.6,14.98,STOP
57.02,59.32,116.66,FORWARD
25.98,44.86,93.27,RIGHT
68.5,7.88,60.52,RIGHT
94.33,39.03,64.04,LEFT
19.68,18.48,18.36,STOP
90.74,34.11,29.55,LEFT
78.76,13.67,21.31,LEFT
100.73,118.63,40.28,FORWARD
19.66,96.35,44.56,FORWARD
11.3,110.87,99.38,FORWARD
10.34,9.97,16.66,STOP
103.19,91.82,6.94,FORWARD
44.78,84.57,96.98,FORWARD
23.65,5.64,5.25,STOP
109.23,75.82,47.91,FORWARD
9.21,7.71,11.43,STOP
12.67,5.65,23.45,STOP
68.69,101.56,101.19,FORWARD
109.7,23.74,21.31,LEFT
117.36,31.97,46.41,LEFT
8.19,16.09,8.86,STOP
7.09,18.15,10.99,STOP
16.23,111.79,117.74,FORWARD
5.4,6.64,15.83,STOP
65.18,24.48,46.96,LEFT
76.98,64.79,76.23,FORWARD
39.98,90.99,30.35,FORWARD
57.66,38.28,116.52,RIGHT
36.52,107.78,92.09,FORWARD
84.23,32.26,73.03,LEFT
29.85,24.59,97.83,RIGHT
18.54,14.6,8.5,STOP
13.48,7.27,20.66,STOP
100.3,44.44,52.62,LEFT
23.74,5.53,9.94,STOP
54.62,6.26,94.16,RIGHT
27.34,25.88,49.13,RIGHT
56.81,84.9,82.51,FORWARD
72.28,23.31,20.84,LEFT
83.22,112.86,46.01,FORWARD
24.21,59.26,19.18,FORWARD
40.01,23.67,59.29,LEFT
20.81,15.25,9.7,STOP
74.87,95.5,27.88,FORWARD
5.04,19.3,19.72,STOP
85.8,78.73,58.98,FORWARD
9.9,11.75,18.77,STOP
34.5,31.05,52.59,RIGHT
24.11,41.92,46.13,RIGHT
45.5,35.53,55.2,LEFT
31.19,69.31,84.03,FORWARD
18.45,11.07,6.27,STOP
108.87,24.94,41.31,LEFT
53.23,15.89,51.01,LEFT
68.39,35.74,72.38,RIGHT
78.0,29.81,73.52,RIGHT
48.01,22.38,34.03,LEFT
83.6,21.98,61.62,LEFT
74.89,99.8,60.03,FORWARD
85.16,118.79,59.54,FORWARD
85.04,112.3,107.39,FORWARD
6.62,13.44,20.93,STOP
11.7,19.54,15.91,STOP
98.95,15.85,73.56,LEFT
57.37,18.14,90.02,RIGHT
72.87,40.48,50.04,RIGHT
72.05,25.35,92.76,RIGHT
98.03,43.8,55.17,LEFT
9.01,13.86,20.89,STOP
52.62,60.12,76.45,FORWARD
96.4,92.61,64.71,FORWARD
20.96,10.36,11.66,STOP
6.5,75.8,67.13,FORWARD
85.22,5.7,40.97,LEFT
57.08,17.31,51.48,RIGHT
69.91,10.36,105.3,RIGHT
75.44,6.35,53.3,RIGHT
51.7,35.66,115.92,RIGHT
91.72,27.99,58.03,LEFT
42.3,37.81,96.51,RIGHT
36.6,101.84,10.66,FORWARD
96.35,8.65,40.27,LEFT
14.25,13.68,11.08,STOP
100.13,21.6,33.53,LEFT
8.76,18.36,16.57,STOP
24.83,18.86,20.55,STOP
5.47,5.54,8.83,STOP
63.25,27.49,63.48,LEFT
50.12,31.59,65.22,RIGHT
12.83,7.24,13.19,STOP
14.69,18.25,18.81,STOP
12.71,12.03,10.57,STOP
67.74,16.56,34.05,LEFT
35.9,28.87,56.65,RIGHT
23.88,16.62,83.37,RIGHT
40.56,35.79,118.85,RIGHT
7.84,19.05,15.91,STOP
21.91,16.66,22.76,STOP
44.11,9.87,31.75,LEFT
118.56,36.93,79.42,LEFT
16.26,16.48,14.88,STOP
17.2,16.47,9.42,STOP
59.74,35.04,59.37,LEFT
50.13,92.28,53.0,FORWARD
55.9,13.18,100.25,RIGHT
51.05,5.99,69.66,RIGHT
65.33,26.97,68.78,LEFT
14.12,12.57,12.34,STOP
106.05,23.38,44.15,LEFT
23.42,8.85,23.72,STOP
27.56,43.86,40.27,RIGHT
8.64,8.14,12.55,STOP
118.62,41.37,72.3,LEFT
115.72,91.26,91.96,FORWARD
64.56,25.25,59.38,RIGHT
119.45,10.62,33.58,LEFT
18.95,13.01,19.42,STOP
105.65,13.54,57.86,LEFT
28.23,74.84,104.48,FORWARD
28.11,27.92,47.48,RIGHT
24.7,17.03,17.77,STOP
12.15,18.01,7.7,STOP
21.86,11.44,21.48,STOP
10.83,12.23,13.92,STOP
19.48,10.03,21.12,STOP
16.87,7.67,7.88,STOP
36.19,33.53,71.4,RIGHT
7.85,15.5,5.04,STOP
9.26,14.9,14.5,STOP
78.88,117.95,13.85,FORWARD
104.81,98.28,96.71,FORWARD
54.86,29.81,54.49,RIGHT
67.1,34.45,76.58,RIGHT
44.29,39.91,102.56,RIGHT
6.7,7.61,6.88,STOP
6.66,89.98,24.54,FORWARD
11.01,5.61,12.82,STOP
7.44,10.75,10.19,STOP
38.2,74.38,6.3,FORWARD
76.83,23.18,71.89,RIGHT
89.17,28.73,48.28,LEFT
115.43,44.59,70.88,LEFT
43.27,12.62,75.82,RIGHT
15.19,80.87,77.0,FORWARD
74.31,36.6,33.56,LEFT
75.56,26.79,77.59,RIGHT
113.19,99.83,60.88,FORWARD
18.82,9.15,12.71,STOP
84.83,57.62,66.91,FORWARD
74.07,29.46,80.23,RIGHT
87.1,37.55,29.42,LEFT
83.5,18.84,45.96,LEFT
111.61,43.96,56.57,LEFT
18.04,13.77,9.05,STOP
115.74,65.84,51.04,FORWARD
113.93,13.35,78.13,LEFT
10.48,13.42,18.15,STOP
20.99,43.11,86.89,RIGHT
107.02,18.14,55.82,LEFT
76.39,32.34,92.0,RIGHT
30.33,15.02,79.11,RIGHT
47.81,38.9,76.49,RIGHT
6.94,6.84,8.91,STOP
82.42,12.89,57.7,LEFT
28.86,26.52,52.84,RIGHT
5.07,13.0,17.47,STOP
7.03,12.74,22.83,STOP
23.73,43.77,40.9,RIGHT
32.24,98.15,38.03,FORWARD
108.72,23.94,22.44,LEFT
17.29,7.69,8.94,STOP
42.35,23.64,64.97,RIGHT
25.3,93.51,58.51,FORWARD
22.29,16.82,8.65,STOP
105.62,16.7,73.44,LEFT
13.19,16.55,18.54,STOP
19.2,6.37,12.22,STOP
63.78,81.52,73.73,FORWARD
24.52,107.67,79.24,FORWARD
65.75,22.5,38.13,LEFT
10.75,12.73,10.33,STOP
77.19,74.78,41.1,FORWARD
45.17,43.4,110.23,RIGHT
41.47,28.55,65.06,LEFT
7.69,16.36,19.1,STOP
7.33,10.03,10.85,STOP
66.35,22.71,52.37,LEFT
34.34,43.61,72.88,RIGHT
55.32,107.21,40.4,FORWARD
79.37,22.46,79.89,LEFT
57.84,87.75,5.8,FORWARD
9.27,11.15,9.82,STOP
21.61,8.24,19.92,STOP
78.8,39.2,25.02,LEFT
46.71,40.44,79.06,LEFT
16.77,13.85,18.8,STOP
94.1,6.99,75.24,LEFT
77.95,19.34,57.56,RIGHT
114.19,12.9,20.96,LEFT
87.25,40.31,31.95,LEFT
36.44,109.29,92.32,FORWARD
21.48,8.4,18.49,STOP
18.07,12.04,5.95,STOP
52.45,81.71,43.96,FORWARD
10.96,103.45,83.03,FORWARD
89.8,17.54,27.86,LEFT
107.65,8.71,59.37,LEFT
15.67,11.79,7.87,STOP
78.19,78.67,54.77,FORWARD
55.44,87.26,52.63,FORWARD
97.77,93.58,94.33,FORWARD
23.32,8.78,20.8,STOP
45.32,73.43,71.35,FORWARD
108.37,22.35,48.71,LEFT
17.55,12.39,7.19,STOP
68.54,32.34,62.03,LEFT
17.62,9.6,6.8,STOP
21.01,69.38,78.06,FORWARD
12.66,6.52,17.96,STOP
91.82,24.24,78.44,LEFT
64.29,37.58,45.27,RIGHT
46.15,114.87,108.41,FORWARD
50.09,24.52,74.38,LEFT
107.77,35.75,20.55,LEFT
64.97,30.59,65.58,RIGHT
54.4,37.4,59.96,RIGHT
40.17,35.11,61.56,RIGHT
53.08,18.89,52.73,RIGHT
62.97,30.16,108.1,RIGHT
64.39,18.02,62.52,RIGHT
7.95,11.97,23.21,STOP
118.26,105.31,84.58,FORWARD
18.57,8.42,11.12,STOP
105.95,99.58,14.82,FORWARD
39.42,14.07,100.63,RIGHT
53.52,25.64,56.33,RIGHT
25.53,115.56,112.44,FORWARD
92.66,55.83,46.15,FORWARD
22.27,90.68,17.28,FORWARD
45.25,33.06,21.84,LEFT
12.52,100.08,25.91,FORWARD
34.13,32.47,47.34,RIGHT
24.65,111.19,93.87,FORWARD
48.02,9.28,43.86,LEFT
33.94,31.72,57.12,RIGHT
20.2,34.68,105.23,RIGHT
40.58,9.57,31.75,LEFT
27.54,86.87,13.85,FORWARD
19.34,11.26,14.14,STOP
78.24,117.19,104.71,FORWARD
16.28,6.01,11.39,STOP
9.29,15.44,24.33,STOP
52.74,43.74,61.11,RIGHT
42.83,31.2,60.71,RIGHT
70.85,38.54,82.5,RIGHT
105.14,94.92,114.17,FORWARD
9.52,74.81,52.78,FORWARD
40.52,11.37,94.28,RIGHT
66.41,58.36,103.13,FORWARD
67.58,9.63,118.65,RIGHT
53.82,6.34,77.03,LEFT
14.36,18.14,18.97,STOP
17.33,5.51,10.05,STOP
23.07,10.32,5.24,STOP
53.97,31.61,40.51,LEFT
19.92,5.96,10.39,STOP
69.98,7.59,67.49,LEFT
56.82,32.3,88.51,RIGHT
78.78,13.03,60.66,RIGHT
21.52,9.33,9.95,STOP
45.33,62.78,6.86,FORWARD
46.61,118.44,60.8,FORWARD
18.99,19.76,14.26,STOP
96.33,116.13,10.7,FORWARD
8.32,14.78,22.64,STOP
54.19,66.87,71.17,FORWARD
71.71,114.03,44.21,FORWARD
77.82,27.32,42.26,LEFT
107.58,17.54,25.59,LEFT
66.19,15.49,50.05,RIGHT
18.52,72.24,36.66,FORWARD
69.11,35.28,22.48,LEFT
53.38,38.61,37.37,LEFT
21.14,16.14,13.79,STOP
104.92,72.41,100.75,FORWARD
100.25,71.4,20.1,FORWARD
33.78,56.9,93.87,FORWARD
54.14,13.63,103.17,RIGHT
76.25,66.6,73.7,FORWARD
46.48,41.02,112.24,RIGHT
23.36,14.54,16.11,STOP
58.55,30.13,56.81,LEFT
14.5,6.79,20.03,STOP
48.08,44.57,74.97,RIGHT
54.16,70.18,102.99,FORWARD
43.2,21.81,77.74,LEFT
22.38,6.7,70.48,RIGHT
14.75,17.96,15.65,STOP
112.99,115.44,99.68,FORWARD
40.45,23.29,79.21,LEFT
79.08,19.51,88.15,RIGHT
100.17,27.42,32.2,LEFT
84.3,94.5,84.59,FORWARD
5.36,17.57,6.72,STOP
78.98,85.27,36.27,FORWARD
13.87,13.22,23.13,STOP
72.88,30.94,79.97,LEFT
21.39,14.25,8.79,STOP
27.36,7.36,75.53,RIGHT
26.45,38.6,91.17,RIGHT
38.23,5.61,80.26,RIGHT
110.46,34.97,56.81,LEFT
54.83,33.43,56.73,RIGHT
114.72,67.25,29.21,FORWARD
73.79,21.76,56.16,RIGHT
7.65,5.27,14.82,STOP
25.26,29.25,88.6,RIGHT
16.55,15.85,10.83,STOP
21.02,55.09,36.24,FORWARD
112.13,37.53,25.89,LEFT
33.7,114.97,44.1,FORWARD
102.28,107.28,104.82,FORWARD
114.17,20.32,67.8,LEFT
15.62,14.06,11.55,STOP
115.23,42.29,20.24,LEFT
74.59,18.07,64.08,LEFT
8.61,77.91,15.65,FORWARD
47.33,31.75,80.88,RIGHT
37.04,93.77,70.65,FORWARD
12.55,14.66,21.01,STOP
101.14,39.45,57.92,LEFT
31.07,36.17,89.85,RIGHT
106.89,115.62,52.29,FORWARD
14.32,9.72,22.78,STOP
52.27,88.01,83.09,FORWARD
84.98,117.49,45.81,FORWARD
75.6,37.2,105.2,RIGHT
19.72,5.79,12.14,STOP
63.29,20.74,97.02,RIGHT
22.49,73.23,77.54,FORWARD
78.13,42.92,55.59,RIGHT
97.71,87.61,96.53,FORWARD
46.86,33.95,42.73,LEFT
111.2,31.21,46.33,LEFT
40.74,29.0,41.9,LEFT
27.06,98.42,27.84,FORWARD
37.71,36.73,108.1,RIGHT
18.04,17.03,19.77,STOP
81.99,84.15,41.45,FORWARD
6.39,63.33,82.69,FORWARD
60.56,23.35,21.22,LEFT
109.56,61.86,32.58,FORWARD
101.36,18.98,61.99,LEFT
78.7,23.44,44.26,RIGHT
19.2,19.14,20.29,STOP
69.97,14.59,109.81,RIGHT
78.03,44.58,100.99,RIGHT
117.97,110.82,37.32,FORWARD
61.08,88.39,13.66,FORWARD
12.78,8.67,10.7,STOP
57.37,6.73,74.3,LEFT
11.21,11.81,23.3,STOP
25.05,89.26,26.35,FORWARD
83.48,6.31,56.57,LEFT
98.98,40.62,53.16,LEFT
7.33,12.17,21.63,STOP
56.89,44.36,40.07,LEFT
58.91,90.84,11.6,FORWARD
30.81,33.56,82.15,RIGHT
57.73,19.51,57.64,LEFT
15.0,59.58,83.16,FORWARD
5.79,17.28,5.61,STOP
39.69,41.52,107.73,RIGHT
67.3,68.44,30.02,FORWARD
105.26,86.35,82.31,FORWARD
45.82,113.76,47.58,FORWARD
118.08,32.01,78.07,LEFT
8.29,12.23,21.49,STOP
17.48,13.67,11.87,STOP
92.31,29.06,61.31,LEFT
7.89,15.46,19.11,STOP
14.86,14.07,17.43,STOP
69.14,8.83,49.81,RIGHT
48.36,23.76,21.58,LEFT
104.59,39.5,54.31,LEFT
66.36,76.25,7.75,FORWARD
108.5,107.69,119.65,FORWARD
71.42,10.16,66.86,LEFT
84.74,35.19,40.7,LEFT
9.35,10.23,23.26,STOP
16.59,12.94,6.46,STOP
57.11,20.16,20.45,LEFT
19.73,94.37,48.4,FORWARD
60.97,65.95,67.23,FORWARD
19.96,17.24,9.5,STOP
81.15,15.2,37.13,LEFT
23.14,15.84,24.87,STOP
20.02,16.43,15.97,STOP
110.23,21.82,71.92,LEFT
73.99,44.36,88.79,RIGHT
77.02,25.91,91.07,RIGHT
32.04,22.8,79.72,RIGHT
43.12,40.3,61.94,RIGHT
109.61,118.6,116.17,FORWARD
59.53,87.07,99.8,FORWARD
55.94,13.06,80.98,RIGHT
116.25,31.17,52.77,LEFT
15.92,13.41,14.69,STOP
73.52,35.18,80.2,RIGHT
76.85,11.25,68.13,LEFT
115.7,72.51,5.96,FORWARD
42.31,29.98,111.56,RIGHT
89.87,7.48,60.77,LEFT
19.96,14.84,8.99,STOP
69.36,7.33,47.57,RIGHT
20.17,25.27,103.83,RIGHT
22.82,12.65,6.66,STOP
48.76,62.57,96.0,FORWARD
49.28,12.25,25.39,LEFT
48.43,43.83,36.03,LEFT
93.87,8.36,32.27,LEFT
19.64,16.42,7.15,STOP
20.53,12.19,14.88,STOP
44.15,24.25,77.41,RIGHT
25.14,25.22,40.68,RIGHT
5.59,7.58,6.79,STOP
55.57,25.82,48.41,LEFT
6.88,16.6,14.24,STOP
50.22,44.52,58.21,RIGHT
17.42,17.36,21.05,STOP
47.8,91.94,114.9,FORWARD
10.51,14.67,14.98,STOP
7.53,11.99,5.91,STOP
52.79,7.07,69.16,LEFT
95.48,37.66,31.28,LEFT
13.9,16.78,22.75,STOP
9.33,17.22,23.26,STOP
56.77,22.27,66.96,LEFT
61.08,59.53,39.25,FORWARD
114.82,13.46,23.1,LEFT
119.64,84.18,69.65,FORWARD
112.82,21.09,51.26,LEFT
118.21,35.33,63.67,LEFT
85.77,15.04,70.31,LEFT
66.31,43.17,62.15,LEFT
40.88,7.77,47.78,LEFT
19.04,66.82,7.76,FORWARD
5.12,9.68,21.14,STOP
87.29,8.36,28.99,LEFT
18.87,89.01,30.15,FORWARD
23.7,7.53,8.41,STOP
118.27,79.03,60.6,FORWARD
9.74,15.21,13.76,STOP
105.54,72.59,75.73,FORWARD
96.38,32.18,64.82,LEFT
25.93,8.69,91.01,RIGHT
57.69,99.74,81.28,FORWARD
94.69,59.71,50.16,FORWARD
108.63,86.94,73.18,FORWARD
64.78,41.96,20.03,LEFT
30.54,59.7,89.17,FORWARD
113.19,9.54,31.35,LEFT
13.19,7.13,9.22,STOP
51.22,10.29,56.62,LEFT
114.62,19.88,22.28,LEFT
28.31,39.65,108.6,RIGHT
64.6,39.43,51.16,RIGHT
6.96,6.18,15.44,STOP
55.25,83.42,62.83,FORWARD
36.52,15.59,41.75,RIGHT
20.37,18.57,19.59,STOP
39.56,41.83,85.0,RIGHT
101.41,59.33,24.26,FORWARD
108.5,69.86,74.28,FORWARD
5.52,12.58,6.09,STOP
10.92,19.4,14.11,STOP
76.09,92.07,23.71,FORWARD
41.57,55.25,12.19,FORWARD
105.48,11.57,59.27,LEFT
114.43,22.68,56.37,LEFT
84.8,16.26,35.39,LEFT
63.96,101.06,92.62,FORWARD
17.81,11.54,23.2,STOP
17.1,7.63,23.21,STOP
80.76,79.49,35.84,FORWARD
94.7,11.89,30.17,LEFT
43.96,36.24,42.94,LEFT
38.82,20.11,109.37,RIGHT
6.97,7.59,9.33,STOP
116.05,25.39,64.63,LEFT
89.67,33.99,50.9,LEFT
8.72,16.83,19.23,STOP
69.37,118.11,16.45,FORWARD
18.79,17.06,5.12,STOP
57.24,44.73,39.54,LEFT
65.2,15.94,56.47,LEFT
77.58,80.37,30.57,FORWARD
63.9,8.12,118.29,RIGHT
66.63,5.69,20.02,LEFT
14.28,11.6,14.46,STOP
50.9,7.06,70.34,RIGHT
23.99,36.56,71.09,RIGHT
86.26,39.79,53.92,LEFT
50.16,42.23,52.49,LEFT
98.01,44.28,41.58,LEFT
30.0,17.16,59.05,RIGHT
39.21,42.2,80.32,RIGHT
56.4,37.2,87.21,RIGHT
49.64,94.63,33.02,FORWARD
56.35,18.91,67.24,RIGHT
69.47,12.59,25.09,LEFT
54.27,40.97,29.28,LEFT
92.29,74.72,116.05,FORWARD
37.68,15.83,64.23,RIGHT
102.41,112.42,15.7,FORWARD
37.27,25.23,43.29,RIGHT
54.67,6.66,84.71,RIGHT
31.53,39.79,48.02,RIGHT
66.3,28.54,49.06,RIGHT
34.06,29.72,61.81,RIGHT
64.22,22.53,48.04,RIGHT
89.29,28.72,56.1,LEFT
13.6,10.08,16.18,STOP
6.63,18.02,10.82,STOP
64.06,33.01,40.68,RIGHT
13.78,9.14,18.88,STOP
21.56,12.15,12.32,STOP
11.54,7.45,10.7,STOP
14.61,19.86,14.5,STOP
116.32,38.43,76.29,LEFT
70.31,60.1,108.0,FORWARD
43.93,43.57,52.77,LEFT
14.7,17.99,7.82,STOP
78.87,105.21,90.55,FORWARD
62.86,55.48,29.71,FORWARD
32.87,32.9,43.59,RIGHT
7.52,8.32,6.57,STOP
7.13,19.79,23.71,STOP
54.86,14.88,109.5,RIGHT
39.12,8.74,71.72,RIGHT
72.44,39.2,62.42,RIGHT
45.32,65.06,57.72,FORWARD
73.36,55.08,94.92,FORWARD
101.26,73.73,98.92,FORWARD
8.73,7.24,14.31,STOP
50.66,34.12,79.82,RIGHT
40.25,18.54,21.53,LEFT
35.54,87.71,16.9,FORWARD
6.15,15.61,24.83,STOP
44.6,25.34,98.86,RIGHT
75.27,28.21,74.14,LEFT
7.87,18.09,10.3,STOP
73.75,43.99,76.63,RIGHT
18.6,16.52,11.76,STOP
91.03,34.92,45.69,LEFT
9.81,18.86,17.88,STOP
5.53,88.82,46.69,FORWARD
57.81,66.03,42.71,FORWARD
67.13,13.93,88.97,RIGHT
76.68,117.76,106.54,FORWARD
52.09,34.29,93.67,RIGHT
40.86,93.32,51.63,FORWARD
57.03,60.79,97.97,FORWARD
78.06,35.58,37.86,LEFT
68.34,31.38,90.31,RIGHT
38.22,88.25,54.69,FORWARD
16.55,9.0,10.89,STOP
14.48,16.23,18.06,STOP
52.64,26.31,90.93,RIGHT
67.87,107.95,50.73,FORWARD
18.72,18.71,23.75,STOP
62.39,41.02,102.29,RIGHT
27.78,39.27,115.86,RIGHT
5.27,9.86,19.53,STOP
95.5,42.89,64.13,LEFT
5.54,16.51,10.05,STOP
70.63,44.91,78.79,LEFT
51.49,67.22,79.28,FORWARD
71.11,27.17,88.56,RIGHT
41.85,31.14,54.37,LEFT
60.29,6.04,99.99,RIGHT
54.44,103.33,94.9,FORWARD
68.15,24.93,102.34,RIGHT
86.39,68.64,55.34,FORWARD
75.28,16.9,68.19,RIGHT
11.62,18.91,19.43,STOP
111.56,23.5,26.34,LEFT
13.79,7.53,16.68,STOP
73.83,35.21,22.0,LEFT
23.18,5.1,14.78,STOP
77.8,27.73,71.36,LEFT
11.79,8.37,17.25,STOP
80.82,44.04,59.81,LEFT
47.0,20.07,63.84,RIGHT
60.28,17.4,52.77,LEFT
20.04,7.51,12.88,STOP
59.2,79.46,22.02,FORWARD
63.3,102.12,70.07,FORWARD
14.37,6.58,24.5,STOP
7.4,16.92,20.8,STOP
48.29,109.95,14.79,FORWARD
15.79,17.04,21.13,STOP
9.17,5.41,11.2,STOP
63.89,58.54,23.34,FORWARD
48.39,84.24,28.87,FORWARD
22.67,15.74,12.61,STOP
25.81,19.09,58.64,RIGHT
70.06,72.21,100.62,FORWARD
41.06,23.12,88.27,RIGHT
55.46,21.53,57.84,RIGHT
5.2,16.26,23.28,STOP
71.98,68.4,79.24,FORWARD
31.18,40.54,118.67,RIGHT
48.04,13.49,83.18,RIGHT
62.84,30.58,75.8,LEFT
16.7,8.49,8.02,STOP
13.01,18.08,21.63,STOP
47.23,37.0,42.96,LEFT
117.42,25.13,34.74,LEFT
48.6,23.82,45.58,RIGHT
62.31,113.77,57.8,FORWARD
60.59,60.95,30.89,FORWARD
37.17,29.21,67.72,RIGHT
47.29,31.5,66.04,RIGHT
79.48,26.81,75.27,RIGHT
46.5,35.94,33.8,LEFT
17.45,19.35,20.89,STOP
24.48,5.86,16.8,STOP
67.41,106.61,35.75,FORWARD
78.87,11.82,69.95,LEFT
69.07,32.5,54.4,LEFT
68.28,15.43,74.26,RIGHT
53.16,69.96,111.97,FORWARD
42.64,33.15,108.57,RIGHT
13.12,114.85,26.61,FORWARD
13.89,5.67,21.86,STOP
83.85,20.39,52.35,LEFT
21.19,17.31,6.27,STOP
65.1,37.53,53.64,RIGHT
29.98,5.43,65.58,RIGHT
18.09,7.18,12.98,STOP
114.28,43.13,79.79,LEFT
88.09,44.56,48.1,LEFT
15.46,9.94,12.39,STOP
36.15,107.57,58.39,FORWARD
10.94,11.71,13.41,STOP
104.82,25.67,63.49,LEFT
15.8,10.98,24.87,STOP
74.84,5.81,50.92,LEFT
29.14,14.14,47.15,RIGHT
49.1,19.33,41.75,LEFT
56.62,11.53,116.96,RIGHT
12.24,7.58,14.78,STOP
56.68,69.4,85.67,FORWARD
16.39,5.55,11.69,STOP
13.77,71.56,77.82,FORWARD
22.66,19.44,10.64,STOP
70.8,30.07,68.03,RIGHT
76.2,18.06,52.12,RIGHT
86.64,14.3,25.31,LEFT
59.58,19.59,112.96,RIGHT
71.32,28.85,27.84,LEFT
49.18,43.15,53.11,RIGHT
118.89,26.29,36.72,LEFT
21.94,15.75,16.82,STOP
96.81,82.52,32.4,FORWARD
46.32,33.43,54.97,RIGHT
5.23,19.52,9.53,STOP
76.61,32.71,58.97,LEFT
31.57,23.4,58.38,RIGHT
74.59,15.69,71.87,LEFT
75.86,13.81,35.47,LEFT
116.45,68.09,54.04,FORWARD
62.65,32.59,117.0,RIGHT
14.71,18.79,15.35,STOP
11.37,8.41,23.99,STOP
43.39,31.71,21.99,LEFT
50.96,21.03,59.88,RIGHT
42.55,43.12,47.11,LEFT
80.38,30.5,73.81,LEFT
10.15,8.11,17.13,STOP
107.64,72.23,33.56,FORWARD
112.73,107.09,114.61,FORWARD
47.29,7.09,58.48,LEFT
104.76,8.43,59.83,LEFT
12.03,19.01,24.62,STOP
22.61,15.03,7.1,STOP
99.2,20.77,60.18,LEFT
56.24,19.62,106.66,RIGHT
116.37,43.95,32.24,LEFT
101.86,8.9,56.37,LEFT
47.09,29.05,57.74,LEFT
23.82,14.74,90.42,RIGHT
78.32,68.39,6.77,FORWARD
52.16,40.7,76.18,RIGHT
86.25,25.03,20.8,LEFT
5.53,11.89,11.12,STOP
100.04,111.77,42.56,FORWARD
48.99,31.25,20.73,LEFT
22.99,10.34,8.52,STOP
42.18,26.78,77.36,RIGHT
24.45,8.4,12.13,STOP
8.99,99.03,53.38,FORWARD
37.64,16.01,92.32,RIGHT
24.97,6.44,9.72,STOP
102.12,118.98,22.98,FORWARD
13.22,14.46,18.27,STOP
94.49,8.08,74.19,LEFT
49.33,84.26,29.26,FORWARD
92.28,19.86,66.44,LEFT
34.15,27.97,47.3,RIGHT
21.39,104.3,19.58,FORWARD
37.22,20.01,116.11,RIGHT
50.59,40.97,102.44,RIGHT
115.99,78.9,50.21,FORWARD
63.96,12.5,44.55,RIGHT
7.95,63.13,38.14,FORWARD
20.07,5.9,14.32,STOP
9.84,9.72,13.95,STOP
14.19,19.37,15.01,STOP
16.94,13.14,21.51,STOP
116.49,91.09,97.17,FORWARD
35.14,44.87,67.01,RIGHT
75.86,33.11,110.08,RIGHT
31.55,41.73,87.74,RIGHT
115.81,36.58,55.47,LEFT
39.08,78.73,42.3,FORWARD
56.23,30.96,54.01,RIGHT
36.71,55.2,98.34,FORWARD
20.75,8.93,7.68,STOP
58.83,31.54,37.48,LEFT
45.26,112.83,8.2,FORWARD
56.46,5.84,80.41,RIGHT
72.47,29.43,48.13,RIGHT
82.34,104.53,31.68,FORWARD
32.28,5.26,44.86,RIGHT
16.44,6.94,20.35,STOP
21.96,102.38,90.29,FORWARD
90.61,12.53,21.99,LEFT
43.97,108.85,8.12,FORWARD
49.41,15.3,63.44,RIGHT
26.67,9.92,55.4,RIGHT
5.58,81.15,55.51,FORWARD
27.71,27.22,93.88,RIGHT
12.91,12.25,11.06,STOP
10.89,19.33,6.59,STOP
11.48,78.75,116.29,FORWARD
78.73,58.56,108.31,FORWARD
12.65,108.79,112.58,FORWARD
14.67,12.86,21.09,STOP
94.29,58.6,76.92,FORWARD
21.83,12.62,19.63,STOP
18.48,8.39,19.42,STOP
19.51,5.24,16.19,STOP
7.59,9.76,22.48,STOP
75.18,72.81,44.29,FORWARD
74.44,107.2,15.0,FORWARD
36.91,41.65,80.02,RIGHT
23.82,35.51,108.45,RIGHT
111.18,24.03,31.55,LEFT
67.34,16.56,52.88,LEFT
44.27,35.64,48.8,LEFT
100.44,28.44,65.31,LEFT
20.99,24.73,104.7,RIGHT
13.87,7.14,8.45,STOP
99.18,15.29,63.18,LEFT
98.14,34.19,73.92,LEFT
11.01,16.46,20.42,STOP
10.66,11.57,11.42,STOP
85.04,98.13,28.72,FORWARD
14.09,9.87,18.72,STOP
22.54,18.86,23.82,STOP
7.68,6.75,12.44,STOP
10.34,7.68,7.15,STOP
14.11,6.42,9.52,STOP
66.42,14.61,39.44,LEFT
43.71,79.63,41.52,FORWARD
105.14,22.35,53.11,LEFT
98.59,55.65,8.45,FORWARD
8.53,19.61,17.62,STOP
47.53,25.29,100.98,RIGHT
38.78,38.65,89.26,RIGHT
73.88,114.36,57.54,FORWARD
15.86,115.81,35.43,FORWARD
112.3,44.95,57.48,LEFT
94.17,7.26,30.36,LEFT
19.11,5.12,24.45,STOP
56.21,37.68,35.89,LEFT
20.73,114.25,50.38,FORWARD
47.12,25.4,64.79,LEFT
6.89,20.0,5.34,STOP
94.68,119.46,72.01,FORWARD
21.73,17.28,23.32,STOP
103.0,88.92,20.77,FORWARD
80.26,5.7,44.8,LEFT
74.22,26.68,21.59,LEFT
108.34,11.27,28.84,LEFT
74.38,9.85,69.05,LEFT
14.82,13.45,21.75,STOP
60.95,23.43,49.0,RIGHT
41.92,22.41,67.87,RIGHT
22.98,17.28,14.86,STOP
22.13,24.24,70.47,RIGHT
6.57,15.04,6.97,STOP
32.88,107.21,31.96,FORWARD
6.65,106.18,96.43,FORWARD
70.39,14.28,55.83,LEFT
17.26,115.76,30.8,FORWARD
24.44,19.47,20.42,STOP
17.44,12.77,19.78,STOP
117.2,36.36,39.49,LEFT
87.02,105.43,115.12,FORWARD
73.05,97.71,38.45,FORWARD
61.36,39.77,98.99,RIGHT
61.74,16.45,98.45,RIGHT
118.86,110.35,63.4,FORWARD
118.08,25.02,36.1,LEFT
59.39,18.01,93.58,RIGHT
57.6,13.19,75.4,RIGHT
77.57,30.35,52.35,RIGHT
113.93,90.05,79.69,FORWARD
106.14,26.24,68.28,LEFT
17.76,79.56,28.55,FORWARD
11.4,10.3,14.67,STOP
74.57,8.26,69.72,RIGHT
92.26,91.76,31.8,FORWARD
29.23,83.87,78.48,FORWARD
20.84,8.48,11.07,STOP
103.86,35.42,20.43,LEFT
44.88,28.72,42.43,RIGHT
5.73,72.06,41.22,FORWARD
89.99,9.49,48.72,LEFT
40.76,70.83,85.63,FORWARD
83.53,15.07,26.82,LEFT
28.95,33.55,60.76,RIGHT
31.57,104.87,62.78,FORWARD
20.61,21.0,114.56,RIGHT
67.29,25.2,66.35,RIGHT
51.79,97.3,23.25,FORWARD
41.98,33.04,83.35,RIGHT
49.65,41.11,80.28,RIGHT
7.96,18.72,7.76,STOP
73.13,24.73,31.85,LEFT
101.13,22.04,41.6,LEFT
91.93,5.17,58.45,LEFT
56.94,13.27,44.89,LEFT
15.86,14.99,18.43,STOP
111.14,34.19,79.53,LEFT
34.7,91.98,61.65,FORWARD
44.36,21.63,61.82,RIGHT
62.08,6.86,90.48,RIGHT
85.56,16.3,59.06,LEFT
8.93,13.98,24.77,STOP
22.99,15.11,70.97,RIGHT
58.54,9.98,24.03,LEFT
57.7,25.57,31.11,LEFT
70.95,80.74,46.45,FORWARD
63.1,68.23,119.87,FORWARD
48.29,15.5,46.64,LEFT
66.95,99.4,27.42,FORWARD
58.27,22.48,60.24,LEFT
60.15,18.78,97.18,RIGHT
15.38,71.55,11.46,FORWARD
24.28,6.1,21.09,STOP
50.24,26.46,43.15,LEFT
18.9,8.12,12.43,STOP
35.08,16.56,87.33,RIGHT
69.59,12.53,33.99,LEFT
12.18,9.79,9.37,STOP
64.28,31.32,44.38,LEFT
64.68,14.61,112.04,RIGHT
117.1,77.9,48.81,FORWARD
11.49,17.75,11.99,STOP
43.51,60.62,84.47,FORWARD
80.35,42.22,26.0,LEFT
42.07,115.44,89.99,FORWARD
43.47,13.28,31.44,LEFT
68.34,26.07,64.67,LEFT
82.01,29.72,32.82,LEFT
79.77,24.5,71.05,LEFT
6.12,17.57,21.83,STOP
114.43,22.4,27.33,LEFT
112.74,43.13,26.63,LEFT
118.59,87.74,83.49,FORWARD
63.59,26.88,52.19,RIGHT
40.07,12.26,62.04,LEFT
37.85,43.5,84.99,RIGHT
39.66,34.31,90.23,RIGHT
23.49,28.41,77.3,RIGHT
107.17,63.47,87.34,FORWARD
54.24,65.84,62.51,FORWARD
95.74,9.05,60.78,LEFT
83.68,33.63,35.95,LEFT
48.46,7.57,78.66,LEFT
66.53,23.84,96.77,RIGHT
107.64,104.3,69.13,FORWARD
12.32,69.05,96.75,FORWARD
53.18,65.17,39.88,FORWARD
76.1,112.31,92.02,FORWARD
82.3,7.53,37.44,LEFT
34.88,103.73,66.17,FORWARD
71.13,27.47,73.53,LEFT
74.57,19.46,53.91,LEFT
29.53,42.88,79.17,RIGHT
26.15,18.49,52.5,RIGHT
20.92,18.76,10.18,STOP
14.35,10.18,14.3,STOP
49.14,44.66,42.19,LEFT
17.03,11.5,19.74,STOP
93.77,5.62,37.67,LEFT
82.78,13.69,37.08,LEFT
60.67,73.47,111.23,FORWARD
12.11,6.91,17.0,STOP
16.63,88.49,55.86,FORWARD
13.12,15.17,15.09,STOP
15.33,18.78,23.65,STOP
18.88,18.51,12.65,STOP
27.78,36.89,48.28,RIGHT
69.3,34.58,83.48,RIGHT
62.59,36.41,55.2,RIGHT
6.48,13.71,16.97,STOP
54.09,42.91,48.34,LEFT
66.06,16.85,49.97,RIGHT
31.27,116.24,55.58,FORWARD
29.34,44.84,102.52,RIGHT
50.36,41.51,99.91,RIGHT
83.88,8.36,23.72,LEFT
56.03,96.91,50.92,FORWARD
62.04,21.17,68.2,RIGHT
68.76,21.97,39.02,LEFT
118.11,17.23,57.72,LEFT
64.99,9.92,71.76,LEFT
11.88,8.62,8.46,STOP
44.33,5.1,109.15,RIGHT
24.18,6.95,10.77,STOP
111.86,72.84,117.06,FORWARD
8.35,13.29,24.79,STOP
106.41,32.64,51.92,LEFT
43.8,38.44,52.65,LEFT
109.61,34.59,26.71,LEFT
34.82,91.73,45.0,FORWARD
63.99,43.4,37.68,LEFT
55.65,5.31,78.99,LEFT
23.56,11.27,20.44,STOP
42.55,6.57,64.96,LEFT
113.52,74.65,98.14,FORWARD
115.6,28.99,49.65,LEFT
39.08,16.15,62.04,RIGHT
76.08,87.16,104.44,FORWARD
61.19,115.71,17.43,FORWARD
110.38,22.98,39.45,LEFT
76.31,15.12,47.11,RIGHT
10.48,10.9,16.03,STOP
92.52,84.71,101.64,FORWARD
11.61,17.66,22.45,STOP
117.26,32.57,43.5,LEFT
24.04,15.38,22.55,STOP
16.5,19.22,7.31,STOP
22.46,18.43,18.59,STOP
80.78,67.42,106.12,FORWARD
8.26,12.47,22.92,STOP
88.48,70.82,113.23,FORWARD
17.85,18.89,13.45,STOP
70.08,24.58,70.6,LEFT
102.15,35.56,76.94,LEFT
58.39,43.64,77.94,RIGHT
24.84,17.85,5.56,STOP
40.63,118.55,92.99,FORWARD
44.43,6.73,117.01,RIGHT
109.2,80.2,12.51,FORWARD
90.37,18.21,78.4,LEFT
18.52,15.42,15.03,STOP
8.94,15.98,21.72,STOP
13.58,8.58,7.69,STOP
62.98,11.05,39.7,LEFT
71.33,8.96,43.29,LEFT
76.63,5.37,25.97,LEFT
26.33,34.14,88.76,RIGHT
13.41,19.27,22.28,STOP
6.69,66.45,110.21,FORWARD
50.42,6.71,23.72,LEFT
102.4,114.54,34.68,FORWARD
88.61,21.8,31.3,LEFT
98.49,109.4,25.06,FORWARD
96.74,25.0,31.62,LEFT
32.71,36.45,60.75,RIGHT
92.52,73.49,52.41,FORWARD
73.1,8.5,63.7,RIGHT
49.71,42.94,67.98,RIGHT
12.73,17.83,23.25,STOP
59.95,6.74,60.77,LEFT
5.93,18.35,24.91,STOP
73.34,36.99,40.95,LEFT
58.82,35.99,40.12,RIGHT
40.77,28.8,53.08,RIGHT
24.49,81.02,43.78,FORWARD
82.33,42.56,32.95,LEFT
84.48,42.83,46.42,LEFT
43.87,43.84,51.44,RIGHT
8.05,18.67,21.63,STOP
95.69,73.65,100.56,FORWARD
54.64,70.56,8.5,FORWARD
64.51,9.59,42.99,RIGHT
63.52,26.12,29.17,LEFT
41.36,67.76,16.32,FORWARD
76.49,34.06,63.02,LEFT
60.3,77.3,119.57,FORWARD
28.62,27.69,67.83,RIGHT
53.25,85.33,21.14,FORWARD
41.45,56.18,18.48,FORWARD
35.56,18.86,104.82,RIGHT
81.05,43.8,48.9,LEFT
92.72,7.83,61.3,LEFT
74.04,17.37,41.98,LEFT
116.1,107.02,72.6,FORWARD
25.05,28.08,97.8,RIGHT
38.34,7.11,109.11,RIGHT
43.11,11.98,31.57,LEFT
16.79,111.16,44.28,FORWARD
105.38,36.75,42.58,LEFT
37.38,24.07,115.34,RIGHT
32.11,11.5,44.38,RIGHT
45.36,26.5,26.29,LEFT
82.95,87.37,71.56,FORWARD
6.27,15.92,19.98,STOP
76.64,90.14,92.82,FORWARD
24.45,19.3,5.64,STOP
63.3,39.12,32.69,LEFT
24.57,10.08,16.68,STOP
12.65,7.13,17.45,STOP
8.14,12.97,21.18,STOP
56.57,31.74,49.71,RIGHT
26.89,41.15,96.69,RIGHT
67.96,24.98,118.19,RIGHT
43.13,93.03,28.49,FORWARD
64.05,27.97,39.33,LEFT
10.98,72.86,91.84,FORWARD
72.9,28.14,68.52,RIGHT
96.19,21.08,32.13,LEFT
86.0,43.52,55.55,LEFT
20.6,6.52,13.92,STOP
53.54,38.21,108.79,RIGHT
24.18,6.76,21.48,STOP
28.34,41.48,89.93,RIGHT
79.91,98.75,14.67,FORWARD
69.37,43.74,47.47,LEFT
53.52,27.44,30.85,LEFT
66.41,9.33,59.56,RIGHT
44.05,20.04,60.86,RIGHT
84.46,91.5,81.39,FORWARD
85.61,91.54,49.76,FORWARD
66.06,28.43,75.21,RIGHT
96.45,89.19,47.5,FORWARD
53.73,113.12,108.2,FORWARD
79.34,7.43,60.05,LEFT
59.12,33.87,88.4,RIGHT
69.86,44.88,85.12,RIGHT
8.98,18.34,17.68,STOP
98.93,18.29,74.21,LEFT
93.65,28.18,40.48,LEFT
13.8,5.54,22.12,STOP
59.51,72.7,79.15,FORWARD
21.03,8.23,17.94,STOP
92.29,21.32,54.44,LEFT
52.87,36.63,89.29,RIGHT
23.44,7.28,5.94,STOP
109.64,110.15,92.4,FORWARD
63.74,42.34,73.75,LEFT
15.82,6.52,21.87,STOP
17.66,6.53,13.33,STOP
62.8,114.24,74.89,FORWARD
20.81,75.72,83.79,FORWARD
98.91,55.25,91.39,FORWARD
21.27,10.74,10.22,STOP
70.86,33.35,46.66,LEFT
23.71,15.71,8.31,STOP
60.89,7.6,98.31,RIGHT
109.89,12.11,65.63,LEFT
54.1,36.65,42.67,RIGHT
43.0,20.25,53.83,LEFT
23.35,89.59,112.63,FORWARD
80.55,72.76,108.2,FORWARD
66.93,22.18,92.06,RIGHT
72.91,8.49,60.56,RIGHT
14.15,7.75,18.72,STOP
86.33,58.71,39.08,FORWARD
10.17,12.29,9.61,STOP
17.13,116.79,93.41,FORWARD
42.69,21.68,84.87,RIGHT
118.49,70.52,82.74,FORWARD
57.77,43.97,50.32,RIGHT
32.53,19.35,44.37,RIGHT
44.8,115.94,36.11,FORWARD
7.68,108.79,26.59,FORWARD
94.97,76.72,106.15,FORWARD
41.52,65.05,80.38,FORWARD
77.64,6.84,74.57,LEFT
74.31,30.28,82.48,RIGHT
74.54,42.2,42.14,LEFT
81.01,6.87,29.12,LEFT
45.68,14.78,58.37,LEFT
12.55,81.25,27.68,FORWARD
68.69,62.61,66.63,FORWARD
62.29,92.28,98.65,FORWARD
10.25,76.41,107.48,FORWARD
77.57,30.14,75.36,LEFT
12.7,5.9,20.72,STOP
113.08,91.26,109.56,FORWARD
66.96,8.02,28.9,LEFT
24.78,12.21,15.81,STOP
52.0,77.11,100.14,FORWARD
21.25,35.97,78.28,RIGHT
56.66,18.49,73.82,RIGHT
43.73,21.19,74.18,LEFT
60.61,58.03,98.36,FORWARD
48.35,116.0,71.46,FORWARD
11.99,19.29,7.68,STOP
48.6,94.4,29.35,FORWARD
22.24,7.2,15.81,STOP
20.82,33.98,43.91,RIGHT
57.36,33.32,69.79,RIGHT
82.35,22.01,47.83,LEFT
93.66,30.45,60.19,LEFT
88.26,67.83,66.33,FORWARD
16.99,14.74,17.32,STOP
54.42,17.31,44.7,LEFT
50.69,65.71,89.3,FORWARD
23.6,30.51,59.17,RIGHT
21.31,15.05,10.85,STOP
21.39,10.11,14.81,STOP
42.04,106.62,109.47,FORWARD
42.78,7.64,69.95,RIGHT
115.96,26.75,64.14,LEFT
46.2,27.45,54.33,LEFT
53.0,7.42,62.61,RIGHT
64.76,25.51,44.91,LEFT
69.36,74.72,45.81,FORWARD
48.91,30.43,80.06,RIGHT
21.77,9.84,10.29,STOP
21.73,25.89,86.6,RIGHT
9.65,7.02,20.58,STOP
60.96,11.37,88.05,RIGHT
22.8,8.01,119.41,RIGHT
50.13,17.16,99.36,RIGHT
33.22,116.99,8.3,FORWARD
15.23,10.77,19.53,STOP
34.2,21.05,119.09,RIGHT
45.02,30.81,91.44,RIGHT
35.58,28.7,78.45,RIGHT
68.11,33.79,24.06,LEFT
77.93,58.4,29.05,FORWARD
67.75,85.54,35.37,FORWARD
98.87,41.28,24.28,LEFT
102.52,74.62,46.54,FORWARD
113.19,20.69,26.38,LEFT
67.45,22.54,70.58,LEFT
69.8,44.62,21.93,LEFT
18.06,91.34,14.51,FORWARD
35.51,85.05,52.28,FORWARD
116.54,108.55,94.6,FORWARD
101.83,76.62,40.99,FORWARD
72.63,11.16,67.8,RIGHT
64.85,36.73,48.18,LEFT
75.23,36.11,63.12,LEFT
77.66,79.59,56.07,FORWARD
75.31,39.41,46.55,RIGHT
115.44,40.22,69.89,LEFT
8.29,7.52,6.2,STOP
41.71,22.61,79.55,RIGHT
51.49,8.45,48.53,RIGHT
6.6,17.41,10.2,STOP
95.04,6.26,58.32,LEFT
10.37,5.71,11.83,STOP
28.67,82.57,13.83,FORWARD
58.98,14.56,76.31,RIGHT
66.16,31.2,92.1,RIGHT
100.09,40.06,68.32,LEFT
11.09,11.89,20.98,STOP
115.8,88.73,91.81,FORWARD
64.67,63.51,71.43,FORWARD
6.45,94.56,64.2,FORWARD
13.29,65.69,95.06,FORWARD
112.08,36.23,78.91,LEFT
92.6,28.8,50.81,LEFT
63.93,13.69,115.75,RIGHT
78.42,17.68,30.3,LEFT
8.72,12.29,7.83,STOP
31.07,12.37,56.26,RIGHT
60.69,38.86,103.63,RIGHT
10.58,18.26,16.82,STOP
29.87,35.76,118.04,RIGHT
7.8,97.3,115.38,FORWARD
87.36,69.6,33.39,FORWARD
18.2,12.95,15.44,STOP
64.48,34.54,63.04,LEFT
52.59,31.2,64.87,LEFT
81.18,81.7,59.57,FORWARD
15.94,7.44,18.65,STOP
19.02,100.58,72.62,FORWARD
84.38,13.21,33.4,LEFT
24.94,15.37,23.8,STOP
86.24,96.56,73.5,FORWARD
70.15,42.99,78.16,LEFT
33.42,22.51,47.99,RIGHT
99.05,77.29,23.57,FORWARD
34.85,101.58,110.32,FORWARD
42.68,27.93,93.67,RIGHT
11.89,13.65,16.6,STOP
103.56,20.65,60.98,LEFT
10.88,85.2,63.7,FORWARD
79.64,5.48,26.73,LEFT
90.19,40.89,79.75,LEFT
20.68,13.02,7.18,STOP
21.64,26.62,54.36,RIGHT
60.4,29.13,26.58,LEFT
51.4,101.35,76.76,FORWARD
80.5,14.66,24.75,LEFT
90.5,100.46,48.7,FORWARD
40.22,8.27,77.81,RIGHT
43.0,13.46,75.62,LEFT
54.33,76.42,102.16,FORWARD
24.55,9.45,16.05,STOP
26.01,37.66,80.82,RIGHT
16.01,7.27,24.83,STOP
59.61,15.84,48.49,RIGHT
61.6,29.39,44.29,RIGHT
54.48,37.35,116.99,RIGHT
90.23,82.8,26.36,FORWARD
10.94,105.89,54.85,FORWARD
6.39,13.13,13.07,STOP
6.88,9.67,7.13,STOP
78.72,17.95,35.52,LEFT
74.35,15.0,56.84,LEFT
79.58,38.97,61.03,LEFT
21.97,5.46,18.56,STOP
10.61,19.29,17.49,STOP
9.28,11.93,23.15,STOP
116.93,31.81,62.69,LEFT
103.38,35.93,59.39,LEFT
46.09,5.5,44.07,LEFT
108.7,33.29,48.27,LEFT
77.78,13.17,60.0,LEFT
11.42,9.89,12.04,STOP
9.29,18.83,10.45,STOP
74.05,11.84,64.45,RIGHT
14.91,12.16,13.52,STOP
85.21,117.55,86.9,FORWARD
23.82,72.37,67.6,FORWARD
65.44,7.24,45.63,LEFT
19.24,11.06,24.35,STOP
8.7,11.89,19.1,STOP
48.25,28.47,47.37,RIGHT
12.04,8.12,13.1,STOP
16.72,12.91,14.94,STOP
22.58,104.19,55.39,FORWARD
19.36,9.5,14.05,STOP
29.32,87.15,58.83,FORWARD
10.64,10.28,18.02,STOP
100.87,42.41,56.95,LEFT
118.34,11.9,75.67,LEFT
48.02,33.28,28.86,LEFT
72.09,116.02,71.34,FORWARD
9.48,59.19,5.99,FORWARD
87.94,10.22,46.04,LEFT
43.33,32.97,88.51,RIGHT
109.98,42.41,74.57,LEFT
8.49,17.23,24.06,STOP
15.34,13.36,19.25,STOP
95.8,28.96,50.66,LEFT
11.28,95.74,76.64,FORWARD
107.05,24.89,49.51,LEFT
11.54,16.05,9.67,STOP
110.49,98.36,43.46,FORWARD
13.8,10.97,13.59,STOP
47.13,29.73,109.21,RIGHT
50.5,34.03,42.73,RIGHT
8.07,11.98,18.12,STOP
82.3,103.32,112.67,FORWARD
64.75,25.2,63.79,RIGHT
51.06,16.56,26.01,LEFT
50.71,5.57,58.62,RIGHT
99.21,98.03,22.69,FORWARD
8.37,12.61,8.84,STOP
72.58,12.66,118.43,RIGHT
67.15,40.61,92.28,RIGHT
85.85,43.1,32.63,LEFT
45.64,63.49,29.29,FORWARD
87.11,100.25,37.09,FORWARD
38.95,44.87,114.82,RIGHT
51.78,6.53,62.24,LEFT
32.55,90.11,33.56,FORWARD
47.04,17.41,52.97,RIGHT
20.35,6.12,16.17,STOP
51.47,38.78,91.41,RIGHT
19.11,14.86,15.44,STOP
47.29,98.24,48.1,FORWARD
82.03,8.2,64.8,LEFT
21.57,15.59,6.21,STOP
61.02,14.21,94.13,RIGHT
50.93,20.16,48.72,RIGHT
12.2,11.58,18.39,STOP
13.18,75.78,119.5,FORWARD
101.61,27.41,44.1,LEFT
15.93,18.67,14.51,STOP
20.72,18.41,16.77,STOP
80.88,29.33,24.6,LEFT
60.22,12.6,34.57,LEFT
25.29,18.32,57.65,RIGHT
90.51,88.13,24.11,FORWARD
50.29,20.89,27.24,LEFT
47.7,23.99,64.36,LEFT
82.02,12.3,70.27,LEFT
54.89,108.59,22.99,FORWARD
63.46,6.08,75.55,RIGHT
49.54,42.51,45.89,LEFT
34.92,36.68,110.95,RIGHT
74.71,41.99,71.6,RIGHT
33.92,7.96,96.85,RIGHT
32.82,113.36,45.8,FORWARD
97.39,44.84,62.61,LEFT
32.27,28.19,50.08,RIGHT
35.11,12.3,91.7,RIGHT
68.08,43.77,81.66,RIGHT
66.36,37.02,58.57,LEFT
31.32,39.18,112.52,RIGHT
11.37,5.18,17.56,STOP
6.76,6.5,20.62,STOP
69.14,33.96,71.55,LEFT
6.24,11.05,20.59,STOP
10.54,79.93,50.54,FORWARD
60.32,40.17,46.2,LEFT
81.8,61.3,63.03,FORWARD
6.92,10.7,18.05,STOP
84.67,38.91,33.28,LEFT
15.81,101.38,106.49,FORWARD
8.85,14.78,14.27,STOP
63.7,17.9,52.08,LEFT
12.07,8.43,20.1,STOP
69.45,41.11,117.52,RIGHT
46.99,27.88,117.08,RIGHT
59.22,6.81,53.47,LEFT
21.15,15.64,22.56,STOP
33.85,8.11,62.44,RIGHT
63.1,95.88,111.33,FORWARD
113.74,36.19,33.05,LEFT
116.82,15.17,56.56,LEFT
7.77,9.34,18.06,STOP
116.8,14.5,21.1,LEFT
91.03,30.13,51.75,LEFT
77.76,98.82,92.01,FORWARD
75.52,20.37,95.47,RIGHT
20.72,10.19,15.99,STOP
10.2,13.96,19.78,STOP
23.09,9.09,7.05,STOP
42.22,62.32,115.8,FORWARD
69.84,13.67,114.13,RIGHT
12.02,67.98,69.03,FORWARD
72.64,110.47,58.48,FORWARD
66.07,44.82,33.0,LEFT
17.12,82.63,99.24,FORWARD
5.56,18.69,14.21,STOP
10.78,97.65,35.31,FORWARD
78.52,40.43,40.02,RIGHT
33.36,78.14,24.19,FORWARD
44.69,33.66,84.55,RIGHT
24.08,10.31,17.37,STOP
77.99,63.25,67.84,FORWARD
43.58,10.8,106.35,RIGHT
6.39,17.91,8.19,STOP
45.59,14.23,111.04,RIGHT
54.92,43.72,77.54,RIGHT
89.69,106.98,116.52,FORWARD
110.62,30.26,66.96,LEFT
80.51,14.58,71.01,LEFT
21.65,10.57,21.5,STOP
72.39,29.05,62.64,LEFT
72.76,35.86,37.5,LEFT
108.73,19.9,31.99,LEFT
13.13,17.03,14.68,STOP
21.54,12.24,10.65,STOP
76.89,5.89,57.92,RIGHT
82.23,87.68,60.72,FORWARD
27.96,111.86,113.61,FORWARD
22.63,29.61,68.8,RIGHT
42.36,7.24,69.33,LEFT
40.8,26.25,77.98,LEFT
24.87,16.15,77.58,RIGHT
55.51,25.05,23.86,LEFT
22.37,70.91,75.57,FORWARD
37.75,19.03,87.52,RIGHT
51.82,80.23,34.61,FORWARD
18.07,10.58,20.44,STOP
99.51,62.46,73.64,FORWARD
48.18,44.77,109.66,RIGHT
22.08,10.78,6.38,STOP
40.75,42.35,72.81,RIGHT
80.46,67.88,97.95,FORWARD
93.89,92.27,38.61,FORWARD
41.67,41.66,66.21,RIGHT
62.12,19.53,100.14,RIGHT
105.87,71.12,38.8,FORWARD
44.17,44.26,66.1,LEFT
16.3,6.2,17.14,STOP
18.82,103.36,108.02,FORWARD
60.73,41.23,59.28,RIGHT
68.75,116.8,97.35,FORWARD
52.98,17.35,77.13,LEFT
65.1,40.48,68.25,LEFT
51.87,75.55,77.65,FORWARD
97.75,77.79,22.16,FORWARD
65.95,14.65,74.54,RIGHT
64.0,38.07,93.43,RIGHT
98.32,30.49,40.11,LEFT
19.34,11.42,7.23,STOP
93.43,59.9,31.74,FORWARD
44.94,39.29,55.51,RIGHT
87.05,5.14,53.33,LEFT
32.62,81.67,42.75,FORWARD
17.73,19.48,5.39,STOP
71.4,40.67,53.62,RIGHT
67.88,26.25,104.46,RIGHT
23.9,11.42,10.51,STOP
37.6,26.85,116.13,RIGHT
76.32,74.43,74.79,FORWARD
107.07,19.43,74.24,LEFT
61.66,32.97,95.49,RIGHT
119.74,23.87,20.93,LEFT
49.55,29.32,110.77,RIGHT
8.2,18.31,18.9,STOP
77.62,30.72,21.34,LEFT
46.38,17.99,46.95,RIGHT
106.91,99.24,42.7,FORWARD
97.67,33.56,60.41,LEFT
112.1,7.4,48.09,LEFT
40.14,112.24,106.72,FORWARD
69.47,15.2,73.3,RIGHT
56.5,36.9,87.75,RIGHT
30.32,65.54,77.88,FORWARD
53.88,35.85,60.26,RIGHT
28.12,27.66,67.03,RIGHT
84.09,84.73,18.11,FORWARD
76.95,23.15,42.03,RIGHT
89.13,97.57,9.63,FORWARD
88.12,37.5,45.92,LEFT
108.05,62.39,33.47,FORWARD
16.57,14.69,12.43,STOP
44.38,106.07,19.45,FORWARD
43.37,37.15,59.2,LEFT
65.95,25.44,116.02,RIGHT
11.25,101.42,41.3,FORWARD
45.44,91.42,107.43,FORWARD
65.91,32.47,98.12,RIGHT
103.41,74.4,8.96,FORWARD
47.05,21.71,46.95,LEFT
100.0,37.12,76.81,LEFT
101.91,23.05,32.6,LEFT
16.76,9.62,17.5,STOP
69.51,15.54,91.73,RIGHT
103.76,38.4,62.47,LEFT
15.14,16.41,6.14,STOP
118.88,16.96,53.05,LEFT
67.43,12.13,57.08,RIGHT
23.51,15.75,17.88,STOP
85.02,30.38,55.07,LEFT
84.55,12.47,41.86,LEFT
97.65,118.09,21.39,FORWARD
99.4,9.82,56.37,LEFT
40.3,18.76,28.92,LEFT
12.75,10.66,8.88,STOP
55.36,12.34,47.2,LEFT
70.59,20.14,74.36,RIGHT
79.5,59.0,55.5,FORWARD
55.37,26.15,105.53,RIGHT
63.13,9.77,24.79,LEFT
7.25,5.69,14.8,STOP
23.95,77.48,22.08,FORWARD
15.9,9.78,17.5,STOP
55.7,9.15,41.54,LEFT
20.46,82.59,71.4,FORWARD
56.66,10.56,63.88,RIGHT
28.65,78.04,37.68,FORWARD
23.75,38.26,72.33,RIGHT
94.14,116.77,60.55,FORWARD
54.72,43.15,50.71,LEFT
93.38,43.78,79.51,LEFT
33.09,42.51,83.08,RIGHT
99.43,26.67,59.61,LEFT
96.41,22.16,74.51,LEFT
37.05,44.74,73.32,RIGHT
15.28,8.78,5.87,STOP
45.95,32.45,53.3,RIGHT
101.83,63.86,110.53,FORWARD
12.12,17.11,9.05,STOP
9.11,9.16,13.51,STOP
81.89,28.1,65.97,LEFT
22.28,20.39,104.21,RIGHT
21.46,18.5,5.72,STOP
73.05,35.37,57.45,RIGHT
14.76,12.79,23.37,STOP
79.04,33.96,25.88,LEFT
13.08,18.83,22.2,STOP
68.2,65.2,76.25,FORWARD
48.72,27.3,30.85,LEFT
22.52,8.86,7.84,STOP
23.03,19.57,6.53,STOP
107.59,105.74,17.11,FORWARD
20.06,29.82,64.72,RIGHT
30.92,82.22,70.49,FORWARD
112.0,7.42,61.93,LEFT
10.69,14.36,14.53,STOP
76.61,41.64,62.22,RIGHT
9.15,19.18,12.25,STOP
86.95,57.48,116.07,FORWARD
59.92,14.28,98.56,RIGHT
11.53,17.92,21.34,STOP
57.99,23.2,34.4,LEFT
75.53,40.82,98.67,RIGHT
105.84,34.55,23.3,LEFT
47.86,76.09,39.02,FORWARD
31.46,15.43,60.76,RIGHT
11.85,95.26,41.39,FORWARD
38.61,74.85,105.0,FORWARD
69.3,8.45,45.92,RIGHT
14.93,19.57,22.06,STOP
72.12,7.9,44.99,RIGHT
79.69,31.94,32.66,LEFT
55.84,24.4,98.47,RIGHT
16.17,8.2,6.58,STOP
15.84,14.88,17.19,STOP
22.12,16.69,21.98,STOP
92.84,8.1,24.23,LEFT
82.39,92.75,60.68,FORWARD
81.46,76.16,97.28,FORWARD
70.99,14.42,43.87,RIGHT
17.42,56.84,54.26,FORWARD
17.69,6.87,19.09,STOP
43.24,18.55,25.81,LEFT
7.07,14.44,11.29,STOP
95.07,103.99,53.64,FORWARD
24.61,19.43,9.78,STOP
23.99,5.16,5.6,STOP
44.81,38.85,95.45,RIGHT
48.05,37.81,70.92,RIGHT
52.86,9.72,59.72,RIGHT
12.41,16.87,13.71,STOP
67.18,25.31,33.07,LEFT
77.64,32.78,71.69,LEFT
10.6,14.39,21.58,STOP
51.97,5.4,100.96,RIGHT
56.5,17.21,87.42,RIGHT
14.31,18.94,24.62,STOP
7.71,10.22,10.15,STOP
45.11,114.45,34.91,FORWARD
51.19,7.95,117.26,RIGHT
18.65,10.77,6.11,STOP
18.54,87.37,24.66,FORWARD
39.85,24.57,73.16,RIGHT
17.08,5.07,5.74,STOP
39.6,42.83,106.12,RIGHT
10.27,15.08,15.63,STOP
90.07,44.4,61.93,LEFT
10.54,89.85,73.58,FORWARD
10.89,15.87,18.49,STOP
105.64,29.56,29.54,LEFT
41.73,34.86,65.15,LEFT
23.21,15.18,108.22,RIGHT
24.08,37.25,76.5,RIGHT
70.14,11.39,44.08,RIGHT
63.94,71.71,111.1,FORWARD
45.93,29.51,78.6,LEFT
69.16,28.38,98.95,RIGHT
81.66,109.97,99.4,FORWARD
24.3,17.27,18.16,STOP
8.16,16.12,13.8,STOP
12.48,13.16,15.34,STOP
12.59,61.22,20.6,FORWARD
35.51,34.04,52.71,RIGHT
7.97,17.89,24.04,STOP
74.1,11.84,70.46,RIGHT
70.92,39.26,78.0,RIGHT
54.75,13.77,79.84,LEFT
15.46,8.35,10.93,STOP
113.59,94.25,82.41,FORWARD
115.03,26.25,39.66,LEFT
71.61,34.22,66.34,LEFT
52.46,23.6,108.1,RIGHT
30.37,59.11,10.9,FORWARD
9.86,9.77,7.98,STOP
103.5,88.68,53.86,FORWARD
52.36,5.12,46.55,RIGHT
88.27,8.22,55.47,LEFT
11.42,6.61,23.66,STOP
67.9,28.26,30.06,LEFT
84.14,40.57,21.97,LEFT
61.0,31.76,49.39,LEFT
33.46,18.19,45.91,RIGHT
83.11,20.77,20.36,LEFT
39.68,39.93,104.86,RIGHT
83.48,22.18,62.29,LEFT
53.6,44.88,99.22,RIGHT
50.66,15.53,105.68,RIGHT
106.66,11.98,42.38,LEFT
40.98,13.97,71.65,LEFT
41.57,6.68,118.06,RIGHT
101.72,23.77,58.18,LEFT
9.88,75.37,37.35,FORWARD
49.73,24.8,72.79,LEFT
34.63,116.36,55.9,FORWARD
19.88,5.79,21.13,STOP
13.45,56.61,67.25,FORWARD
13.78,5.21,11.25,STOP
61.02,36.02,101.88,RIGHT
20.87,18.91,24.87,STOP
77.49,29.22,118.82,RIGHT
24.31,8.69,18.43,STOP
62.13,62.81,93.07,FORWARD
36.02,71.52,82.1,FORWARD
47.27,24.41,58.67,LEFT
16.8,7.19,20.78,STOP
64.51,71.37,12.91,FORWARD
60.3,22.23,112.77,RIGHT
7.07,56.03,42.52,FORWARD
104.45,15.87,50.42,LEFT
54.89,87.67,99.36,FORWARD
24.76,17.82,13.89,STOP
70.06,29.83,43.8,LEFT
42.06,22.17,72.53,LEFT
7.83,6.4,11.8,STOP
70.92,17.39,47.79,LEFT
39.8,17.29,81.51,RIGHT
71.84,34.55,54.81,LEFT
10.13,19.2,7.62,STOP
72.09,72.42,73.92,FORWARD
117.23,71.07,104.07,FORWARD
17.8,17.57,12.08,STOP
44.28,25.44,45.52,RIGHT
63.24,10.27,62.86,LEFT
25.9,16.83,99.46,RIGHT
98.66,117.91,15.16,FORWARD
51.58,35.36,24.2,LEFT
115.39,23.94,67.49,LEFT
79.79,70.21,11.28,FORWARD
20.18,6.64,16.39,STOP
10.61,8.23,20.79,STOP
79.34,89.15,26.65,FORWARD
9.52,12.4,16.73,STOP
58.17,25.15,117.81,RIGHT
43.74,12.81,75.19,RIGHT
77.81,35.85,111.61,RIGHT
5.29,5.32,18.19,STOP
76.79,5.4,104.43,RIGHT
92.9,58.67,103.2,FORWARD
77.72,30.25,104.8,RIGHT
57.64,5.35,54.81,RIGHT
68.83,86.89,49.48,FORWARD
61.32,13.54,93.14,RIGHT
55.88,43.75,96.21,RIGHT
9.67,11.23,17.95,STOP
33.73,29.1,56.91,RIGHT
86.44,94.33,85.57,FORWARD
50.26,8.95,28.92,LEFT
19.43,9.39,21.3,STOP
59.24,38.05,86.36,RIGHT
58.64,10.8,79.92,RIGHT
108.75,17.02,31.65,LEFT
76.54,42.51,118.49,RIGHT
65.12,14.42,110.3,RIGHT
14.48,9.33,21.16,STOP
85.58,22.87,48.3,LEFT
30.99,36.34,46.17,RIGHT
67.86,10.34,22.86,LEFT
77.69,8.0,77.89,LEFT
10.1,9.93,12.33,STOP
9.26,98.34,82.2,FORWARD
50.18,41.06,73.91,RIGHT
85.92,111.63,39.49,FORWARD
103.51,23.71,78.78,LEFT
65.94,8.7,42.19,RIGHT
22.09,11.22,24.88,STOP
97.18,103.64,104.59,FORWARD
36.58,6.97,87.67,RIGHT
26.93,19.69,92.16,RIGHT
58.62,16.84,20.39,LEFT
24.86,7.56,24.97,STOP
38.32,118.47,78.33,FORWARD
5.54,5.99,20.42,STOP
6.66,15.51,6.22,STOP
102.57,108.9,81.64,FORWARD
57.35,28.76,51.93,RIGHT
5.87,108.34,51.85,FORWARD
10.72,18.66,22.14,STOP
20.97,11.52,8.56,STOP
6.71,6.5,23.69,STOP
7.22,19.51,20.14,STOP
55.99,56.43,11.28,FORWARD
9.29,8.6,13.04,STOP
16.45,9.34,22.59,STOP
23.06,5.31,20.07,STOP
15.42,17.51,20.77,STOP
50.68,79.93,54.27,FORWARD
32.32,62.11,35.03,FORWARD
37.88,74.71,117.84,FORWARD
79.83,24.55,111.98,RIGHT
114.81,60.3,94.93,FORWARD
30.39,94.76,99.31,FORWARD
67.62,98.39,118.62,FORWARD
59.46,36.77,49.48,LEFT
38.87,29.72,50.43,RIGHT
57.89,9.42,85.23,RIGHT
19.67,19.51,20.98,STOP
6.47,5.74,23.55,STOP
24.16,16.22,10.17,STOP
34.87,116.43,5.13,FORWARD
7.49,9.1,16.39,STOP
53.6,83.85,37.82,FORWARD
66.35,7.97,34.7,LEFT
104.21,5.38,22.6,LEFT
60.69,29.63,58.07,LEFT
73.26,81.23,96.44,FORWARD
43.42,27.04,35.82,LEFT
85.11,61.37,24.84,FORWARD
46.27,65.46,33.37,FORWARD
42.7,27.08,100.31,RIGHT
103.41,76.64,87.49,FORWARD
112.72,67.85,98.62,FORWARD
36.74,8.99,118.76,RIGHT
20.68,12.39,13.48,STOP
77.91,61.29,105.47,FORWARD
18.58,19.08,20.06,STOP
27.34,37.71,67.13,RIGHT
74.22,81.88,90.04,FORWARD
17.76,7.92,11.71,STOP
53.02,11.9,45.89,RIGHT
5.95,18.21,15.14,STOP
108.7,57.0,26.52,FORWARD
75.43,36.7,51.31,LEFT
107.01,68.6,16.8,FORWARD
23.29,6.49,5.68,STOP
73.34,43.75,72.26,LEFT
89.73,37.53,47.44,LEFT
64.84,64.39,39.78,FORWARD
76.88,11.01,24.6,LEFT
15.65,11.81,5.32,STOP
10.16,7.23,17.33,STOP
17.95,16.31,16.16,STOP
10.51,6.4,7.05,STOP
38.88,91.21,84.54,FORWARD
54.4,26.91,92.25,RIGHT
119.17,80.72,63.53,FORWARD
15.82,19.88,14.95,STOP
58.44,39.79,99.75,RIGHT
11.8,12.14,21.59,STOP
23.25,18.54,22.51,STOP
21.21,86.62,6.74,FORWARD
71.93,9.56,39.47,LEFT
115.21,36.41,49.6,LEFT
106.93,20.55,61.68,LEFT
76.3,44.27,60.14,LEFT
98.27,14.79,70.89,LEFT
41.97,73.65,99.51,FORWARD
10.77,11.97,23.27,STOP
61.08,11.02,51.46,RIGHT
47.6,86.53,30.09,FORWARD
117.2,89.44,33.61,FORWARD
51.1,107.33,58.36,FORWARD
75.3,40.3,55.18,LEFT
13.85,17.33,21.03,STOP
36.31,24.14,77.22,RIGHT
21.0,7.54,12.9,STOP
73.44,24.51,76.17,LEFT
78.53,6.8,113.12,RIGHT
7.17,10.38,19.36,STOP
67.77,20.07,111.36,RIGHT
27.51,35.51,87.88,RIGHT
9.45,7.77,10.17,STOP
8.03,70.14,112.87,FORWARD
116.47,89.33,61.18,FORWARD
19.4,19.66,6.73,STOP
36.48,31.06,48.29,RIGHT
69.99,24.99,103.77,RIGHT
62.55,60.92,89.55,FORWARD
23.14,6.6,10.33,STOP
56.45,14.82,54.03,RIGHT
60.1,40.78,103.66,RIGHT
18.87,93.14,119.15,FORWARD
14.55,5.0,24.7,STOP
37.69,88.83,81.16,FORWARD
24.13,7.12,12.5,STOP
61.32,29.42,111.07,RIGHT
16.95,17.68,8.42,STOP
17.69,16.93,14.67,STOP
50.83,82.15,59.5,FORWARD
41.43,42.68,55.77,LEFT
114.94,29.28,54.71,LEFT
29.55,57.08,20.21,FORWARD
13.55,19.27,24.67,STOP
30.5,26.02,101.45,RIGHT
65.98,42.8,78.8,LEFT
9.22,8.69,16.3,STOP
98.25,75.21,97.09,FORWARD
29.78,13.61,112.27,RIGHT
112.22,29.09,74.2,LEFT
56.14,31.11,51.31,LEFT
80.63,106.9,64.22,FORWARD
9.88,5.38,7.31,STOP
24.73,16.0,106.88,RIGHT
11.09,6.41,12.25,STOP
8.85,7.57,16.37,STOP
79.94,36.63,57.54,LEFT
66.64,7.46,104.0,RIGHT
40.56,38.88,79.24,LEFT
47.47,19.67,77.87,LEFT
118.73,28.23,61.43,LEFT
6.39,12.08,22.41,STOP
75.12,31.53,90.63,RIGHT
19.41,7.33,22.08,STOP
60.28,10.09,70.82,RIGHT
6.34,107.38,80.86,FORWARD
57.12,9.01,56.26,LEFT
68.74,13.74,38.14,LEFT
9.7,6.17,10.09,STOP
8.81,9.62,20.25,STOP
26.47,22.85,69.45,RIGHT
21.39,8.72,8.94,STOP
20.26,14.34,87.68,RIGHT
65.93,34.6,63.6,RIGHT
103.33,83.79,77.08,FORWARD
51.34,117.7,115.56,FORWARD
55.05,16.69,41.83,RIGHT
8.05,67.97,48.59,FORWARD
6.01,16.56,5.64,STOP
30.19,95.15,58.79,FORWARD
84.79,21.45,70.69,LEFT
38.58,26.75,108.44,RIGHT
93.55,77.76,79.56,FORWARD
12.68,11.7,17.39,STOP
44.25,19.03,37.85,LEFT
7.91,6.23,19.69,STOP
43.05,7.16,90.66,RIGHT
64.14,63.38,78.8,FORWARD
70.39,16.78,86.38,RIGHT
22.41,40.36,93.23,RIGHT
92.9,9.43,24.38,LEFT
13.12,9.33,17.01,STOP
55.95,13.38,67.95,LEFT
103.38,28.52,44.4,LEFT
7.85,16.58,17.82,STOP
8.0,17.27,11.45,STOP
19.14,72.55,9.59,FORWARD
65.45,13.53,118.38,RIGHT
62.95,10.26,59.67,RIGHT
56.07,27.97,47.62,RIGHT
116.71,98.82,28.26,FORWARD
11.93,13.6,23.6,STOP
23.88,8.01,18.73,STOP
8.99,18.42,19.37,STOP
97.93,10.06,26.47,LEFT
46.63,19.14,83.45,RIGHT
66.28,37.69,53.94,LEFT
34.66,70.16,19.43,FORWARD
12.34,12.5,22.09,STOP
40.46,42.51,43.07,LEFT
115.35,31.88,37.73,LEFT
72.14,11.16,40.01,LEFT
40.51,12.23,115.73,RIGHT
63.05,116.27,112.21,FORWARD
107.37,39.25,73.86,LEFT
78.17,90.73,97.11,FORWARD
41.19,28.02,29.99,LEFT
41.56,11.39,107.85,RIGHT
11.73,78.63,44.31,FORWARD
110.06,24.64,74.02,LEFT
73.47,10.98,35.81,LEFT
50.05,17.24,33.03,LEFT
57.4,94.25,14.73,FORWARD
63.25,36.72,76.87,RIGHT
44.32,81.62,82.34,FORWARD
105.14,60.12,60.58,FORWARD
110.0,15.62,37.49,LEFT
55.82,19.03,60.16,RIGHT
9.14,11.16,10.21,STOP
58.19,107.51,5.08,FORWARD
67.13,12.36,51.16,LEFT
6.3,11.87,14.78,STOP
26.19,118.29,74.09,FORWARD
66.26,39.54,101.94,RIGHT
66.55,20.37,77.17,LEFT
59.74,79.57,16.2,FORWARD
42.07,22.76,48.75,RIGHT
94.35,8.73,71.37,LEFT
17.34,12.66,11.58,STOP
79.45,20.96,105.47,RIGHT
17.26,114.4,119.6,FORWARD
52.08,100.38,110.43,FORWARD
58.16,7.73,43.59,RIGHT
111.88,100.12,82.9,FORWARD
78.32,17.17,68.82,LEFT
91.76,6.85,72.35,LEFT
5.87,12.28,15.16,STOP
17.9,5.72,18.61,STOP
87.32,87.06,14.21,FORWARD
49.8,20.5,35.77,LEFT
14.12,14.14,13.66,STOP
85.79,94.28,10.64,FORWARD
18.77,12.61,17.16,STOP
116.0,8.56,27.45,LEFT
20.33,7.52,18.52,STOP
48.31,42.3,56.87,LEFT
96.81,43.77,48.81,LEFT
14.61,18.7,9.85,STOP
22.41,43.75,60.11,RIGHT
97.3,106.24,95.1,FORWARD
40.71,8.39,56.79,LEFT
114.51,80.3,32.48,FORWARD
63.9,44.37,74.85,LEFT
60.26,41.13,105.78,RIGHT
17.17,10.96,11.62,STOP
29.05,9.28,43.95,RIGHT
101.82,101.1,9.52,FORWARD
94.06,7.11,47.1,LEFT
87.75,23.43,44.56,LEFT
72.92,27.42,40.89,RIGHT
10.39,15.02,11.17,STOP
70.04,24.59,76.46,RIGHT
72.93,23.6,109.57,RIGHT
11.11,8.28,9.57,STOP
68.1,40.79,52.45,LEFT
34.26,76.81,118.63,FORWARD
71.99,5.73,103.51,RIGHT
74.57,19.44,62.07,RIGHT
81.92,22.7,34.25,LEFT
94.31,23.69,34.61,LEFT
51.31,32.85,96.66,RIGHT
114.28,77.47,65.94,FORWARD
119.48,31.73,64.78,LEFT
93.94,42.96,37.54,LEFT
18.78,8.28,21.97,STOP
16.24,19.69,20.58,STOP
80.83,116.41,53.0,FORWARD
49.12,27.0,66.48,LEFT
6.73,15.46,9.59,STOP
58.33,117.79,80.79,FORWARD
63.06,24.85,54.63,RIGHT
18.28,9.6,6.89,STOP
54.71,6.72,65.75,RIGHT
104.68,87.87,57.37,FORWARD
30.91,77.52,88.68,FORWARD
51.26,30.64,73.73,LEFT
19.0,17.28,8.03,STOP
37.48,92.61,43.57,FORWARD
115.54,78.19,42.32,FORWARD
73.47,59.66,12.87,FORWARD
60.94,40.17,54.83,RIGHT
47.46,38.52,48.3,RIGHT
32.72,35.04,110.66,RIGHT
67.17,6.13,83.59,RIGHT
11.02,92.95,45.54,FORWARD
114.32,31.2,76.32,LEFT
67.21,10.29,78.06,RIGHT
17.29,58.98,64.58,FORWARD
8.74,11.86,10.27,STOP
7.13,18.51,23.38,STOP
80.92,90.47,93.15,FORWARD
70.01,96.74,66.23,FORWARD
65.06,8.61,49.51,RIGHT
61.14,26.18,62.5,RIGHT
110.9,106.71,75.61,FORWARD
6.02,99.2,55.03,FORWARD
11.32,15.47,21.71,STOP
72.27,32.29,84.42,RIGHT
9.23,19.55,6.52,STOP
7.82,8.87,21.04,STOP
51.1,12.72,34.86,LEFT
114.25,102.99,31.02,FORWARD
39.65,78.37,72.08,FORWARD
7.87,18.01,20.06,STOP
6.08,11.66,14.81,STOP
7.08,6.04,20.69,STOP
97.82,87.79,35.55,FORWARD
35.54,38.78,110.29,RIGHT
69.75,10.1,88.48,RIGHT
23.49,101.22,74.82,FORWARD
80.55,21.44,69.94,LEFT
68.94,30.03,88.7,RIGHT
45.53,27.09,45.08,RIGHT
62.18,89.87,53.3,FORWARD
60.94,15.82,69.36,LEFT
114.66,25.8,55.29,LEFT
94.77,60.72,83.74,FORWARD
11.49,16.23,19.42,STOP
56.96,29.52,54.55,LEFT
72.07,38.41,51.57,LEFT
62.89,34.56,105.32,RIGHT
21.55,9.85,10.33,STOP
16.62,103.64,53.15,FORWARD
21.07,6.0,10.99,STOP
27.82,41.2,95.4,RIGHT
75.81,15.98,41.24,LEFT
14.06,16.74,10.81,STOP
105.21,115.58,22.18,FORWARD
29.17,38.49,64.6,RIGHT
13.23,13.84,5.06,STOP
31.44,83.76,68.99,FORWARD
27.51,94.62,68.31,FORWARD
85.76,94.33,115.64,FORWARD
76.05,83.41,71.51,FORWARD
65.03,40.2,75.8,RIGHT
26.77,14.33,112.63,RIGHT
17.09,7.13,14.08,STOP
60.26,18.56,74.64,LEFT
7.9,12.29,23.39,STOP
71.77,65.36,112.38,FORWARD
7.03,7.01,15.24,STOP
47.15,43.15,117.72,RIGHT
43.33,5.44,24.29,LEFT
14.55,5.14,22.45,STOP
111.28,7.38,39.31,LEFT
7.97,7.63,19.37,STOP
42.0,23.93,52.45,LEFT
118.39,27.65,28.11,LEFT
24.3,37.2,79.81,RIGHT
17.2,12.83,8.5,STOP
116.25,28.3,79.51,LEFT
116.41,35.52,66.92,LEFT
11.69,59.7,63.98,FORWARD
70.74,11.72,42.89,LEFT
16.25,73.61,80.23,FORWARD
53.49,14.09,104.77,RIGHT
97.29,18.72,54.32,LEFT
14.91,12.95,19.65,STOP
5.61,19.76,12.39,STOP
17.47,16.65,23.17,STOP
19.73,67.42,19.49,FORWARD
80.41,11.11,20.64,LEFT
79.16,116.57,102.85,FORWARD
90.22,11.8,76.47,LEFT
103.28,33.67,21.91,LEFT
116.05,96.55,36.95,FORWARD
73.13,101.8,82.22,FORWARD
44.78,100.77,47.79,FORWARD
8.74,7.45,8.19,STOP
62.33,25.93,74.49,RIGHT
110.67,40.41,50.33,LEFT
64.51,34.36,70.75,RIGHT
83.93,108.04,53.93,FORWARD
50.83,29.12,77.72,RIGHT
37.7,35.04,70.52,RIGHT
32.96,88.15,51.37,FORWARD
97.65,26.86,24.4,LEFT
89.3,10.61,23.04,LEFT
16.36,8.34,15.99,STOP
89.9,36.71,47.91,LEFT
29.91,34.74,105.93,RIGHT
14.5,6.13,21.03,STOP
112.44,36.67,26.93,LEFT
21.47,41.71,57.4,RIGHT
102.63,11.91,42.57,LEFT
45.64,23.61,106.53,RIGHT
23.87,13.87,7.68,STOP
19.55,6.6,5.57,STOP
111.37,26.91,26.51,LEFT
15.08,103.91,49.09,FORWARD
71.15,43.56,100.8,RIGHT
58.14,24.3,62.34,RIGHT
47.29,78.84,7.2,FORWARD
5.43,18.58,5.05,STOP
61.33,14.36,85.08,RIGHT
23.67,15.48,17.61,STOP
82.57,44.62,63.43,LEFT
61.97,43.49,64.07,LEFT
53.58,28.17,48.89,LEFT
84.63,67.48,71.13,FORWARD
67.64,39.16,47.75,RIGHT
59.38,17.58,66.98,LEFT
62.39,34.62,87.48,RIGHT
48.83,22.83,50.19,RIGHT
29.45,64.94,100.4,FORWARD
56.82,24.23,44.88,RIGHT
6.06,5.42,10.49,STOP
43.02,42.21,77.99,RIGHT
22.53,16.15,16.73,STOP
21.74,13.31,19.46,STOP
13.56,16.03,14.74,STOP
96.02,24.53,23.73,LEFT
33.13,35.68,61.46,RIGHT
50.67,39.67,59.99,RIGHT
119.67,106.65,11.56,FORWARD
44.32,30.92,102.9,RIGHT
95.81,85.24,76.73,FORWARD
23.38,8.46,13.18,STOP
78.7,91.02,95.28,FORWARD
105.26,75.44,115.13,FORWARD
15.02,66.61,59.85,FORWARD
110.02,90.71,66.6,FORWARD
6.91,95.68,34.93,FORWARD
99.34,43.93,65.59,LEFT
68.12,36.16,24.49,LEFT
47.38,7.15,72.46,RIGHT
117.56,31.79,58.0,LEFT
64.64,10.61,60.52,RIGHT
116.31,25.41,32.85,LEFT
12.16,64.08,5.03,FORWARD
54.31,32.98,48.54,RIGHT
62.52,7.65,107.11,RIGHT
99.6,87.52,31.57,FORWARD
58.07,112.15,68.89,FORWARD
115.52,60.55,51.89,FORWARD
24.88,11.83,8.78,STOP
71.74,36.7,56.06,RIGHT
53.46,72.06,102.08,FORWARD
91.77,7.97,43.4,LEFT
22.13,17.96,12.43,STOP
28.81,31.01,57.57,RIGHT
68.28,71.42,79.68,FORWARD
22.64,10.0,21.53,STOP
8.12,75.4,13.61,FORWARD
11.11,19.29,15.67,STOP
24.86,6.45,21.31,STOP
26.95,41.99,117.53,RIGHT
84.66,41.33,39.88,LEFT
27.49,24.07,43.54,RIGHT
14.69,11.04,10.66,STOP
66.58,22.36,77.39,RIGHT
36.93,28.79,74.29,RIGHT
14.69,7.04,22.07,STOP
89.13,40.55,40.5,LEFT
90.91,10.87,24.11,LEFT
70.7,5.95,69.95,LEFT
115.03,83.61,8.06,FORWARD
34.52,25.73,51.12,RIGHT
10.98,10.44,7.48,STOP
44.95,42.55,95.78,RIGHT
112.66,95.27,84.59,FORWARD
13.88,15.79,11.08,STOP
86.27,41.05,24.8,LEFT
48.96,40.38,63.61,RIGHT
12.91,14.09,24.88,STOP
118.35,26.4,59.53,LEFT
32.59,66.78,39.61,FORWARD
41.62,14.57,67.5,RIGHT
7.02,11.39,5.81,STOP
79.91,9.51,72.94,LEFT
102.02,6.3,79.8,LEFT
9.08,18.24,17.11,STOP
14.94,9.6,8.73,STOP
71.17,42.63,68.33,LEFT
41.32,37.89,40.85,LEFT
48.13,31.5,40.78,RIGHT
65.95,44.18,31.18,LEFT
91.84,104.07,14.46,FORWARD
67.87,7.43,99.03,RIGHT
61.55,17.6,74.42,RIGHT
40.41,68.7,45.24,FORWARD
99.59,114.48,58.48,FORWARD
64.0,13.16,44.52,LEFT
104.47,15.02,37.1,LEFT
88.49,55.55,98.65,FORWARD
103.61,26.43,79.42,LEFT
59.82,9.17,52.79,RIGHT
95.19,10.08,65.3,LEFT
54.49,44.51,54.17,RIGHT
96.31,84.22,26.92,FORWARD
45.84,14.41,58.64,RIGHT
67.76,36.0,75.2,RIGHT
104.79,42.11,65.46,LEFT
22.04,18.07,7.53,STOP
111.2,41.75,74.1,LEFT
50.44,29.29,22.45,LEFT
10.5,7.81,11.41,STOP
14.6,66.16,92.14,FORWARD
7.62,19.15,10.91,STOP
23.82,107.47,73.45,FORWARD
66.65,60.2,97.3,FORWARD
13.5,16.41,6.49,STOP
42.66,113.16,58.62,FORWARD
71.92,10.04,86.36,RIGHT
65.39,80.59,15.1,FORWARD
10.82,7.02,17.46,STOP
56.91,66.1,72.34,FORWARD
75.12,11.35,56.79,RIGHT
14.69,17.7,24.36,STOP
14.23,71.01,88.33,FORWARD
46.14,34.86,49.29,LEFT
26.71,31.55,104.65,RIGHT
46.85,38.9,45.89,RIGHT
72.76,33.59,63.22,LEFT
63.57,8.68,24.93,LEFT
102.86,40.41,42.17,LEFT
14.43,6.78,21.12,STOP
119.93,79.27,82.68,FORWARD
86.37,17.75,51.46,LEFT
5.91,8.27,15.18,STOP
44.78,87.82,62.5,FORWARD
61.16,43.22,68.66,LEFT
63.17,116.11,27.62,FORWARD
80.82,40.26,59.41,LEFT
92.76,20.67,35.45,LEFT
9.9,5.28,21.66,STOP
23.7,107.5,76.6,FORWARD
47.57,103.13,85.09,FORWARD
82.73,21.21,57.59,LEFT
109.76,105.15,116.94,FORWARD
14.46,15.73,21.43,STOP
18.97,12.48,9.68,STOP
70.47,34.33,118.1,RIGHT
54.35,28.42,85.81,RIGHT
40.9,24.09,42.34,RIGHT
55.21,7.53,46.16,RIGHT
53.82,40.78,74.01,RIGHT
114.86,76.09,99.17,FORWARD
66.44,10.19,94.73,RIGHT
56.49,11.31,103.53,RIGHT
47.58,8.29,90.65,RIGHT
6.75,15.71,8.64,STOP
69.99,75.33,16.88,FORWARD
97.78,11.23,80.0,LEFT
103.62,66.09,63.02,FORWARD
8.35,72.04,66.5,FORWARD
8.51,17.3,13.47,STOP
8.78,15.81,22.28,STOP
20.87,11.09,5.94,STOP
69.46,31.44,25.76,LEFT
7.92,98.6,86.51,FORWARD
49.15,99.15,81.31,FORWARD
105.98,10.21,47.19,LEFT
22.64,108.68,29.69,FORWARD
20.03,60.54,42.88,FORWARD
72.31,21.45,64.27,RIGHT
57.01,16.24,59.21,RIGHT
17.83,10.4,11.15,STOP
51.59,80.56,117.19,FORWARD
57.25,26.49,44.93,LEFT
71.13,18.87,79.4,RIGHT
6.24,6.7,22.02,STOP
92.5,44.64,66.6,LEFT
16.54,6.98,7.4,STOP
45.79,33.99,78.98,LEFT
101.77,86.26,58.88,FORWARD
47.05,20.61,86.51,RIGHT
25.59,12.67,81.05,RIGHT
18.59,94.03,47.36,FORWARD
6.24,6.49,14.8,STOP
70.27,61.9,70.07,FORWARD
119.58,89.94,66.47,FORWARD
44.23,39.46,90.18,RIGHT
9.7,92.8,81.09,FORWARD
104.95,11.69,71.27,LEFT
77.54,16.27,31.54,LEFT
106.62,18.16,51.12,LEFT
35.26,59.76,59.68,FORWARD
55.83,32.41,95.69,RIGHT
15.08,10.23,7.2,STOP
28.46,83.7,32.69,FORWARD
95.69,79.79,96.3,FORWARD
40.65,19.4,45.65,LEFT
67.85,29.72,98.21,RIGHT
116.61,19.25,71.45,LEFT
15.37,14.1,15.81,STOP
41.68,57.56,94.47,FORWARD
26.21,72.87,116.24,FORWARD
100.54,40.73,49.07,LEFT
66.38,30.22,115.99,RIGHT
15.85,17.4,12.03,STOP
66.19,32.6,62.88,LEFT
40.35,23.26,63.24,LEFT
77.14,10.27,27.49,LEFT
102.15,89.58,57.23,FORWARD
7.9,16.76,19.52,STOP
23.33,8.7,14.88,STOP
33.96,9.93,107.18,RIGHT
58.74,36.82,47.39,RIGHT
59.85,16.3,94.9,RIGHT
89.92,57.49,119.03,FORWARD
100.19,11.24,43.7,LEFT
109.88,10.17,70.15,LEFT
102.79,68.23,103.74,FORWARD
110.6,99.84,104.34,FORWARD
76.24,27.07,55.53,LEFT
22.98,14.3,18.0,STOP
9.55,7.81,19.42,STOP
20.71,13.95,8.46,STOP
89.55,30.79,58.36,LEFT
86.66,12.77,27.29,LEFT
75.41,21.43,53.0,LEFT
20.58,36.43,87.17,RIGHT
20.48,13.73,19.91,STOP
63.07,27.02,114.15,RIGHT
112.64,26.64,37.61,LEFT
118.88,27.71,63.26,LEFT
27.06,22.09,81.01,RIGHT
24.28,19.4,6.94,STOP
16.07,17.52,17.39,STOP
76.03,41.35,56.51,LEFT
7.45,86.66,28.18,FORWARD
55.87,29.45,54.48,LEFT
11.85,7.52,19.17,STOP
21.68,17.63,17.53,STOP
45.19,61.43,48.67,FORWARD
47.98,38.11,43.43,LEFT
13.49,14.78,9.77,STOP
21.24,7.03,5.6,STOP
6.82,8.47,20.94,STOP
36.4,65.51,65.38,FORWARD
34.99,36.87,58.92,RIGHT
50.54,93.01,9.59,FORWARD
104.28,98.47,53.2,FORWARD
113.24,30.71,51.43,LEFT
46.07,11.31,73.64,LEFT
62.38,17.77,87.8,RIGHT
72.49,75.84,100.17,FORWARD
82.92,58.43,80.34,FORWARD
88.98,5.16,70.22,LEFT
110.21,90.37,67.2,FORWARD
12.32,18.77,16.81,STOP
50.61,21.26,39.11,LEFT
16.84,7.18,19.18,STOP
112.36,14.89,65.38,LEFT
15.25,65.71,86.08,FORWARD
109.82,24.39,66.95,LEFT
59.05,69.98,77.52,FORWARD
34.66,23.2,46.78,RIGHT
12.92,9.1,7.63,STOP
22.25,9.37,13.85,STOP
78.95,29.5,63.68,RIGHT
88.78,33.2,56.7,LEFT
32.46,94.62,75.63,FORWARD
67.02,35.97,21.04,LEFT
7.97,9.29,13.43,STOP
111.8,32.72,54.36,LEFT
106.98,5.47,62.0,LEFT
60.62,21.45,45.79,LEFT
37.29,27.62,86.92,RIGHT
22.2,21.67,85.0,RIGHT
46.7,31.43,92.13,RIGHT
59.07,32.61,72.74,RIGHT
24.26,6.61,12.2,STOP
6.57,7.52,11.68,STOP
78.57,33.98,48.5,RIGHT
54.75,36.91,54.09,RIGHT
117.88,20.98,70.54,LEFT
12.75,7.88,20.25,STOP
47.72,42.47,115.1,RIGHT
23.11,10.43,7.31,STOP
43.84,14.99,28.74,LEFT
44.55,38.57,66.71,LEFT
27.88,28.03,52.3,RIGHT
14.55,8.2,6.94,STOP
52.65,6.69,52.35,LEFT
7.31,104.16,32.39,FORWARD
84.92,75.85,79.61,FORWARD
23.43,18.85,13.47,STOP
56.24,105.24,99.65,FORWARD
31.17,7.77,55.44,RIGHT
56.71,7.81,29.83,LEFT
24.94,22.52,99.11,RIGHT
14.27,105.83,22.61,FORWARD
81.73,43.39,79.12,LEFT
48.98,38.21,56.36,LEFT
52.56,109.63,68.84,FORWARD
89.86,67.57,91.45,FORWARD
74.54,42.05,30.24,LEFT
18.92,85.07,109.6,FORWARD
68.31,12.35,59.45,LEFT
12.68,17.3,13.3,STOP
6.53,5.43,12.85,STOP
81.99,6.69,70.46,LEFT
26.31,106.53,81.05,FORWARD
75.21,8.91,25.46,LEFT
17.54,9.4,8.73,STOP
107.63,6.19,30.97,LEFT
9.09,13.59,18.75,STOP
96.24,20.62,40.55,LEFT
10.75,7.82,16.4,STOP
51.09,89.6,17.18,FORWARD
37.05,34.23,76.2,RIGHT
64.88,8.74,41.91,LEFT
34.61,16.05,114.9,RIGHT
59.82,30.65,76.49,RIGHT
50.74,34.46,94.64,RIGHT
7.1,76.99,73.46,FORWARD
6.15,18.46,6.84,STOP
10.83,17.45,13.48,STOP
84.4,75.04,116.54,FORWARD
53.82,16.82,90.03,RIGHT
8.18,19.16,6.5,STOP
42.5,29.48,106.01,RIGHT
12.76,19.5,5.31,STOP
12.56,6.91,8.23,STOP
17.44,10.64,15.51,STOP
73.98,15.08,58.36,RIGHT
76.32,23.08,34.04,LEFT
71.38,88.61,64.24,FORWARD
72.19,44.33,23.49,LEFT
73.9,12.8,76.8,LEFT
35.83,118.56,36.28,FORWARD
21.55,7.68,8.91,STOP
13.36,5.6,7.11,STOP
41.6,19.37,77.56,LEFT
47.22,18.9,109.66,RIGHT
19.69,18.57,21.98,STOP
60.06,6.7,42.13,LEFT
67.22,35.34,85.09,RIGHT
8.98,15.15,13.97,STOP
45.01,21.53,81.05,RIGHT
100.4,35.82,33.45,LEFT
22.06,82.03,88.8,FORWARD
18.75,15.44,18.98,STOP
65.16,63.25,51.22,FORWARD
74.66,77.54,10.78,FORWARD
43.81,22.96,113.24,RIGHT
23.29,16.84,5.92,STOP
6.6,14.38,23.98,STOP
87.62,108.17,81.58,FORWARD
19.89,92.17,87.19,FORWARD
10.05,118.29,77.08,FORWARD
74.23,15.07,59.69,LEFT
16.8,18.2,8.56,STOP
38.82,24.14,82.9,RIGHT
62.52,30.59,85.96,RIGHT
35.99,27.3,86.12,RIGHT
22.01,12.89,18.1,STOP
6.07,15.05,19.78,STOP
15.88,6.84,18.65,STOP
62.93,39.09,26.53,LEFT
64.93,12.04,61.89,RIGHT
61.16,17.18,45.45,LEFT
107.09,35.98,55.92,LEFT
5.24,6.6,17.06,STOP
68.09,35.13,66.81,LEFT
64.06,21.08,119.1,RIGHT
88.27,25.46,72.21,LEFT
58.7,12.25,77.88,RIGHT
9.69,10.24,17.91,STOP
80.28,87.1,27.12,FORWARD
41.3,107.7,90.96,FORWARD
106.41,6.41,70.1,LEFT
11.58,8.55,24.57,STOP
96.52,67.67,96.03,FORWARD
21.86,13.18,10.68,STOP
63.18,27.13,48.89,RIGHT
53.8,39.07,55.84,RIGHT
9.57,6.74,17.31,STOP
66.17,35.58,51.98,LEFT
87.12,23.85,33.77,LEFT
47.27,115.84,55.68,FORWARD
8.09,11.21,10.49,STOP
71.83,43.62,62.45,LEFT
50.28,30.91,98.6,RIGHT
48.48,8.53,30.99,LEFT
88.55,15.28,75.28,LEFT
95.82,8.11,78.02,LEFT
20.72,16.38,13.88,STOP
73.36,7.49,46.38,LEFT
88.02,9.14,55.46,LEFT
44.14,38.12,62.42,LEFT
82.69,28.87,34.08,LEFT
7.36,10.03,23.64,STOP
15.03,13.16,13.23,STOP
13.4,13.87,22.7,STOP
109.93,43.85,34.17,LEFT
61.5,33.84,49.04,RIGHT
98.53,25.49,73.1,LEFT
9.44,10.65,20.89,STOP
18.91,14.97,22.01,STOP
24.65,6.5,45.37,RIGHT
63.55,27.23,29.53,LEFT
109.74,65.25,25.78,FORWARD
19.31,12.53,13.36,STOP
37.23,44.52,101.13,RIGHT
110.5,7.52,23.95,LEFT
29.82,6.82,44.61,RIGHT
58.48,27.24,50.58,LEFT
34.66,56.43,64.23,FORWARD
54.87,23.13,66.95,RIGHT
21.67,15.41,16.74,STOP
89.62,23.68,48.85,LEFT
78.15,108.95,89.31,FORWARD
69.51,55.55,63.13,FORWARD
33.6,113.18,13.88,FORWARD
80.52,99.68,105.97,FORWARD
11.16,14.29,11.3,STOP
7.2,8.49,14.92,STOP
82.56,25.16,53.09,LEFT
92.5,38.53,41.35,LEFT
29.82,60.41,13.52,FORWARD
47.62,57.11,119.5,FORWARD
16.73,18.15,19.8,STOP
59.9,9.76,42.91,LEFT
23.06,10.37,23.45,STOP
52.22,41.9,53.44,RIGHT
56.89,93.04,32.21,FORWARD
73.36,32.41,101.78,RIGHT
88.5,16.08,56.72,LEFT
19.82,15.04,24.06,STOP
39.49,89.13,73.75,FORWARD
110.62,70.73,15.76,FORWARD
21.43,112.69,105.87,FORWARD
43.99,99.98,45.76,FORWARD
11.79,12.51,17.49,STOP
79.12,12.4,118.11,RIGHT
50.89,115.61,99.71,FORWARD
104.45,19.22,47.08,LEFT
73.35,32.73,101.41,RIGHT
46.15,77.39,109.86,FORWARD
62.03,84.96,30.06,FORWARD
66.31,19.72,97.83,RIGHT
107.24,23.74,60.9,LEFT
47.64,12.94,104.96,RIGHT
24.26,12.79,41.86,RIGHT
6.61,6.14,8.86,STOP
68.16,95.18,68.07,FORWARD
25.81,96.16,49.47,FORWARD
57.99,43.14,22.13,LEFT
21.06,11.61,23.68,STOP
43.55,39.08,84.42,RIGHT
44.31,107.12,40.47,FORWARD
117.22,83.8,45.31,FORWARD
80.99,22.78,76.89,LEFT
95.2,23.09,50.52,LEFT
60.64,16.84,92.86,RIGHT
17.44,10.15,16.58,STOP
30.56,31.74,74.13,RIGHT
21.0,18.54,91.7,RIGHT
19.5,10.03,21.87,STOP
71.48,28.78,48.2,RIGHT
15.5,7.84,8.54,STOP
35.9,81.2,74.41,FORWARD
6.78,104.2,85.75,FORWARD
26.09,103.98,43.42,FORWARD
39.6,111.94,66.91,FORWARD
48.57,19.97,31.21,LEFT
60.89,84.47,84.92,FORWARD
16.75,11.94,19.1,STOP
63.74,73.5,101.43,FORWARD
19.82,81.71,14.78,FORWARD
43.11,19.34,55.68,RIGHT
9.28,14.97,10.94,STOP
29.93,21.87,92.03,RIGHT
33.05,5.66,96.62,RIGHT
78.53,35.46,82.04,RIGHT
57.58,20.83,83.54,RIGHT
112.41,34.61,23.89,LEFT
21.38,28.89,97.15,RIGHT
96.68,13.18,20.07,LEFT
72.89,97.5,74.11,FORWARD
72.7,70.05,75.11,FORWARD
27.59,18.85,61.78,RIGHT
68.43,39.59,52.56,LEFT
77.75,105.71,83.45,FORWARD
37.06,56.46,8.95,FORWARD
42.29,26.5,67.11,RIGHT
75.95,86.4,25.34,FORWARD
11.96,12.88,11.17,STOP
8.82,59.48,20.38,FORWARD
13.5,14.7,9.17,STOP
73.25,18.91,50.71,RIGHT
7.26,19.59,16.88,STOP
15.41,9.95,10.69,STOP
55.34,20.86,57.46,LEFT
13.07,11.38,16.51,STOP
88.78,67.78,107.06,FORWARD
39.67,42.7,103.65,RIGHT
79.99,37.71,50.18,RIGHT
14.96,8.68,11.8,STOP
39.22,97.07,46.69,FORWARD
21.53,28.4,107.04,RIGHT
68.45,42.92,26.67,LEFT
59.12,39.75,62.51,RIGHT
77.43,23.15,22.14,LEFT
25.41,103.27,69.09,FORWARD
107.9,89.23,113.2,FORWARD
31.45,93.08,14.34,FORWARD
19.0,10.5,9.19,STOP
36.4,19.29,71.46,RIGHT
77.69,8.35,77.31,RIGHT
61.08,8.17,110.02,RIGHT
73.09,40.14,87.93,RIGHT
112.35,32.16,34.83,LEFT
101.02,61.08,25.84,FORWARD
22.45,23.75,73.37,RIGHT
60.82,44.09,78.1,LEFT
53.93,69.16,65.34,FORWARD
36.69,5.67,101.23,RIGHT
54.02,35.76,71.09,LEFT
39.37,23.22,91.22,RIGHT
22.12,86.99,67.87,FORWARD
57.01,81.33,30.44,FORWARD
116.48,35.62,23.48,LEFT
12.5,64.22,17.21,FORWARD
18.24,5.11,20.58,STOP
9.98,14.08,8.9,STOP
34.76,100.52,89.86,FORWARD
99.94,16.41,72.66,LEFT
60.45,18.09,77.2,RIGHT
17.72,13.63,13.25,STOP
55.26,27.66,55.67,LEFT
85.63,98.0,108.22,FORWARD
50.87,14.5,63.13,LEFT
12.8,79.7,71.53,FORWARD
5.81,10.25,16.47,STOP
32.22,40.82,55.47,RIGHT
31.5,43.84,112.64,RIGHT
7.59,15.77,5.03,STOP
71.5,68.49,58.63,FORWARD
14.23,7.71,10.88,STOP
48.75,42.91,99.75,RIGHT
106.71,10.61,31.87,LEFT
79.03,10.48,47.42,LEFT
22.46,18.46,19.32,STOP
48.39,12.56,58.38,LEFT
85.19,21.28,35.1,LEFT
74.9,38.79,73.01,RIGHT
42.29,22.9,66.4,LEFT
61.75,21.19,115.9,RIGHT
32.46,20.54,102.99,RIGHT
62.79,29.35,70.59,LEFT
81.34,78.63,118.79,FORWARD
47.46,22.99,42.72,LEFT
39.64,12.46,85.28,RIGHT
47.31,7.13,100.55,RIGHT
59.75,85.6,50.73,FORWARD
22.6,12.84,8.29,STOP
56.95,9.81,94.38,RIGHT
99.7,15.35,50.38,LEFT
7.58,57.57,7.96,FORWARD
21.12,16.84,5.64,STOP
50.98,27.02,77.81,RIGHT
71.57,43.17,68.87,LEFT
73.04,29.31,83.06,RIGHT
32.65,85.57,115.37,FORWARD
13.46,15.32,7.78,STOP
78.17,12.31,43.67,RIGHT
94.28,40.56,39.39,LEFT
22.3,65.12,29.24,FORWARD
12.66,6.14,24.85,STOP
18.84,12.22,17.35,STOP
108.24,28.84,54.05,LEFT
40.18,28.2,99.29,RIGHT
81.68,22.23,53.75,LEFT
11.65,5.4,17.61,STOP
12.5,5.32,12.83,STOP
87.63,19.35,56.52,LEFT
64.62,92.79,42.97,FORWARD
22.15,5.48,6.1,STOP
67.72,90.87,44.91,FORWARD
8.05,6.33,19.57,STOP
76.49,21.67,62.16,RIGHT
66.61,12.24,79.4,LEFT
40.52,42.88,89.09,RIGHT
92.51,72.49,19.17,FORWARD
39.57,9.44,85.86,RIGHT
76.47,27.93,37.83,LEFT
48.17,20.99,48.03,RIGHT
65.99,14.86,64.06,LEFT
78.68,44.37,92.29,RIGHT
70.77,26.69,56.85,RIGHT
18.42,9.91,19.6,STOP
88.84,57.29,104.6,FORWARD
81.89,103.94,66.82,FORWARD
46.52,8.62,51.77,RIGHT
25.52,17.95,72.45,RIGHT
21.44,101.89,71.81,FORWARD
46.0,42.77,29.77,LEFT
86.14,21.48,28.92,LEFT
62.67,7.45,74.47,RIGHT
23.04,43.9,115.64,RIGHT
39.76,13.15,66.73,RIGHT
23.37,10.9,68.38,RIGHT
16.21,19.72,6.77,STOP
19.1,18.56,15.81,STOP
106.68,85.22,106.91,FORWARD
106.05,35.97,63.89,LEFT
113.15,114.79,52.81,FORWARD
44.76,75.54,100.05,FORWARD
11.28,8.6,6.8,STOP
60.27,18.26,21.74,LEFT
13.04,16.28,15.79,STOP
10.91,108.82,68.23,FORWARD
72.94,20.08,77.99,LEFT
52.91,20.77,112.71,RIGHT
47.32,11.18,70.28,RIGHT
66.79,17.1,56.04,LEFT
74.18,80.35,31.95,FORWARD
47.09,17.13,84.26,RIGHT
6.17,11.47,6.71,STOP
30.22,43.65,94.36,RIGHT
10.69,13.89,6.57,STOP
7.03,18.62,22.78,STOP
8.35,19.78,23.01,STOP
58.5,110.97,103.58,FORWARD
74.8,35.32,40.7,LEFT
10.21,9.21,13.37,STOP
57.82,74.74,79.6,FORWARD
89.81,63.0,13.11,FORWARD
96.18,113.85,55.36,FORWARD
79.61,44.18,54.41,RIGHT
42.92,44.94,86.79,RIGHT
53.5,116.48,76.95,FORWARD
18.5,14.96,17.07,STOP
72.93,12.18,66.1,RIGHT
10.53,16.23,24.47,STOP
64.37,6.96,64.73,RIGHT
41.29,40.96,112.76,RIGHT
67.22,36.16,34.0,LEFT
10.65,12.63,10.04,STOP
13.12,17.21,20.63,STOP
63.85,25.59,92.94,RIGHT
67.1,68.73,48.32,FORWARD
63.11,12.09,38.21,LEFT
39.19,36.63,84.37,RIGHT
115.86,58.12,49.42,FORWARD
108.48,95.15,42.04,FORWARD
23.75,93.77,28.1,FORWARD
33.22,11.41,88.43,RIGHT
105.69,5.89,51.69,LEFT
112.24,19.58,48.29,LEFT
76.01,38.0,68.91,LEFT
10.29,18.04,15.8,STOP
7.91,6.66,6.55,STOP
79.14,6.33,68.48,LEFT
31.21,107.15,89.26,FORWARD
50.57,56.83,116.01,FORWARD
8.68,18.33,9.61,STOP
56.4,5.48,53.52,RIGHT
6.51,114.46,66.13,FORWARD
26.88,38.31,61.72,RIGHT
24.7,11.31,17.63,STOP
105.18,26.85,79.69,LEFT
23.12,17.83,24.67,STOP
83.32,17.94,43.62,LEFT
27.11,114.85,47.8,FORWARD
53.04,97.57,60.85,FORWARD
108.39,9.14,24.52,LEFT
57.44,28.01,71.61,RIGHT
19.19,14.36,18.55,STOP
6.0,15.21,7.97,STOP
23.08,6.51,6.78,STOP
21.99,8.23,12.82,STOP
65.36,15.04,69.29,LEFT
104.42,73.82,12.34,FORWARD
76.82,21.29,51.54,LEFT
14.47,91.77,9.78,FORWARD
73.54,30.32,28.18,LEFT
92.92,75.11,10.88,FORWARD
101.81,60.83,111.79,FORWARD
36.54,13.4,77.16,RIGHT
62.08,105.13,10.82,FORWARD
56.85,76.69,10.79,FORWARD
54.58,41.58,88.58,RIGHT
81.77,87.32,60.64,FORWARD
18.66,9.55,7.21,STOP
61.3,44.2,78.91,RIGHT
33.82,42.55,45.04,RIGHT
77.9,41.87,41.78,LEFT
23.1,12.89,24.95,STOP
9.41,15.3,23.71,STOP
109.09,19.32,57.31,LEFT
99.04,7.11,65.51,LEFT
78.74,37.95,54.43,LEFT
7.46,9.38,12.83,STOP
50.44,63.84,37.91,FORWARD
40.51,33.87,42.54,RIGHT
47.38,85.77,41.31,FORWARD
78.43,118.18,88.98,FORWARD
22.26,97.86,66.92,FORWARD
13.94,17.74,20.59,STOP
70.69,39.96,75.73,RIGHT
19.68,12.59,5.28,STOP
15.56,6.64,9.04,STOP
19.32,5.42,22.95,STOP
112.86,32.3,25.86,LEFT
91.55,40.52,47.07,LEFT
67.4,83.09,97.41,FORWARD
46.6,34.01,57.4,RIGHT
88.61,93.47,109.39,FORWARD
116.8,18.75,37.92,LEFT
16.14,19.91,17.24,STOP
22.66,6.76,17.93,STOP
40.14,98.51,68.12,FORWARD
113.18,64.99,56.37,FORWARD
7.93,84.24,57.66,FORWARD
53.79,82.97,82.92,FORWARD
93.91,107.39,24.41,FORWARD
20.53,17.23,12.99,STOP
64.18,15.63,98.53,RIGHT
41.92,34.91,20.57,LEFT
62.8,13.27,41.39,RIGHT
15.49,58.79,92.66,FORWARD
28.83,32.91,47.02,RIGHT
88.17,10.06,49.92,LEFT
46.75,75.84,63.72,FORWARD
79.6,28.58,48.73,LEFT
7.06,13.63,6.56,STOP
46.07,102.61,32.19,FORWARD
94.5,29.4,24.44,LEFT
15.53,14.96,11.59,STOP
54.97,35.35,50.35,LEFT
67.32,67.14,97.62,FORWARD
56.12,18.81,57.9,LEFT
8.56,104.45,61.47,FORWARD
22.96,83.25,53.21,FORWARD
22.76,10.58,8.09,STOP
21.84,30.79,94.69,RIGHT
69.41,40.36,66.41,LEFT
74.36,80.98,50.18,FORWARD
31.67,98.67,112.47,FORWARD
6.37,8.67,24.29,STOP
24.54,5.68,44.87,RIGHT
37.2,63.26,97.21,FORWARD
77.69,5.86,77.35,LEFT
53.96,38.94,57.33,RIGHT
17.98,13.99,9.36,STOP
66.45,22.29,22.29,LEFT
66.35,92.2,44.34,FORWARD
43.09,36.95,68.79,LEFT
55.35,6.62,37.51,LEFT
116.13,22.52,50.36,LEFT
21.1,93.21,57.94,FORWARD
55.75,22.71,106.1,RIGHT
18.87,10.59,22.05,STOP
52.83,19.46,61.65,LEFT
45.43,14.55,36.94,LEFT
20.71,11.72,21.7,STOP
113.98,7.96,21.88,LEFT
17.1,18.23,13.56,STOP
40.25,25.56,113.59,RIGHT
111.44,82.71,44.96,FORWARD
40.02,37.52,28.65,LEFT
38.56,8.19,112.99,RIGHT
25.5,43.82,102.96,RIGHT
14.14,11.21,7.0,STOP
78.89,98.51,46.05,FORWARD
39.77,99.79,27.9,FORWARD
41.01,27.43,85.14,RIGHT
8.96,12.53,6.43,STOP
74.66,14.6,117.7,RIGHT
10.55,11.94,11.71,STOP
52.11,92.92,115.19,FORWARD
31.59,44.54,48.71,RIGHT
7.06,59.84,74.36,FORWARD
17.76,13.02,11.74,STOP
79.07,26.42,51.77,LEFT
83.69,14.4,50.06,LEFT
38.8,28.08,115.76,RIGHT
79.67,33.78,44.37,LEFT
64.12,31.76,112.22,RIGHT
16.48,17.77,23.2,STOP
115.91,83.82,11.07,FORWARD
45.68,16.28,60.81,LEFT
8.17,11.48,24.85,STOP
115.76,77.36,20.91,FORWARD
71.28,29.81,117.63,RIGHT
7.45,19.42,20.29,STOP
15.54,18.57,19.21,STOP
65.41,42.07,41.52,RIGHT
65.76,12.82,108.63,RIGHT
89.21,104.84,22.7,FORWARD
24.31,19.13,21.21,STOP
20.83,18.69,5.4,STOP
58.79,8.05,95.56,RIGHT
106.16,14.67,21.25,LEFT
24.98,9.67,7.79,STOP
18.95,5.38,23.17,STOP
62.83,27.5,86.26,RIGHT
47.14,99.11,90.36,FORWARD
21.86,14.95,13.1,STOP
67.96,43.48,59.06,LEFT
17.87,84.03,5.48,FORWARD
27.9,15.28,73.31,RIGHT
12.4,7.01,19.66,STOP
8.94,12.21,8.28,STOP
10.64,10.93,20.15,STOP
83.37,113.71,115.79,FORWARD
5.73,11.29,17.54,STOP
43.51,20.54,68.07,LEFT
61.98,74.71,112.0,FORWARD
102.73,12.57,22.59,LEFT
37.57,28.45,88.67,RIGHT
14.34,17.94,19.53,STOP
53.41,26.6,73.99,RIGHT
68.67,6.88,61.2,RIGHT
61.91,9.83,42.44,LEFT
89.4,17.06,22.69,LEFT
62.55,14.81,103.91,RIGHT
94.74,69.3,96.49,FORWARD
20.82,9.0,20.16,STOP
74.0,86.52,98.58,FORWARD
76.69,72.57,12.82,FORWARD
13.36,10.01,5.25,STOP
46.34,74.7,77.27,FORWARD
61.94,37.08,76.54,LEFT
74.12,8.15,68.49,LEFT
51.29,44.31,93.93,RIGHT
75.37,23.22,42.96,RIGHT
24.48,17.49,104.35,RIGHT
43.04,16.38,100.52,RIGHT
79.42,23.44,70.7,RIGHT
31.3,119.53,56.28,FORWARD
28.34,8.77,101.55,RIGHT
22.47,106.38,27.59,FORWARD
76.66,26.27,79.86,RIGHT
7.19,7.68,12.65,STOP
37.11,31.47,62.41,RIGHT
37.63,71.33,44.15,FORWARD
20.6,16.94,16.11,STOP
11.96,11.63,7.01,STOP
22.39,110.58,116.53,FORWARD
25.14,32.38,119.3,RIGHT
52.62,18.26,92.77,RIGHT
55.79,13.53,27.02,LEFT
72.18,39.18,68.25,RIGHT
73.83,42.14,59.43,RIGHT
11.69,18.66,5.86,STOP
34.5,89.09,88.5,FORWARD
26.13,17.33,96.54,RIGHT
50.75,71.46,48.67,FORWARD
56.93,40.18,68.42,RIGHT
29.51,57.99,46.24,FORWARD
118.88,19.89,39.11,LEFT
35.63,11.21,60.77,RIGHT
8.19,7.4,23.66,STOP
64.71,22.46,99.13,RIGHT
58.1,37.97,96.01,RIGHT
96.7,7.89,61.25,LEFT
26.93,35.41,41.08,RIGHT
118.16,59.16,82.84,FORWARD
43.36,18.98,72.31,RIGHT
14.0,5.45,8.36,STOP
107.81,30.71,41.51,LEFT
17.9,7.67,16.71,STOP
20.34,33.89,50.16,RIGHT
38.71,107.44,21.84,FORWARD
79.85,66.62,12.18,FORWARD
51.5,102.49,20.03,FORWARD
63.46,14.35,76.19,RIGHT
11.04,19.72,24.73,STOP
20.87,7.24,23.93,STOP
32.51,119.06,110.88,FORWARD
12.45,17.07,16.12,STOP
11.05,7.24,22.6,STOP
99.1,14.48,28.46,LEFT
23.19,31.05,96.07,RIGHT
39.59,16.08,42.16,RIGHT
75.45,33.48,23.33,LEFT
85.66,6.11,67.48,LEFT
51.79,29.34,101.3,RIGHT
105.73,26.33,29.24,LEFT
104.67,23.05,63.77,LEFT
23.39,8.85,11.26,STOP
23.31,18.89,23.42,STOP
34.39,39.8,100.09,RIGHT
88.06,84.94,91.53,FORWARD
24.05,7.93,15.44,STOP
24.57,11.98,14.99,STOP
42.57,44.22,48.36,LEFT
41.62,39.47,50.91,LEFT
17.9,13.71,18.48,STOP
54.02,43.06,45.97,RIGHT
95.35,5.31,51.0,LEFT
24.94,11.83,77.5,RIGHT
6.05,19.74,8.27,STOP
64.76,25.88,33.79,LEFT
76.76,22.38,50.48,RIGHT
20.48,9.5,17.61,STOP
26.86,85.98,23.83,FORWARD
56.56,41.57,54.35,RIGHT
77.84,98.5,51.78,FORWARD
51.68,29.43,34.03,LEFT
58.2,26.35,73.3,LEFT
53.27,33.91,61.12,LEFT
35.93,71.66,18.24,FORWARD
22.2,36.37,93.72,RIGHT
46.95,8.47,116.22,RIGHT
61.08,16.38,62.66,RIGHT
55.48,78.51,88.11,FORWARD
11.64,69.51,73.55,FORWARD
22.72,40.6,71.11,RIGHT
30.74,11.26,46.19,RIGHT
24.06,117.42,26.36,FORWARD
8.57,5.51,10.78,STOP
96.37,40.84,63.1,LEFT
43.64,18.99,50.16,LEFT
34.78,38.89,97.33,RIGHT
115.03,15.01,43.52,LEFT
33.71,70.68,83.17,FORWARD
11.4,18.55,19.34,STOP
112.91,64.7,113.25,FORWARD
99.33,13.07,63.86,LEFT
18.49,11.92,15.95,STOP
12.89,19.0,10.59,STOP
17.24,10.6,10.31,STOP
44.3,33.57,70.52,RIGHT
60.38,13.85,47.25,RIGHT
80.54,20.83,63.34,LEFT
65.34,16.03,21.47,LEFT
54.61,18.12,45.63,LEFT
79.83,35.58,64.42,RIGHT
18.75,82.23,56.78,FORWARD
62.09,84.46,74.03,FORWARD
6.4,97.77,7.2,FORWARD
25.94,68.95,7.54,FORWARD
21.71,10.8,9.49,STOP
10.9,14.13,19.05,STOP
75.76,70.74,60.43,FORWARD
72.13,113.08,29.39,FORWARD
16.44,64.71,77.43,FORWARD
13.64,109.27,31.0,FORWARD
49.97,5.01,61.32,RIGHT
19.46,14.5,10.63,STOP
48.0,33.61,43.47,RIGHT
12.57,8.6,17.58,STOP
108.72,93.63,87.52,FORWARD
40.55,16.4,104.61,RIGHT
41.88,30.4,51.59,LEFT
97.46,21.79,31.36,LEFT
13.17,91.04,114.06,FORWARD
49.92,37.98,106.66,RIGHT
44.86,7.48,108.39,RIGHT
24.91,15.19,14.03,STOP
55.4,40.74,81.17,RIGHT
20.71,16.51,18.48,STOP
77.19,19.38,68.68,RIGHT
90.96,100.04,105.13,FORWARD
68.73,36.9,89.67,RIGHT
114.33,22.1,76.37,LEFT
119.69,12.49,47.46,LEFT
61.34,34.03,52.55,LEFT
75.48,5.95,112.16,RIGHT
90.46,24.6,32.93,LEFT
42.19,66.48,95.09,FORWARD
10.72,16.89,23.37,STOP
38.54,78.07,113.16,FORWARD
5.8,64.83,114.42,FORWARD
17.72,17.28,8.85,STOP
14.22,7.12,13.09,STOP
12.06,78.84,57.67,FORWARD
71.03,9.46,46.98,LEFT
32.57,40.52,60.95,RIGHT
86.45,42.3,53.31,LEFT
23.59,23.33,66.2,RIGHT
64.28,34.97,108.79,RIGHT
79.27,110.79,50.37,FORWARD
5.29,13.54,9.44,STOP
40.07,17.38,52.95,RIGHT
46.04,32.83,106.12,RIGHT
51.42,37.17,78.17,RIGHT
10.48,19.69,23.79,STOP
84.11,93.52,19.76,FORWARD
70.03,18.03,81.72,RIGHT
8.46,19.15,15.04,STOP
12.57,7.87,5.06,STOP
54.41,104.24,28.69,FORWARD
115.59,36.04,50.56,LEFT
9.53,12.58,9.29,STOP
102.99,11.79,60.35,LEFT
14.98,16.6,9.74,STOP
55.15,66.23,50.44,FORWARD
105.16,114.39,14.22,FORWARD
57.72,16.8,109.53,RIGHT
81.34,11.4,49.74,LEFT
51.78,36.16,93.12,RIGHT
66.61,13.75,89.31,RIGHT
18.19,14.83,21.52,STOP
9.56,56.52,59.9,FORWARD
112.11,13.15,58.5,LEFT
79.12,5.0,116.68,RIGHT
12.07,13.23,5.9,STOP
13.4,63.9,20.61,FORWARD
73.41,42.08,118.68,RIGHT
75.97,99.59,24.54,FORWARD
56.35,17.62,86.82,RIGHT
108.35,10.81,43.9,LEFT
105.89,118.06,33.75,FORWARD
79.14,22.4,60.78,RIGHT
117.92,19.44,30.18,LEFT
72.9,39.36,60.23,RIGHT
47.86,19.66,51.96,RIGHT
82.72,41.09,32.82,LEFT
10.15,18.54,20.96,STOP
18.21,17.16,22.45,STOP
74.39,19.89,59.07,RIGHT
74.73,23.24,56.48,LEFT
12.77,17.19,24.78,STOP
58.56,8.02,110.31,RIGHT
15.56,13.59,8.16,STOP
99.55,89.92,82.76,FORWARD
9.16,9.48,24.74,STOP
97.94,30.35,55.46,LEFT
52.14,75.47,28.47,FORWARD
107.94,12.57,52.9,LEFT
47.35,38.59,51.37,LEFT
33.66,11.57,102.02,RIGHT
81.24,22.73,27.39,LEFT
90.37,21.8,44.38,LEFT
55.64,32.79,116.49,RIGHT
56.2,11.1,40.46,RIGHT
19.89,18.34,22.87,STOP
64.04,23.03,93.5,RIGHT
20.08,14.53,16.07,STOP
10.81,13.68,22.04,STOP
78.14,28.5,112.9,RIGHT
60.38,114.43,12.13,FORWARD
58.55,6.52,39.61,LEFT
69.46,18.9,56.92,LEFT
94.94,23.55,39.15,LEFT
68.05,42.57,102.23,RIGHT
77.17,11.77,69.85,RIGHT
23.2,19.98,15.26,STOP
15.39,9.8,6.48,STOP
20.07,16.04,12.76,STOP
57.72,5.46,79.87,LEFT
9.68,10.27,15.77,STOP
8.52,10.02,9.37,STOP
112.32,28.73,78.75,LEFT
7.95,5.26,23.55,STOP
10.87,11.44,17.7,STOP
65.83,89.27,84.25,FORWARD
111.52,31.98,23.79,LEFT
55.21,7.4,70.02,RIGHT
107.72,9.06,34.43,LEFT
32.11,43.63,64.5,RIGHT
104.71,59.27,88.2,FORWARD
65.19,57.66,27.08,FORWARD
58.15,44.11,51.7,LEFT
21.33,7.61,79.57,RIGHT
26.28,23.24,92.39,RIGHT
57.75,13.63,96.21,RIGHT
75.54,97.51,20.06,FORWARD
51.48,88.33,45.88,FORWARD
17.97,17.81,5.61,STOP
40.34,38.18,73.61,RIGHT
15.86,12.48,11.47,STOP
105.19,70.66,82.81,FORWARD
21.14,13.21,19.12,STOP
116.45,27.86,77.53,LEFT
14.27,13.42,15.78,STOP
20.4,13.09,19.79,STOP
104.1,25.76,31.02,LEFT
47.5,19.36,96.93,RIGHT
54.47,10.06,107.49,RIGHT
16.75,15.08,11.38,STOP
40.01,44.85,114.57,RIGHT
49.29,36.86,48.87,LEFT
58.52,15.87,111.63,RIGHT
11.42,8.61,9.9,STOP
23.36,5.7,16.6,STOP
11.79,15.64,10.9,STOP
62.39,15.88,77.21,LEFT
22.65,8.51,16.28,STOP
82.55,22.14,20.88,LEFT
92.43,74.67,50.06,FORWARD
81.5,115.67,56.37,FORWARD
113.98,81.86,75.19,FORWARD
13.52,19.29,7.97,STOP
7.41,19.26,10.78,STOP
57.7,32.32,58.79,RIGHT
6.41,19.46,18.48,STOP
29.81,57.31,98.48,FORWARD
35.64,34.16,98.29,RIGHT
9.89,15.59,20.44,STOP
76.88,37.8,20.51,LEFT
80.41,30.03,42.91,LEFT
30.33,36.56,86.25,RIGHT
90.41,88.32,72.62,FORWARD
8.54,6.43,24.59,STOP
25.11,59.7,47.45,FORWARD
59.33,22.37,51.23,RIGHT
21.83,17.4,7.84,STOP
72.51,41.45,51.57,LEFT
65.75,16.25,84.89,RIGHT
11.47,15.25,9.69,STOP
53.18,11.9,71.02,LEFT
48.72,91.19,62.07,FORWARD
16.86,6.42,14.12,STOP
81.06,101.76,13.95,FORWARD
81.35,40.28,22.11,LEFT
25.58,18.14,95.64,RIGHT
81.39,11.97,47.51,LEFT
93.43,11.26,71.72,LEFT
18.77,15.66,6.4,STOP
11.67,11.14,9.14,STOP
17.7,87.34,117.6,FORWARD
54.9,8.22,100.36,RIGHT
11.71,19.66,5.04,STOP
33.71,21.13,48.32,RIGHT
82.92,117.59,56.52,FORWARD
53.54,34.15,69.16,RIGHT
107.0,62.7,92.8,FORWARD
66.16,34.9,57.51,LEFT
21.14,6.57,46.82,RIGHT
24.23,13.49,10.5,STOP
100.07,93.2,15.19,FORWARD
23.39,7.83,17.62,STOP
77.64,35.91,65.27,LEFT
46.35,38.87,67.53,RIGHT
63.71,43.2,23.62,LEFT
11.26,15.34,10.43,STOP
15.31,14.99,7.25,STOP
62.18,62.05,72.21,FORWARD
11.18,10.84,12.79,STOP
73.14,44.3,59.14,LEFT
8.34,12.1,21.97,STOP
73.9,21.57,113.26,RIGHT
40.28,23.27,89.15,RIGHT
28.15,16.52,51.6,RIGHT
35.2,11.44,89.85,RIGHT
65.44,15.43,117.11,RIGHT
24.59,32.47,89.1,RIGHT
87.01,35.72,46.81,LEFT
55.33,20.97,118.57,RIGHT
80.67,44.17,38.6,LEFT
105.91,59.28,51.76,FORWARD
64.55,41.8,103.16,RIGHT
115.35,72.03,6.14,FORWARD
13.94,56.68,106.9,FORWARD
34.06,42.34,91.87,RIGHT
68.26,31.64,99.58,RIGHT
47.93,87.7,50.45,FORWARD
53.01,35.95,75.62,LEFT
76.78,68.04,5.73,FORWARD
25.84,59.91,100.98,FORWARD
117.39,109.69,15.17,FORWARD
10.5,18.28,5.49,STOP
80.07,68.45,110.39,FORWARD
20.08,14.42,21.35,STOP
32.58,37.22,97.75,RIGHT
14.42,6.65,24.15,STOP
9.79,7.83,16.3,STOP
11.93,79.01,104.09,FORWARD
9.36,13.34,22.89,STOP
71.5,64.72,82.54,FORWARD
6.72,7.66,18.64,STOP
48.59,9.04,60.24,LEFT
101.14,73.04,30.03,FORWARD
6.39,72.13,78.01,FORWARD
75.35,81.57,64.57,FORWARD
24.32,15.87,54.87,RIGHT
52.77,25.18,79.71,LEFT
63.04,38.42,64.79,LEFT
63.42,34.54,119.14,RIGHT
73.17,24.86,50.76,LEFT
116.05,23.54,40.54,LEFT
115.01,68.62,18.73,FORWARD
34.21,20.83,61.73,RIGHT
99.97,29.97,42.87,LEFT
23.38,5.62,19.66,STOP
39.63,8.94,117.12,RIGHT
64.58,113.88,86.34,FORWARD
103.38,65.94,109.45,FORWARD
20.44,65.69,105.6,FORWARD
11.52,19.6,8.13,STOP
62.67,97.43,99.46,FORWARD
116.21,100.27,6.61,FORWARD
38.95,34.56,85.03,RIGHT
68.61,24.32,54.87,LEFT
33.26,11.38,108.4,RIGHT
110.42,19.97,52.79,LEFT
68.5,41.22,67.78,RIGHT
95.77,40.25,75.2,LEFT
50.43,36.57,41.7,RIGHT
87.61,62.99,52.86,FORWARD
20.43,13.2,21.03,STOP
67.16,16.88,38.73,LEFT
18.17,106.08,116.15,FORWARD
74.03,13.74,93.51,RIGHT
77.95,6.61,20.59,LEFT
87.85,9.49,29.09,LEFT
42.14,78.88,12.9,FORWARD
53.48,36.45,32.26,LEFT
9.66,17.91,6.94,STOP
48.08,93.76,41.09,FORWARD
59.57,34.44,36.16,LEFT
44.83,67.82,58.67,FORWARD
76.65,37.55,72.5,LEFT
57.75,33.36,72.84,RIGHT
13.22,5.39,13.34,STOP
19.18,9.4,19.03,STOP
101.56,29.67,22.36,LEFT
68.88,13.86,89.66,RIGHT
65.04,20.9,20.22,LEFT
16.66,8.27,17.17,STOP
17.33,17.31,8.42,STOP
113.76,100.06,14.77,FORWARD
20.06,11.74,7.5,STOP
18.32,14.61,23.19,STOP
27.85,74.83,75.15,FORWARD
72.11,44.12,119.84,RIGHT
66.96,40.84,59.5,RIGHT
14.58,9.01,7.0,STOP
22.48,18.09,18.88,STOP
53.21,27.38,64.32,RIGHT
6.21,9.66,8.05,STOP
77.94,13.29,113.49,RIGHT
19.63,8.6,20.57,STOP
52.2,39.43,111.1,RIGHT
48.84,44.33,36.8,LEFT
28.98,96.78,17.12,FORWARD
62.09,12.35,75.63,LEFT
23.76,31.89,98.69,RIGHT
113.04,89.82,35.88,FORWARD
15.34,16.18,7.03,STOP
76.37,40.07,88.81,RIGHT
25.37,101.02,117.5,FORWARD
33.55,25.71,119.85,RIGHT
8.43,9.31,12.34,STOP
49.57,25.2,100.73,RIGHT
12.84,99.08,106.19,FORWARD
93.68,118.73,61.62,FORWARD
19.96,11.35,5.68,STOP
29.93,55.54,92.4,FORWARD
62.58,43.85,106.22,RIGHT
78.11,35.51,31.52,LEFT
52.25,18.79,73.76,LEFT
91.96,86.76,18.79,FORWARD
18.58,11.32,15.06,STOP
105.43,84.72,58.94,FORWARD
23.04,9.79,19.98,STOP
42.43,12.48,45.62,LEFT
70.02,15.76,72.8,LEFT
64.02,10.84,54.21,LEFT
66.82,30.22,71.16,LEFT
22.78,11.25,17.09,STOP
62.41,34.24,64.12,RIGHT
62.75,93.94,87.2,FORWARD
47.66,65.24,33.23,FORWARD
77.88,19.51,112.98,RIGHT
72.4,36.45,60.72,RIGHT
28.54,76.65,81.97,FORWARD
39.2,35.94,97.08,RIGHT
7.88,14.41,8.7,STOP
98.98,106.22,46.04,FORWARD
89.23,24.25,79.81,LEFT
117.7,68.03,96.59,FORWARD
23.3,10.33,16.33,STOP
97.81,110.46,98.26,FORWARD
66.67,19.83,82.09,RIGHT
7.85,11.18,7.49,STOP
7.68,12.61,23.26,STOP
20.84,32.82,111.41,RIGHT
111.68,40.76,28.38,LEFT
60.11,30.94,43.59,RIGHT
79.94,77.01,7.41,FORWARD
63.41,18.68,42.15,RIGHT
115.08,24.99,44.49,LEFT
118.39,117.97,97.51,FORWARD
26.73,34.81,110.76,RIGHT
53.81,18.54,62.92,LEFT
22.1,114.11,23.54,FORWARD
71.17,40.53,63.44,LEFT
11.35,19.91,6.32,STOP
51.34,23.48,67.27,RIGHT
38.89,34.9,74.27,RIGHT
36.27,20.9,94.09,RIGHT
68.68,72.55,57.94,FORWARD
97.29,36.89,53.63,LEFT
10.54,17.95,11.42,STOP
57.11,40.17,52.95,LEFT
48.07,32.41,60.1,RIGHT
41.48,30.69,110.99,RIGHT
52.82,41.46,101.53,RIGHT
97.07,65.45,50.58,FORWARD
20.87,12.09,11.36,STOP
96.75,43.25,75.96,LEFT
12.73,18.93,9.34,STOP
66.78,17.98,77.47,LEFT
59.0,41.53,50.86,LEFT
19.27,19.79,11.0,STOP
13.11,7.08,8.89,STOP
22.15,18.94,19.32,STOP
10.16,92.97,52.26,FORWARD
31.36,102.89,99.41,FORWARD
20.06,11.38,15.51,STOP
17.82,10.12,19.7,STOP
35.42,32.92,103.18,RIGHT
99.99,116.3,92.45,FORWARD
49.78,31.38,61.44,LEFT
97.34,11.93,59.69,LEFT
75.62,21.02,111.79,RIGHT
15.76,19.74,17.39,STOP
62.57,22.16,40.01,RIGHT
92.88,35.51,21.65,LEFT
12.74,12.16,20.8,STOP
90.17,14.73,57.09,LEFT
52.02,36.93,91.76,RIGHT
9.76,15.1,22.05,STOP
94.09,21.54,50.83,LEFT
13.51,15.57,12.53,STOP
86.38,65.65,46.77,FORWARD
11.92,8.79,17.03,STOP
85.64,32.18,52.58,LEFT
16.27,5.18,5.8,STOP
14.04,109.76,97.35,FORWARD
119.26,10.33,52.58,LEFT
77.6,31.36,93.44,RIGHT
100.16,82.59,64.66,FORWARD
5.06,19.64,8.46,STOP
19.58,5.28,21.84,STOP
5.3,17.07,18.81,STOP
5.55,10.31,24.28,STOP
60.9,20.49,48.32,LEFT
79.44,11.86,73.32,LEFT
22.44,17.7,13.17,STOP
62.54,32.51,70.67,RIGHT
97.24,22.04,52.69,LEFT
69.98,57.91,99.76,FORWARD
5.22,15.89,16.27,STOP
13.37,17.83,19.32,STOP
8.99,12.61,11.55,STOP
64.57,9.57,43.47,LEFT
35.08,31.13,53.0,RIGHT
72.53,35.6,43.79,LEFT
23.92,14.22,24.68,STOP
40.4,36.16,24.61,LEFT
61.83,75.86,76.7,FORWARD
58.59,12.3,75.82,LEFT
44.09,72.22,117.39,FORWARD
66.25,113.95,110.89,FORWARD
72.3,7.34,91.76,RIGHT
21.15,10.8,8.83,STOP
43.16,31.15,32.34,LEFT
42.42,8.96,111.8,RIGHT
106.1,86.47,90.91,FORWARD
61.98,20.74,49.7,RIGHT
57.13,114.09,75.36,FORWARD
92.89,16.09,57.32,LEFT
72.05,96.82,33.88,FORWARD
108.18,96.78,110.09,FORWARD
13.85,116.34,75.53,FORWARD
47.18,20.84,116.32,RIGHT
76.73,38.31,79.31,LEFT
95.26,113.58,102.57,FORWARD
72.07,43.8,82.86,RIGHT
86.4,17.45,58.22,LEFT
13.35,11.79,21.22,STOP
12.36,14.3,15.01,STOP
41.68,23.32,22.93,LEFT
102.82,118.68,92.65,FORWARD
17.81,7.66,5.17,STOP
45.73,30.43,48.08,RIGHT
24.34,43.18,71.38,RIGHT
48.02,31.89,33.64,LEFT
85.19,7.82,21.49,LEFT
57.31,8.77,93.05,RIGHT
51.03,8.58,60.71,LEFT
54.77,63.21,48.16,FORWARD
102.39,34.07,26.24,LEFT
40.58,83.68,119.86,FORWARD
33.58,65.66,66.12,FORWARD
58.48,41.29,76.46,LEFT
36.1,61.35,32.97,FORWARD
21.16,118.74,36.45,FORWARD
31.53,78.19,43.18,FORWARD
65.07,28.21,98.14,RIGHT
72.92,27.01,42.65,RIGHT
97.69,105.67,6.59,FORWARD
51.16,14.49,41.87,LEFT
68.57,15.74,43.98,RIGHT
63.67,23.58,82.03,RIGHT
61.47,41.31,64.22,RIGHT
84.18,18.91,26.62,LEFT
46.28,37.01,71.05,LEFT
85.95,6.04,50.59,LEFT
66.49,41.01,62.37,RIGHT
18.67,14.71,14.32,STOP
40.62,26.86,79.4,LEFT
77.33,9.41,113.83,RIGHT
77.77,26.71,61.33,RIGHT
23.15,14.14,22.15,STOP
103.17,38.0,26.72,LEFT
96.99,116.31,106.91,FORWARD
93.27,79.15,19.5,FORWARD
61.09,8.03,98.07,RIGHT
78.38,44.37,65.89,RIGHT
43.13,35.54,50.9,RIGHT
38.73,5.48,43.56,RIGHT
11.28,13.1,8.67,STOP
13.77,14.99,20.52,STOP
115.65,107.75,25.63,FORWARD
61.53,57.85,56.95,FORWARD
8.65,10.2,17.24,STOP
54.98,106.58,105.94,FORWARD
113.78,33.49,67.39,LEFT
45.75,39.83,104.65,RIGHT
56.54,24.57,41.15,LEFT
114.32,40.17,64.78,LEFT
6.46,9.29,15.17,STOP
55.4,8.78,71.98,RIGHT
74.1,12.01,71.71,RIGHT
74.63,11.22,46.0,LEFT
53.59,115.9,78.92,FORWARD
21.67,8.03,19.68,STOP
11.65,6.57,9.5,STOP
40.69,98.55,52.7,FORWARD
73.92,40.48,47.71,RIGHT
58.56,10.51,60.18,RIGHT
35.16,83.34,108.99,FORWARD
77.84,16.05,117.15,RIGHT
46.5,32.03,24.9,LEFT
57.18,12.4,75.49,LEFT
68.73,111.36,108.27,FORWARD
75.07,38.17,43.21,LEFT
26.82,12.36,71.4,RIGHT
111.03,13.8,65.75,LEFT
74.12,76.66,116.2,FORWARD
10.22,13.76,20.34,STOP
43.36,16.04,37.86,LEFT
37.78,20.91,47.86,RIGHT
83.33,18.21,38.56,LEFT
108.99,10.63,42.28,LEFT
21.04,18.43,8.07,STOP
45.34,40.47,119.34,RIGHT
87.14,7.93,76.33,LEFT
69.24,27.12,38.85,LEFT
27.68,16.76,65.42,RIGHT
17.12,10.51,12.09,STOP
106.21,75.36,44.01,FORWARD
47.11,22.4,74.46,LEFT
95.55,18.3,42.1,LEFT
119.4,98.43,29.31,FORWARD
28.74,91.81,16.53,FORWARD
12.91,8.7,6.67,STOP
57.96,70.04,112.88,FORWARD
7.9,7.53,5.71,STOP
65.57,43.78,22.79,LEFT
43.52,39.93,24.82,LEFT
20.79,19.25,12.71,STOP
66.18,28.83,75.42,LEFT
21.58,30.46,77.91,RIGHT
66.06,82.82,31.78,FORWARD
24.22,15.08,118.13,RIGHT
46.97,5.44,108.27,RIGHT
82.02,6.62,64.0,LEFT
28.99,14.58,85.25,RIGHT
11.94,116.68,64.37,FORWARD
15.14,11.59,7.36,STOP
6.35,19.04,22.59,STOP
106.78,33.5,55.35,LEFT
22.3,18.07,104.93,RIGHT
23.95,15.88,6.73,STOP
40.03,23.26,59.02,RIGHT
13.76,103.01,6.87,FORWARD
42.46,8.33,77.68,LEFT
105.21,18.98,24.95,LEFT
77.09,44.3,70.66,LEFT
41.23,13.52,30.98,LEFT
95.91,97.26,84.74,FORWARD
78.69,17.06,118.61,RIGHT
34.91,18.61,119.79,RIGHT
26.35,22.88,108.78,RIGHT
37.81,38.6,113.64,RIGHT
5.49,17.03,6.58,STOP
42.11,31.26,62.84,LEFT
25.18,9.26,114.44,RIGHT
22.28,5.28,19.88,STOP
66.09,32.44,58.94,RIGHT
76.23,27.31,73.84,RIGHT
27.39,28.58,93.04,RIGHT
31.18,19.43,60.88,RIGHT
67.69,24.01,84.98,RIGHT
89.27,89.81,39.49,FORWARD
10.31,8.92,18.87,STOP
70.6,28.67,100.28,RIGHT
24.81,7.66,24.72,STOP
96.02,27.51,64.83,LEFT
65.09,94.44,16.4,FORWARD
64.11,91.54,41.1,FORWARD
113.63,97.3,43.43,FORWARD
77.42,10.71,61.52,LEFT
13.36,10.52,7.11,STOP
71.3,75.15,53.09,FORWARD
7.33,12.89,12.78,STOP
79.58,14.48,86.37,RIGHT
21.33,31.5,76.33,RIGHT
23.09,18.02,19.85,STOP
87.49,19.36,20.57,LEFT
43.85,21.25,101.3,RIGHT
73.72,38.62,74.4,RIGHT
72.21,18.42,28.86,LEFT
19.38,17.44,12.13,STOP
41.83,14.31,102.06,RIGHT
116.05,11.74,30.66,LEFT
108.97,22.25,50.97,LEFT
82.66,33.06,45.72,LEFT
7.56,16.59,7.59,STOP
22.97,14.23,13.17,STOP
87.45,8.57,55.78,LEFT
21.52,26.36,50.22,RIGHT
17.42,12.25,11.65,STOP
21.99,7.68,12.34,STOP
12.18,11.04,17.57,STOP
58.94,5.89,66.4,LEFT
15.97,76.39,13.13,FORWARD
63.69,40.83,24.68,LEFT
62.89,33.75,44.43,LEFT
114.14,41.63,52.16,LEFT
13.3,97.53,49.07,FORWARD
94.99,35.54,54.43,LEFT
70.88,25.41,117.37,RIGHT
76.87,20.59,85.79,RIGHT
91.73,26.65,77.63,LEFT
75.04,28.75,21.39,LEFT
15.0,60.77,93.49,FORWARD
59.73,14.65,116.62,RIGHT
5.0,105.73,19.88,FORWARD
41.45,94.89,52.97,FORWARD
16.09,7.81,13.32,STOP
60.31,26.07,78.91,LEFT
32.93,26.09,96.58,RIGHT
23.58,10.18,18.73,STOP
9.31,15.6,13.16,STOP
88.83,38.69,79.38,LEFT
90.96,66.45,99.47,FORWARD
72.63,16.37,81.19,RIGHT
78.98,22.16,45.46,LEFT
108.67,38.67,49.45,LEFT
36.53,68.61,90.7,FORWARD
97.25,76.71,115.98,FORWARD
72.37,85.13,57.82,FORWARD
23.51,8.68,23.09,STOP
35.85,33.47,86.75,RIGHT
99.1,37.23,69.09,LEFT
14.59,14.11,6.29,STOP
49.17,19.86,36.18,LEFT
11.78,8.18,13.65,STOP
10.53,11.38,9.64,STOP
12.38,101.82,45.79,FORWARD
46.92,13.37,119.56,RIGHT
36.06,12.74,53.82,RIGHT
11.21,6.77,24.07,STOP
41.69,21.09,71.75,RIGHT
84.89,70.65,29.28,FORWARD
70.24,20.03,59.77,LEFT
97.93,90.41,15.51,FORWARD
21.11,81.78,97.62,FORWARD
107.71,73.72,58.36,FORWARD
22.26,19.27,21.97,STOP
101.06,86.78,61.48,FORWARD
39.73,16.7,59.26,RIGHT
50.46,42.46,73.91,RIGHT
11.71,19.73,10.72,STOP
29.07,22.09,42.86,RIGHT
112.9,24.66,77.8,LEFT
44.34,28.48,71.41,RIGHT
15.8,17.0,13.53,STOP
73.7,56.31,31.89,FORWARD
108.78,23.28,59.13,LEFT
21.66,11.68,8.92,STOP
101.28,33.71,42.27,LEFT
103.21,55.03,62.98,FORWARD
82.59,14.97,74.76,LEFT
80.51,114.81,23.69,FORWARD
58.74,35.9,94.84,RIGHT
65.82,17.12,77.39,RIGHT
24.94,8.76,22.39,STOP
79.31,19.37,90.93,RIGHT
15.57,16.63,15.31,STOP
71.54,20.5,69.6,LEFT
77.62,13.43,74.58,LEFT
7.23,8.53,16.43,STOP
80.4,44.02,22.59,LEFT
50.26,13.59,68.17,RIGHT
17.57,102.67,25.9,FORWARD
6.13,12.57,6.04,STOP
49.2,27.84,113.09,RIGHT
73.19,88.61,74.1,FORWARD
44.64,35.86,82.65,RIGHT
15.91,11.49,16.64,STOP
76.63,102.1,48.18,FORWARD
40.04,92.56,106.93,FORWARD
109.11,36.6,53.85,LEFT
61.61,42.78,81.77,RIGHT
95.3,118.84,83.51,FORWARD
41.69,20.61,54.17,LEFT
24.89,7.3,7.16,STOP
109.6,9.77,73.4,LEFT
24.09,8.29,16.81,STOP
56.34,92.41,98.15,FORWARD
25.15,25.65,42.04,RIGHT
47.42,7.03,51.0,RIGHT
51.81,28.18,44.15,RIGHT
59.38,7.02,34.07,LEFT
81.05,20.49,71.09,LEFT
9.33,16.13,9.27,STOP
74.83,18.88,29.59,LEFT
22.2,12.91,11.11,STOP
41.85,5.8,98.1,RIGHT
5.39,18.71,22.77,STOP
85.03,58.08,43.23,FORWARD
65.01,28.14,20.44,LEFT
70.62,8.74,75.08,RIGHT
86.04,18.02,20.96,LEFT
16.78,11.31,21.21,STOP
43.9,99.97,52.55,FORWARD
12.46,19.8,8.41,STOP
8.66,17.19,23.09,STOP
6.03,15.8,10.84,STOP
108.5,21.35,28.43,LEFT
46.89,89.9,37.86,FORWARD
42.98,14.04,38.12,LEFT
62.36,25.87,57.17,RIGHT
63.96,63.26,111.82,FORWARD
76.01,11.76,40.02,RIGHT
35.08,22.99,83.42,RIGHT
28.06,43.03,115.36,RIGHT
17.54,11.27,14.55,STOP
114.97,32.31,50.62,LEFT
47.3,65.06,56.05,FORWARD
108.33,97.27,103.76,FORWARD
64.98,33.71,68.93,RIGHT
115.09,16.31,46.16,LEFT
28.04,37.34,66.45,RIGHT
22.5,28.35,88.62,RIGHT
102.01,44.21,22.41,LEFT
86.57,94.61,49.78,FORWARD
14.45,69.94,93.49,FORWARD
70.01,13.86,53.08,RIGHT
49.79,71.04,90.05,FORWARD
107.82,55.61,85.7,FORWARD
7.27,17.81,17.16,STOP
15.56,12.56,8.48,STOP
71.78,20.84,28.6,LEFT
90.88,25.24,78.34,LEFT
22.49,9.3,20.78,STOP
81.25,86.39,14.68,FORWARD
19.35,12.89,24.73,STOP
31.74,40.68,56.85,RIGHT
42.67,23.57,64.65,LEFT
60.23,22.65,44.71,LEFT
25.11,5.62,59.92,RIGHT
72.66,34.96,119.4,RIGHT
8.61,13.61,24.77,STOP
29.91,25.21,99.16,RIGHT
22.66,13.53,77.79,RIGHT
85.21,23.79,61.48,LEFT
92.74,6.69,65.02,LEFT
39.84,102.09,78.99,FORWARD
81.79,26.3,39.22,LEFT
53.31,21.67,58.81,LEFT
97.95,97.13,113.44,FORWARD
69.78,31.65,20.58,LEFT
39.24,8.62,88.91,RIGHT
45.2,14.28,100.25,RIGHT
23.35,22.99,71.95,RIGHT
25.05,10.95,40.49,RIGHT
36.77,30.99,114.78,RIGHT
92.11,14.38,48.4,LEFT
44.44,31.8,78.36,LEFT
59.29,72.89,68.33,FORWARD
16.59,98.16,30.15,FORWARD
63.87,37.7,101.16,RIGHT
18.95,11.36,10.69,STOP
86.31,113.33,119.73,FORWARD
56.0,7.32,36.58,LEFT
39.28,108.77,70.87,FORWARD
48.06,19.86,51.65,LEFT
19.87,8.45,17.29,STOP
59.72,39.24,21.85,LEFT
46.62,57.13,34.63,FORWARD
62.32,110.83,119.95,FORWARD
45.74,9.48,90.75,RIGHT
102.02,110.76,51.6,FORWARD
49.83,8.1,98.51,RIGHT
6.48,14.44,12.87,STOP
21.17,5.52,8.15,STOP
15.25,14.77,15.93,STOP
79.13,16.14,66.88,RIGHT
113.97,10.5,43.65,LEFT
66.75,43.69,101.69,RIGHT
110.9,102.35,15.01,FORWARD
18.31,9.12,22.94,STOP
78.65,59.54,19.76,FORWARD
107.91,80.62,38.06,FORWARD
16.99,19.67,9.63,STOP
93.92,31.39,62.35,LEFT
5.2,14.51,5.19,STOP
17.15,57.02,53.55,FORWARD
10.67,12.91,23.88,STOP
65.56,31.87,68.44,RIGHT
70.55,29.1,111.28,RIGHT
13.42,92.02,96.57,FORWARD
104.25,5.91,34.25,LEFT
19.71,13.69,22.21,STOP
38.04,12.08,81.81,RIGHT
74.77,85.18,118.11,FORWARD
46.47,36.48,78.33,LEFT
47.2,29.47,67.91,RIGHT
35.48,61.72,6.52,FORWARD
22.67,12.85,10.8,STOP
96.93,116.55,14.61,FORWARD
67.86,116.6,8.23,FORWARD
20.39,15.51,16.6,STOP
11.63,62.64,67.65,FORWARD
95.86,25.65,63.47,LEFT
64.26,42.56,88.61,RIGHT
5.86,19.84,23.62,STOP
102.66,64.84,89.23,FORWARD
57.98,22.16,53.34,RIGHT
8.82,116.65,44.73,FORWARD
69.48,14.25,49.59,LEFT
55.06,23.13,21.73,LEFT
101.91,55.97,68.32,FORWARD
112.27,15.44,36.2,LEFT
109.57,65.46,51.41,FORWARD
13.11,5.75,24.04,STOP
33.4,33.48,100.85,RIGHT
70.56,31.92,52.69,RIGHT
41.2,36.66,31.99,LEFT
48.19,37.46,54.23,LEFT
12.11,12.69,8.74,STOP
44.24,63.44,5.74,FORWARD
31.74,25.49,83.92,RIGHT
22.97,14.94,6.23,STOP
79.87,41.19,51.97,RIGHT
97.22,14.78,21.38,LEFT
97.01,107.11,75.13,FORWARD
24.14,16.03,24.53,STOP
17.02,16.18,5.36,STOP
7.58,6.78,24.35,STOP
116.2,41.64,66.94,LEFT
112.31,89.44,91.13,FORWARD
10.23,5.15,20.5,STOP
56.7,39.82,78.31,LEFT
96.45,28.56,55.09,LEFT
66.98,18.8,54.53,LEFT
27.69,33.81,96.99,RIGHT
50.86,116.51,37.85,FORWARD
43.05,23.13,109.71,RIGHT
24.94,77.47,32.31,FORWARD
28.87,36.17,40.57,RIGHT
44.53,40.63,66.95,RIGHT
19.37,10.03,5.7,STOP
15.77,7.88,5.32,STOP
58.75,56.19,11.89,FORWARD
108.08,55.24,100.79,FORWARD
60.19,25.2,56.22,LEFT
17.79,12.37,15.67,STOP
38.89,20.95,91.65,RIGHT
20.71,100.96,85.88,FORWARD
26.73,43.94,115.19,RIGHT
104.78,28.55,34.58,LEFT
43.2,72.71,87.65,FORWARD
63.0,7.94,113.48,RIGHT
42.66,39.77,108.18,RIGHT
21.41,8.57,16.45,STOP
55.61,39.85,52.26,LEFT
107.57,66.7,109.78,FORWARD
39.94,19.88,86.27,RIGHT
79.41,39.53,118.53,RIGHT
16.87,8.5,14.11,STOP
9.25,16.57,24.82,STOP
45.31,25.69,83.31,RIGHT
52.93,14.57,36.15,LEFT
89.18,111.71,33.8,FORWARD
47.6,44.99,22.85,LEFT
80.01,65.16,49.22,FORWARD
84.79,37.68,46.1,LEFT
50.36,101.74,44.74,FORWARD
6.77,17.32,10.6,STOP
36.06,38.08,47.34,RIGHT
60.66,22.47,53.12,RIGHT
119.97,113.61,96.8,FORWARD
11.1,18.84,16.04,STOP
12.06,6.12,5.42,STOP
53.97,17.73,97.9,RIGHT
62.78,14.84,85.04,RIGHT
7.52,9.47,11.21,STOP
14.6,9.23,18.16,STOP
111.13,18.96,54.14,LEFT
21.82,17.02,19.67,STOP
38.35,44.17,48.55,RIGHT
98.68,69.53,116.33,FORWARD
58.58,6.74,64.03,LEFT
53.18,106.03,5.71,FORWARD
52.45,28.2,72.26,LEFT
26.25,25.48,93.63,RIGHT
117.84,63.23,115.9,FORWARD
34.64,10.18,108.87,RIGHT
38.96,90.23,7.83,FORWARD
107.2,104.95,46.66,FORWARD
11.29,10.13,18.14,STOP
71.64,17.44,66.52,RIGHT
7.55,10.98,11.59,STOP
56.98,29.37,115.02,RIGHT
105.91,71.03,34.85,FORWARD
14.07,18.08,21.23,STOP
19.8,18.05,7.34,STOP
54.49,90.9,80.68,FORWARD
96.23,107.08,41.29,FORWARD
22.79,15.03,12.52,STOP
10.43,14.74,12.84,STOP
62.73,15.65,42.49,RIGHT
9.43,10.21,7.99,STOP
109.63,39.48,42.65,LEFT
24.95,10.86,6.35,STOP
22.0,43.5,98.6,RIGHT
114.97,37.9,75.98,LEFT
79.28,63.77,75.74,FORWARD
112.63,20.65,38.04,LEFT
111.94,34.55,63.34,LEFT
23.66,5.97,20.52,STOP
68.49,40.12,73.87,LEFT
87.68,36.69,62.78,LEFT
54.3,22.96,52.06,RIGHT
27.09,23.33,40.88,RIGHT
15.33,10.75,14.76,STOP
13.93,107.2,17.93,FORWARD
24.4,8.01,77.06,RIGHT
54.55,15.92,71.93,RIGHT
11.92,91.78,92.93,FORWARD
12.18,15.34,9.16,STOP
44.18,38.97,82.21,RIGHT
113.39,39.55,31.75,LEFT
27.71,87.11,21.24,FORWARD
15.02,19.48,15.12,STOP
30.36,109.31,6.57,FORWARD
77.58,14.09,87.32,RIGHT
49.21,20.1,99.31,RIGHT
20.6,6.0,21.42,STOP
10.21,15.0,13.44,STOP
119.95,23.05,76.06,LEFT
13.52,18.81,19.97,STOP
70.48,107.23,41.44,FORWARD
18.99,8.59,24.15,STOP
102.46,24.53,37.92,LEFT
26.79,12.21,55.61,RIGHT
24.0,8.19,19.56,STOP
14.26,18.63,7.63,STOP
12.66,56.59,61.69,FORWARD
38.86,85.15,66.24,FORWARD
78.67,35.75,71.34,RIGHT
76.08,29.52,70.61,RIGHT
9.19,19.91,19.31,STOP
93.78,21.44,76.35,LEFT
84.14,77.17,5.07,FORWARD
108.55,105.88,114.57,FORWARD
97.33,86.34,45.34,FORWARD
7.5,10.33,15.92,STOP
79.42,8.16,44.71,RIGHT
18.13,6.48,12.23,STOP
16.9,18.5,16.96,STOP
69.97,37.62,77.04,RIGHT
53.74,44.52,54.92,LEFT
13.09,7.2,10.39,STOP
119.19,19.64,66.76,LEFT
73.48,20.83,48.57,LEFT
6.81,5.9,19.97,STOP
12.02,12.54,12.63,STOP
101.72,35.14,24.99,LEFT
52.57,60.65,109.86,FORWARD
110.91,7.55,35.08,LEFT
14.87,8.56,21.93,STOP
76.97,43.34,48.0,LEFT
73.62,6.44,36.04,LEFT
10.61,16.39,6.74,STOP
104.98,35.43,43.6,LEFT
36.76,71.24,107.45,FORWARD
18.13,7.47,8.62,STOP
79.23,111.34,75.87,FORWARD
41.13,30.55,52.69,LEFT
5.95,5.23,5.62,STOP
6.31,101.83,22.24,FORWARD
45.44,42.41,47.73,RIGHT
9.43,17.88,5.06,STOP
5.6,17.43,15.49,STOP
10.93,17.93,19.51,STOP
74.65,39.49,43.31,LEFT
6.26,104.61,6.91,FORWARD
6.79,13.73,23.7,STOP
12.05,11.69,6.85,STOP
106.1,43.98,33.88,LEFT
52.74,33.74,104.37,RIGHT
60.04,27.04,115.81,RIGHT
46.0,43.59,54.01,RIGHT
57.61,32.03,55.93,RIGHT
70.08,21.74,103.79,RIGHT
98.67,16.58,26.12,LEFT
6.63,15.84,7.92,STOP
81.61,35.99,73.23,LEFT
68.08,23.4,70.41,RIGHT
12.46,18.76,20.77,STOP
67.43,31.24,58.05,LEFT
84.15,84.15,84.09,FORWARD
29.49,41.66,84.54,RIGHT
98.25,28.2,21.06,LEFT
81.03,36.85,41.05,LEFT
9.73,18.61,9.33,STOP
64.96,8.73,73.55,LEFT
29.4,24.43,88.05,RIGHT
75.1,88.3,107.96,FORWARD
22.84,15.31,75.77,RIGHT
49.46,13.62,98.07,RIGHT
30.52,36.65,104.23,RIGHT
5.63,105.14,94.07,FORWARD
33.15,41.07,62.44,RIGHT
100.37,95.48,14.57,FORWARD
62.89,39.62,77.49,RIGHT
59.7,6.4,64.14,LEFT
87.81,19.08,29.31,LEFT
56.73,114.45,63.93,FORWARD
36.91,27.96,114.57,RIGHT
24.63,10.66,13.82,STOP
77.84,72.53,27.92,FORWARD
14.5,5.62,8.68,STOP
61.2,18.54,74.41,RIGHT
60.17,21.63,88.0,RIGHT
5.88,12.41,7.96,STOP
9.15,17.44,9.35,STOP
117.06,69.42,27.62,FORWARD
65.98,29.68,118.1,RIGHT
76.06,20.24,78.37,RIGHT
59.74,30.85,41.23,RIGHT
88.84,36.56,58.3,LEFT
112.91,105.2,44.49,FORWARD
49.41,35.75,105.7,RIGHT
111.48,22.84,72.39,LEFT
20.24,10.59,18.6,STOP
72.64,33.85,110.86,RIGHT
72.84,39.1,75.85,LEFT
88.97,26.97,40.56,LEFT
19.57,14.93,24.83,STOP
13.65,13.1,19.21,STOP
72.2,67.66,72.07,FORWARD
72.76,32.14,51.0,LEFT
81.77,62.64,31.43,FORWARD
9.08,8.35,19.12,STOP
70.23,16.46,87.61,RIGHT
72.84,10.4,95.81,RIGHT
66.33,24.85,73.9,LEFT
23.32,11.99,24.3,STOP
100.0,68.01,34.02,FORWARD
102.14,14.4,42.79,LEFT
33.14,5.44,81.56,RIGHT
17.55,15.95,24.17,STOP
25.13,27.75,108.31,RIGHT
64.95,115.31,38.9,FORWARD
20.01,19.88,22.23,STOP
116.07,119.78,33.75,FORWARD
7.47,9.47,15.49,STOP
107.17,26.18,66.48,LEFT
19.77,8.18,17.7,STOP
57.86,81.74,87.73,FORWARD
39.1,111.13,7.26,FORWARD
52.18,41.68,70.09,RIGHT
55.41,17.87,73.96,RIGHT
44.5,24.87,47.85,RIGHT
62.11,39.87,114.48,RIGHT
56.56,101.32,104.79,FORWARD
88.9,104.37,51.94,FORWARD
24.25,13.79,82.64,RIGHT
18.09,82.2,107.05,FORWARD
11.68,101.15,24.15,FORWARD
18.65,9.07,16.54,STOP
13.33,19.94,21.58,STOP
9.5,12.26,13.52,STOP
21.43,103.12,46.41,FORWARD
17.58,19.81,17.43,STOP
11.98,8.08,11.05,STOP
100.33,64.89,46.45,FORWARD
64.66,81.68,90.43,FORWARD
61.11,43.8,106.94,RIGHT
104.4,94.86,11.54,FORWARD
40.75,16.85,63.26,RIGHT
55.56,38.41,76.44,RIGHT
66.21,39.3,92.43,RIGHT
16.71,86.32,51.78,FORWARD
52.32,38.61,74.02,LEFT
53.11,35.43,90.37,RIGHT
92.2,78.99,102.75,FORWARD
78.36,14.37,91.09,RIGHT
55.63,36.48,33.95,LEFT
10.73,13.67,6.97,STOP
61.65,5.82,75.73,RIGHT
38.16,38.09,45.22,RIGHT
50.11,100.31,71.04,FORWARD
9.73,13.44,16.66,STOP
53.01,18.51,27.79,LEFT
55.42,44.83,75.41,LEFT
90.3,9.96,50.85,LEFT
23.55,18.21,84.1,RIGHT
119.96,25.78,71.69,LEFT
53.64,12.61,74.58,RIGHT
46.55,35.84,88.36,RIGHT
15.25,12.79,22.15,STOP
14.32,17.99,10.48,STOP
58.86,10.83,78.35,RIGHT
10.18,11.49,14.93,STOP
105.11,29.15,67.04,LEFT
14.99,8.42,6.96,STOP
16.52,14.15,5.79,STOP
34.62,103.38,34.76,FORWARD
55.12,22.31,25.19,LEFT
93.1,115.85,46.79,FORWARD
45.16,65.13,63.15,FORWARD
18.8,6.48,10.13,STOP
52.02,19.1,89.49,RIGHT
97.41,44.39,24.64,LEFT
71.27,69.26,99.16,FORWARD
73.82,40.35,68.83,RIGHT
72.22,10.37,41.08,LEFT
21.46,11.31,10.84,STOP
89.94,71.39,11.46,FORWARD
75.8,8.82,115.79,RIGHT
61.95,44.05,79.56,RIGHT
114.7,61.17,54.33,FORWARD
23.94,84.19,110.86,FORWARD
19.39,14.64,8.85,STOP
55.61,27.54,67.38,RIGHT
12.85,6.94,24.28,STOP
18.77,72.4,92.47,FORWARD
17.33,18.69,8.12,STOP
68.97,17.14,41.15,LEFT
59.02,43.76,28.74,LEFT
65.73,7.58,40.88,RIGHT
22.53,95.52,81.17,FORWARD
72.79,34.72,111.9,RIGHT
97.86,58.38,36.14,FORWARD
89.95,34.54,36.76,LEFT
32.02,97.17,6.95,FORWARD
82.59,13.43,71.01,LEFT
69.6,21.17,75.91,LEFT
6.11,6.54,21.57,STOP
49.86,35.04,105.34,RIGHT
41.9,31.87,41.37,LEFT
58.28,8.49,115.7,RIGHT
59.8,25.64,69.45,RIGHT
107.38,59.13,48.35,FORWARD
23.14,8.0,7.05,STOP
71.26,13.17,37.69,LEFT
5.64,12.32,7.89,STOP
113.43,56.17,28.03,FORWARD
95.14,15.43,65.33,LEFT
20.76,22.6,109.17,RIGHT
49.49,22.56,79.53,RIGHT
115.62,44.48,50.25,LEFT
62.56,37.8,74.75,RIGHT
7.45,6.08,17.98,STOP
21.54,14.91,22.25,STOP
62.57,108.83,78.5,FORWARD
60.71,34.58,62.15,RIGHT
100.3,86.98,73.89,FORWARD
6.88,8.47,20.94,STOP
9.7,19.89,8.97,STOP
8.75,19.28,20.07,STOP
36.84,67.81,70.73,FORWARD
23.18,11.59,96.24,RIGHT
39.75,17.04,50.12,RIGHT
22.63,17.69,18.99,STOP
99.48,38.44,62.45,LEFT
9.54,88.81,103.71,FORWARD
104.53,89.29,50.09,FORWARD
69.54,72.44,73.05,FORWARD
39.66,62.36,99.0,FORWARD
51.38,12.41,67.75,LEFT
59.5,8.51,119.02,RIGHT
44.31,15.15,70.83,RIGHT
80.08,32.13,45.75,LEFT
98.47,93.69,117.83,FORWARD
16.52,18.24,8.32,STOP
11.48,10.06,17.41,STOP
101.99,26.34,68.01,LEFT
75.55,32.51,58.6,LEFT
101.68,112.98,32.31,FORWARD
76.12,8.8,33.09,LEFT
36.21,89.43,45.86,FORWARD
84.93,114.95,119.51,FORWARD
88.87,111.71,86.7,FORWARD
114.36,111.96,6.92,FORWARD
111.42,13.03,64.75,LEFT
100.89,13.39,71.03,LEFT
7.49,10.6,24.11,STOP
51.85,20.19,52.54,RIGHT
45.59,30.51,53.53,RIGHT
107.9,44.66,58.85,LEFT
65.1,59.36,17.94,FORWARD
17.84,12.99,15.04,STOP
64.75,25.84,58.79,RIGHT
107.38,101.46,53.68,FORWARD
26.63,69.15,106.54,FORWARD
42.22,106.36,100.09,FORWARD
18.06,13.21,22.71,STOP
100.1,27.04,72.08,LEFT
25.36,78.79,26.31,FORWARD
105.81,81.84,68.71,FORWARD
86.14,87.78,78.77,FORWARD
59.13,13.46,93.56,RIGHT
113.8,117.27,13.06,FORWARD
20.57,75.46,79.57,FORWARD
115.53,117.5,73.56,FORWARD
119.33,39.98,36.01,LEFT
50.44,6.05,48.04,RIGHT
8.1,7.76,10.48,STOP
19.15,84.08,75.3,FORWARD
23.18,25.15,60.62,RIGHT
40.66,31.7,67.61,LEFT
69.2,39.11,55.29,LEFT
19.3,75.52,62.57,FORWARD
104.22,103.51,92.17,FORWARD
29.23,84.5,74.5,FORWARD
72.07,14.7,68.72,RIGHT
37.76,93.05,91.23,FORWARD
95.82,102.98,117.99,FORWARD
56.79,103.79,63.72,FORWARD
23.19,9.84,6.28,STOP
74.19,81.58,7.32,FORWARD
50.92,18.5,48.5,RIGHT
16.44,19.09,5.06,STOP
83.23,72.45,108.78,FORWARD
69.84,15.86,33.97,LEFT
62.93,43.39,24.05,LEFT
95.65,11.11,51.39,LEFT
23.46,14.55,81.95,RIGHT
102.03,10.39,55.27,LEFT
83.05,107.73,6.63,FORWARD
22.04,10.42,23.37,STOP
72.22,21.21,38.09,LEFT
10.56,13.75,16.75,STOP
60.89,12.71,23.78,LEFT
75.14,6.26,36.54,LEFT
44.93,17.43,60.05,LEFT
83.57,86.62,73.25,FORWARD
59.21,26.6,67.52,LEFT
38.26,63.47,56.14,FORWARD
85.37,40.42,76.68,LEFT
12.56,96.2,100.87,FORWARD
43.6,84.28,51.74,FORWARD
49.97,25.54,49.64,RIGHT
19.49,18.75,13.92,STOP
14.49,12.61,15.2,STOP
7.85,19.74,13.79,STOP
89.31,86.21,31.08,FORWARD
22.3,13.35,12.78,STOP
101.7,88.68,31.86,FORWARD
23.81,13.16,67.97,RIGHT
66.3,119.24,71.43,FORWARD
76.84,113.89,107.14,FORWARD
12.98,108.96,84.88,FORWARD
55.85,35.54,35.54,LEFT
55.98,32.57,50.11,LEFT
10.61,14.93,5.0,STOP
46.75,39.41,55.45,RIGHT
65.18,118.45,18.57,FORWARD
75.82,10.74,51.82,RIGHT
85.0,97.11,114.49,FORWARD
43.05,79.53,28.3,FORWARD
71.57,11.97,99.69,RIGHT
64.13,20.26,99.31,RIGHT
73.0,70.31,46.31,FORWARD
80.43,26.95,47.55,LEFT
41.93,38.3,52.75,RIGHT
41.64,31.19,69.81,LEFT
18.81,11.28,12.15,STOP
7.41,83.05,63.85,FORWARD
103.91,117.65,114.78,FORWARD
20.15,74.24,13.3,FORWARD
13.5,15.1,19.54,STOP
57.08,18.87,60.03,RIGHT
94.91,72.9,42.57,FORWARD
27.98,19.93,94.95,RIGHT
50.66,68.07,66.59,FORWARD
54.61,17.36,90.51,RIGHT
9.94,19.19,16.88,STOP
114.34,39.0,52.24,LEFT
18.23,18.05,7.48,STOP
80.3,25.67,46.65,LEFT
19.99,17.98,22.24,STOP
6.97,6.52,15.13,STOP
6.2,16.56,22.41,STOP
91.62,29.52,40.93,LEFT
56.41,75.58,96.77,FORWARD
77.4,82.19,35.84,FORWARD
66.99,10.45,41.61,RIGHT
33.0,106.15,27.57,FORWARD
7.75,14.44,10.49,STOP
37.24,37.78,72.98,RIGHT
80.63,35.88,39.82,LEFT
110.77,32.76,58.38,LEFT
23.95,11.87,21.57,STOP
53.23,24.56,72.11,RIGHT
14.82,10.53,14.55,STOP
55.06,21.82,102.46,RIGHT
55.24,106.49,89.09,FORWARD
61.51,11.78,52.03,RIGHT
98.21,102.27,49.34,FORWARD
60.25,7.61,119.8,RIGHT
23.05,17.38,11.37,STOP
23.24,5.96,23.94,STOP
12.84,9.71,20.01,STOP
70.71,26.79,107.45,RIGHT
60.14,5.77,60.49,LEFT
5.9,98.64,112.66,FORWARD
79.44,12.92,58.47,RIGHT
88.26,26.76,21.11,LEFT
12.22,16.66,7.94,STOP
46.26,37.72,93.23,RIGHT
84.54,39.78,79.63,LEFT
61.37,33.77,80.07,RIGHT
17.73,7.5,12.37,STOP
29.34,7.51,87.28,RIGHT
67.26,96.65,8.49,FORWARD
57.16,26.83,30.86,LEFT
20.07,24.33,52.69,RIGHT
29.46,38.98,88.01,RIGHT
28.38,44.49,55.39,RIGHT
14.65,9.95,12.84,STOP
56.78,12.64,103.35,RIGHT
44.42,14.89,51.65,LEFT
54.67,90.51,12.86,FORWARD
106.62,36.14,51.63,LEFT
93.82,38.98,26.95,LEFT
26.26,115.85,35.39,FORWARD
24.55,14.81,14.37,STOP
32.39,78.28,78.07,FORWARD
38.1,19.91,66.41,RIGHT
51.54,40.61,90.82,RIGHT
25.83,33.1,113.62,RIGHT
23.67,45.0,82.56,RIGHT
61.68,27.14,54.92,LEFT
112.29,92.5,99.93,FORWARD
118.46,85.5,41.27,FORWARD
116.75,107.12,12.87,FORWARD
116.79,11.46,74.77,LEFT
63.05,21.59,33.38,LEFT
111.92,115.01,87.12,FORWARD
56.81,42.57,83.54,RIGHT
5.84,14.23,20.43,STOP
117.7,25.59,57.65,LEFT
96.02,21.44,23.17,LEFT
98.03,24.62,63.05,LEFT
77.17,26.43,86.66,RIGHT
83.3,29.06,59.03,LEFT
80.29,41.59,25.57,LEFT
88.81,12.37,49.77,LEFT
27.49,24.04,86.78,RIGHT
16.04,5.08,11.97,STOP
69.22,119.8,82.6,FORWARD
30.4,11.45,60.99,RIGHT
99.85,18.09,67.06,LEFT
71.46,36.4,93.83,RIGHT
9.26,19.27,23.81,STOP
43.02,5.38,37.8,LEFT
43.14,31.2,42.72,LEFT
56.48,113.41,25.1,FORWARD
24.17,36.7,87.01,RIGHT
34.01,82.37,27.08,FORWARD
56.29,95.4,23.56,FORWARD
97.79,91.72,81.69,FORWARD
55.91,16.97,55.16,RIGHT
97.9,98.38,53.11,FORWARD
96.38,101.16,117.59,FORWARD
19.71,6.08,13.6,STOP
49.96,39.59,72.97,RIGHT
36.3,70.6,91.53,FORWARD
75.62,32.25,90.45,RIGHT
95.89,24.92,59.67,LEFT
88.4,22.06,34.29,LEFT
95.41,72.87,97.59,FORWARD
40.81,32.73,106.09,RIGHT
21.07,6.77,12.31,STOP
87.79,12.63,53.86,LEFT
84.29,87.03,109.42,FORWARD
59.39,38.67,76.55,LEFT
100.93,76.05,17.0,FORWARD
22.94,13.38,17.37,STOP
47.31,106.74,28.67,FORWARD
10.43,6.2,10.79,STOP
19.31,10.02,14.98,STOP
35.19,5.59,73.69,RIGHT
67.9,15.64,98.48,RIGHT
101.26,61.76,5.0,FORWARD
15.99,58.59,30.37,FORWARD
108.43,40.18,26.51,LEFT
41.25,7.52,46.33,RIGHT
84.28,26.51,52.52,LEFT
47.89,21.18,57.36,LEFT
90.47,68.19,81.45,FORWARD
79.19,88.28,13.11,FORWARD
9.06,107.2,40.38,FORWARD
57.14,6.37,104.89,RIGHT
55.91,43.84,39.07,LEFT
25.87,81.3,14.38,FORWARD
28.8,59.61,9.53,FORWARD
77.63,110.22,65.19,FORWARD
70.16,44.9,55.01,LEFT
61.85,22.26,65.62,LEFT
74.58,31.31,95.98,RIGHT
8.18,9.95,23.64,STOP
98.96,97.6,91.34,FORWARD
10.28,13.18,10.75,STOP
64.44,22.83,61.69,LEFT
64.3,95.4,74.5,FORWARD
114.23,110.54,102.45,FORWARD
41.89,81.48,111.62,FORWARD
17.02,9.17,22.1,STOP
13.08,14.32,21.28,STOP
42.79,23.64,98.79,RIGHT
56.59,55.15,24.12,FORWARD
28.73,5.61,86.4,RIGHT
7.01,15.49,20.96,STOP
21.84,6.01,17.42,STOP
71.13,36.18,93.32,RIGHT
119.41,72.01,39.03,FORWARD
20.62,14.63,15.08,STOP
48.65,14.06,55.04,LEFT
23.93,10.52,21.85,STOP
71.94,22.59,27.07,LEFT
21.66,58.27,86.13,FORWARD
12.59,14.58,14.66,STOP
57.46,39.9,36.85,LEFT
20.13,17.18,19.73,STOP
115.7,10.38,38.41,LEFT
97.13,41.15,66.05,LEFT
85.01,38.37,56.8,LEFT
37.34,41.3,48.54,RIGHT
23.27,69.85,70.96,FORWARD
5.66,9.0,19.93,STOP
115.36,33.21,77.51,LEFT
106.26,28.7,23.21,LEFT
17.0,10.91,19.87,STOP
75.88,40.07,53.97,LEFT
90.07,21.88,68.32,LEFT
24.62,40.81,93.97,RIGHT
6.06,116.61,101.36,FORWARD
30.59,33.21,67.33,RIGHT
78.13,61.57,83.97,FORWARD
79.27,55.89,17.5,FORWARD
21.55,6.32,9.47,STOP
66.78,9.11,79.64,LEFT
23.72,7.99,5.52,STOP
97.39,12.44,28.82,LEFT
71.04,7.87,70.44,LEFT
117.24,15.19,72.75,LEFT
65.57,29.11,47.34,LEFT
58.85,42.09,28.96,LEFT
114.61,5.55,34.85,LEFT
62.76,9.42,41.93,RIGHT
21.52,5.33,10.19,STOP
8.23,14.55,19.42,STOP
53.01,19.93,47.14,LEFT
21.66,12.49,22.75,STOP
64.08,21.22,58.89,LEFT
38.22,39.56,95.93,RIGHT
89.9,26.58,32.72,LEFT
45.42,9.36,79.92,RIGHT
22.61,14.94,16.77,STOP
85.73,109.84,43.37,FORWARD
67.07,44.42,40.58,RIGHT
45.35,10.93,56.79,RIGHT
59.88,36.05,31.8,LEFT
33.48,44.75,52.46,RIGHT
20.29,5.86,6.49,STOP
72.95,84.39,28.4,FORWARD
99.26,40.01,51.38,LEFT
50.54,7.0,119.4,RIGHT
58.74,43.97,82.43,RIGHT
98.08,77.75,34.13,FORWARD
90.4,10.81,39.48,LEFT
9.11,6.97,13.32,STOP
71.71,25.69,93.42,RIGHT
78.23,12.91,45.78,LEFT
74.35,16.12,27.06,LEFT
9.78,80.37,73.93,FORWARD
36.42,7.91,71.97,RIGHT
5.82,6.08,5.81,STOP
108.66,35.36,52.03,LEFT
73.83,8.78,66.91,RIGHT
77.46,21.57,78.19,RIGHT
56.16,30.02,53.23,RIGHT
18.01,9.89,9.65,STOP
14.32,98.63,81.11,FORWARD
21.24,5.45,72.86,RIGHT
22.19,7.94,7.36,STOP
16.48,8.08,5.36,STOP
27.49,8.67,40.26,RIGHT
44.2,42.24,63.43,RIGHT
63.22,25.56,94.23,RIGHT
94.87,36.43,53.67,LEFT
7.07,5.14,7.77,STOP
12.78,11.84,13.13,STOP
47.14,6.45,35.03,LEFT
58.46,16.01,108.78,RIGHT
54.11,11.4,54.44,RIGHT
76.41,63.23,9.64,FORWARD
79.85,22.96,50.24,LEFT
25.0,59.35,81.34,FORWARD
72.3,8.64,86.82,RIGHT
63.38,99.01,94.15,FORWARD
72.29,8.19,29.76,LEFT
32.92,11.13,119.08,RIGHT
88.51,24.06,23.4,LEFT
115.16,107.27,89.8,FORWARD
111.48,37.03,42.09,LEFT
14.26,18.36,21.43,STOP
17.41,12.72,22.58,STOP
39.48,35.44,92.64,RIGHT
9.22,91.13,96.15,FORWARD
116.14,62.48,32.46,FORWARD
79.52,42.33,25.02,LEFT
11.66,16.05,6.92,STOP
94.72,12.46,60.01,LEFT
37.12,70.34,106.8,FORWARD
41.42,16.88,108.1,RIGHT
91.88,5.33,65.44,LEFT
68.28,17.12,73.71,RIGHT
39.65,5.78,78.12,RIGHT
27.65,102.6,99.26,FORWARD
116.95,63.52,7.95,FORWARD
14.31,103.71,10.43,FORWARD
61.58,13.64,60.75,LEFT
67.82,31.66,77.06,RIGHT
61.33,14.09,25.59,LEFT
79.48,19.18,31.2,LEFT
21.68,17.48,7.23,STOP
88.85,62.35,24.6,FORWARD
86.15,42.23,34.22,LEFT
37.37,75.37,90.37,FORWARD
49.62,44.03,65.79,RIGHT
100.41,36.35,58.66,LEFT
8.18,19.06,9.34,STOP
50.72,37.9,53.05,LEFT
21.14,11.17,20.36,STOP
21.82,9.5,16.88,STOP
55.24,30.22,46.12,LEFT
23.13,44.37,53.52,RIGHT
59.69,74.17,102.16,FORWARD
40.15,34.84,116.24,RIGHT
10.82,18.9,7.71,STOP
89.81,11.51,64.03,LEFT
57.54,35.34,21.93,LEFT
93.02,39.43,61.82,LEFT
39.19,25.3,110.68,RIGHT
58.64,13.01,45.22,RIGHT
72.13,23.64,62.56,LEFT
77.18,8.25,59.91,RIGHT
57.21,79.7,65.5,FORWARD
45.15,44.66,71.47,LEFT
73.57,44.57,63.63,LEFT
68.92,36.91,53.35,RIGHT
67.62,27.16,103.18,RIGHT
105.73,64.1,33.27,FORWARD
7.25,5.32,7.13,STOP
9.57,18.64,6.23,STOP
65.73,35.56,73.84,LEFT
50.93,37.97,102.6,RIGHT
21.43,19.17,15.04,STOP
16.51,18.72,9.38,STOP
5.18,13.86,9.59,STOP
8.41,14.78,14.58,STOP
89.75,11.78,29.4,LEFT
58.54,20.83,73.13,RIGHT
41.67,35.55,54.39,RIGHT
21.19,58.51,119.04,FORWARD
84.57,30.86,73.38,LEFT
74.32,27.07,112.34,RIGHT
54.55,34.07,49.97,RIGHT
36.9,81.7,106.31,FORWARD
15.52,107.28,110.49,FORWARD
89.89,21.36,30.44,LEFT
20.12,10.18,23.32,STOP
15.16,15.87,17.09,STOP
69.83,32.64,99.79,RIGHT
12.6,11.31,19.22,STOP
31.34,12.34,106.79,RIGHT
16.97,17.37,22.75,STOP
24.16,30.21,65.92,RIGHT
9.75,16.86,21.14,STOP
109.94,40.54,52.13,LEFT
11.68,10.7,20.46,STOP
96.21,97.83,17.36,FORWARD
76.43,16.95,43.71,RIGHT
7.97,81.94,63.13,FORWARD
77.11,11.72,78.15,LEFT
5.88,109.69,20.46,FORWARD
78.75,35.43,72.74,LEFT
37.5,38.68,75.51,RIGHT
69.43,17.56,20.74,LEFT
80.19,5.55,46.12,LEFT
36.98,19.59,87.49,RIGHT
79.3,36.53,95.76,RIGHT
41.52,44.04,101.89,RIGHT
32.28,107.21,18.52,FORWARD
69.0,17.29,97.93,RIGHT
10.72,18.0,11.66,STOP
18.95,6.85,11.15,STOP
104.35,7.59,63.36,LEFT
63.57,30.79,57.7,RIGHT
101.33,16.62,57.96,LEFT
36.76,35.89,50.24,RIGHT
110.77,35.47,28.17,LEFT
49.38,41.04,100.67,RIGHT
18.0,10.96,21.8,STOP
95.3,72.08,48.0,FORWARD
48.24,23.28,53.32,RIGHT
20.37,18.74,19.61,STOP
15.92,8.99,8.94,STOP
7.54,16.8,13.82,STOP
25.49,5.52,60.8,RIGHT
23.59,6.98,8.84,STOP
6.24,19.71,19.88,STOP
18.25,5.09,14.22,STOP
20.13,9.29,12.36,STOP
106.64,117.34,68.04,FORWARD
63.22,34.63,44.43,LEFT
116.13,6.8,59.55,LEFT
15.48,5.3,9.4,STOP
75.22,9.84,74.34,RIGHT
77.46,15.3,53.42,RIGHT
14.34,12.86,23.11,STOP
103.71,58.8,54.97,FORWARD
86.06,37.45,29.33,LEFT
52.71,19.62,45.82,LEFT
55.73,21.47,70.49,RIGHT
53.58,33.48,41.7,LEFT
89.25,58.94,36.65,FORWARD
105.9,31.89,50.3,LEFT
63.04,12.95,78.7,RIGHT
89.05,73.93,35.02,FORWARD
45.93,26.41,66.57,RIGHT
17.84,5.08,20.78,STOP
115.42,119.48,98.83,FORWARD
31.72,114.74,85.12,FORWARD
52.17,5.14,50.32,LEFT
60.24,33.91,44.37,RIGHT
59.1,13.95,63.75,RIGHT
21.61,19.47,19.06,STOP
58.4,43.96,36.89,LEFT
70.5,64.14,116.03,FORWARD
16.1,61.35,24.32,FORWARD
100.53,5.68,70.92,LEFT
74.23,18.6,67.99,LEFT
61.53,32.81,53.67,RIGHT
9.55,19.27,22.19,STOP
111.22,8.29,40.93,LEFT
112.51,6.29,39.56,LEFT
89.13,42.58,45.43,LEFT
61.53,26.35,56.68,RIGHT
24.28,99.89,64.63,FORWARD
57.15,44.88,82.62,RIGHT
85.55,13.01,59.37,LEFT
64.33,26.4,65.47,LEFT
23.11,9.98,19.06,STOP
106.22,81.79,17.15,FORWARD
56.79,81.15,59.53,FORWARD
49.85,30.73,101.05,RIGHT
50.18,38.41,104.79,RIGHT
52.2,63.56,74.96,FORWARD
16.11,17.99,19.72,STOP
63.28,33.22,81.25,RIGHT
36.91,31.77,49.55,RIGHT
119.33,27.87,76.03,LEFT
116.3,88.54,112.5,FORWARD
21.51,10.01,24.02,STOP
10.23,10.57,17.77,STOP
110.24,108.05,56.64,FORWARD
21.71,8.74,10.66,STOP
78.02,23.62,90.52,RIGHT
97.68,89.31,17.95,FORWARD
85.63,42.06,45.68,LEFT
32.79,37.86,95.31,RIGHT
9.99,108.93,81.92,FORWARD
38.97,24.0,70.94,RIGHT
22.06,43.7,101.55,RIGHT
93.7,27.48,33.34,LEFT
79.89,78.87,64.76,FORWARD
13.55,12.16,14.73,STOP
47.44,8.01,71.95,LEFT
5.16,14.94,8.59,STOP
64.24,17.31,66.61,RIGHT
76.3,26.27,72.18,RIGHT
29.75,99.73,56.08,FORWARD
78.83,7.5,48.03,LEFT
56.11,16.46,90.54,RIGHT
107.59,71.18,32.0,FORWARD
44.94,85.76,9.77,FORWARD
92.33,78.64,15.14,FORWARD
97.51,44.14,55.28,LEFT
48.04,40.93,54.66,LEFT
102.48,39.79,51.28,LEFT
71.62,40.86,112.11,RIGHT
54.5,118.77,68.22,FORWARD
90.85,12.24,77.88,LEFT
102.52,18.68,47.55,LEFT
15.63,14.69,14.55,STOP
50.67,22.13,43.59,LEFT
73.47,24.6,74.07,RIGHT
41.17,23.78,76.12,RIGHT
34.83,40.26,78.57,RIGHT
10.77,16.61,19.82,STOP
111.61,58.66,7.59,FORWARD
21.41,8.92,22.54,STOP
46.31,93.27,21.71,FORWARD
58.64,9.34,62.74,LEFT
83.5,104.58,58.94,FORWARD
23.76,13.56,7.59,STOP
61.92,18.86,56.48,LEFT
17.52,17.44,8.99,STOP
10.94,13.16,17.91,STOP
110.94,14.21,77.99,LEFT
34.81,43.17,114.79,RIGHT
101.73,37.42,20.6,LEFT
105.54,13.19,35.24,LEFT
96.14,33.62,48.48,LEFT
116.54,106.52,35.88,FORWARD
37.36,38.68,94.58,RIGHT
79.48,40.82,61.15,LEFT
27.45,79.62,49.97,FORWARD
114.06,37.95,41.96,LEFT
61.7,35.38,47.41,RIGHT
54.63,39.48,76.5,RIGHT
42.74,115.57,97.59,FORWARD
57.81,18.24,98.35,RIGHT
10.15,14.87,16.22,STOP
54.44,12.78,76.81,RIGHT
18.57,19.04,18.53,STOP
6.43,77.74,51.0,FORWARD
75.49,42.66,79.4,LEFT
74.58,39.3,52.71,LEFT
54.63,31.95,63.43,LEFT
18.91,16.84,17.33,STOP
97.12,39.75,40.02,LEFT
48.39,56.33,10.61,FORWARD
54.16,12.53,67.36,LEFT
41.53,25.31,100.47,RIGHT
20.48,12.14,6.96,STOP
5.16,11.71,19.13,STOP
10.53,9.16,16.45,STOP
44.14,56.44,101.79,FORWARD
73.35,43.4,83.43,RIGHT
66.33,42.51,103.93,RIGHT
53.78,35.13,31.76,LEFT
16.32,56.36,103.86,FORWARD
7.06,19.26,7.57,STOP
47.32,10.04,94.42,RIGHT
112.39,34.91,67.67,LEFT
17.91,10.73,7.0,STOP
20.55,36.89,110.98,RIGHT
17.38,16.55,16.09,STOP
94.41,41.71,27.21,LEFT
70.96,20.46,55.6,RIGHT
22.34,5.87,22.31,STOP
79.68,22.68,76.94,RIGHT
77.82,34.35,36.27,LEFT
50.18,39.53,78.21,RIGHT
118.16,116.58,58.61,FORWARD
5.81,11.61,11.87,STOP
66.55,21.82,108.63,RIGHT
56.33,31.46,48.94,RIGHT
79.65,16.23,43.35,RIGHT
88.74,109.35,38.62,FORWARD
87.52,59.82,88.87,FORWARD
21.82,10.03,7.12,STOP
17.89,12.75,14.62,STOP
9.65,16.12,14.11,STOP
21.03,13.96,7.62,STOP
28.5,43.51,108.06,RIGHT
10.85,18.55,18.09,STOP
17.04,10.47,23.06,STOP
40.37,32.21,58.73,RIGHT
20.17,19.85,19.74,STOP
75.26,67.26,81.25,FORWARD
54.3,80.44,46.58,FORWARD
13.37,90.93,31.32,FORWARD
91.33,42.04,36.66,LEFT
15.64,7.04,18.85,STOP
54.24,88.92,82.25,FORWARD
41.02,44.05,116.1,RIGHT
10.75,64.3,80.01,FORWARD
5.93,16.0,19.73,STOP
44.7,18.82,29.41,LEFT
85.24,14.49,41.69,LEFT
76.46,37.31,22.86,LEFT
116.34,98.02,85.74,FORWARD
85.18,108.57,23.36,FORWARD
24.59,18.2,19.93,STOP
6.65,9.63,18.95,STOP
58.3,110.27,20.32,FORWARD
68.62,41.5,96.05,RIGHT
70.64,9.28,45.51,RIGHT
50.62,34.94,40.95,RIGHT
45.21,22.89,113.57,RIGHT
41.77,21.41,90.14,RIGHT
10.87,11.2,23.17,STOP
119.22,22.34,32.78,LEFT
72.24,29.6,63.19,LEFT
20.76,12.19,16.76,STOP
53.68,39.05,38.75,LEFT
23.66,105.59,69.31,FORWARD
28.43,93.08,100.93,FORWARD
71.89,22.51,48.3,LEFT
68.85,74.32,45.69,FORWARD
41.51,9.77,83.13,RIGHT
85.02,14.34,35.11,LEFT
62.83,23.35,56.69,LEFT
21.73,5.59,23.35,STOP
49.97,66.36,13.18,FORWARD
9.74,19.86,22.09,STOP
62.1,24.82,48.39,RIGHT
46.6,29.56,44.43,RIGHT
60.37,21.36,28.46,LEFT
57.28,9.91,41.72,LEFT
55.99,32.25,62.86,LEFT
15.65,17.22,8.27,STOP
50.53,37.72,49.54,RIGHT
20.71,18.23,17.54,STOP
23.02,13.5,19.85,STOP
73.22,90.62,5.85,FORWARD
44.94,40.24,89.36,RIGHT
101.85,14.48,26.53,LEFT
61.38,26.79,84.08,RIGHT
12.9,17.32,11.23,STOP
57.45,60.9,11.51,FORWARD
55.52,7.01,24.94,LEFT
118.98,75.14,102.69,FORWARD
46.95,36.32,104.68,RIGHT
17.06,14.03,12.27,STOP
91.74,110.49,21.6,FORWARD
65.07,33.02,90.96,RIGHT
25.89,27.49,51.84,RIGHT
7.6,18.07,22.71,STOP
62.42,5.07,53.94,LEFT
75.22,103.16,8.46,FORWARD
18.74,10.88,12.8,STOP
32.49,5.89,75.57,RIGHT
36.53,62.15,78.71,FORWARD
37.45,61.79,73.69,FORWARD
96.8,71.62,101.98,FORWARD
59.1,22.31,71.22,LEFT
58.1,91.71,75.87,FORWARD
41.48,37.43,25.76,LEFT
107.6,27.98,76.04,LEFT
103.53,36.63,45.0,LEFT
45.04,36.46,35.16,LEFT
24.33,13.57,21.15,STOP
89.01,26.7,40.46,LEFT
61.94,95.71,42.21,FORWARD
32.82,63.27,12.74,FORWARD
74.72,11.48,99.17,RIGHT
24.09,9.04,20.82,STOP
24.54,25.58,48.28,RIGHT
26.31,17.33,96.41,RIGHT
37.87,107.67,22.98,FORWARD
11.93,16.75,23.53,STOP
52.19,31.56,46.36,RIGHT
48.69,33.71,21.88,LEFT
41.67,71.77,79.55,FORWARD
64.51,36.4,80.99,RIGHT
75.43,14.75,85.07,RIGHT
105.22,100.66,105.91,FORWARD
67.68,95.77,43.5,FORWARD
108.97,35.4,55.82,LEFT
109.87,6.46,21.21,LEFT
18.22,8.54,14.48,STOP
46.06,77.25,62.13,FORWARD
18.3,12.97,14.81,STOP
24.43,12.13,17.97,STOP
15.98,13.48,5.12,STOP
69.66,10.17,24.79,LEFT
50.47,32.85,54.12,LEFT
58.98,17.63,115.42,RIGHT
90.74,31.47,37.06,LEFT
103.33,12.83,36.4,LEFT
49.29,14.49,62.02,RIGHT
16.98,19.45,13.34,STOP
55.62,95.62,76.67,FORWARD
7.16,9.77,10.78,STOP
15.06,19.12,16.81,STOP
18.98,13.6,21.34,STOP
66.06,9.98,89.85,RIGHT
12.76,16.84,11.37,STOP
77.01,24.89,119.33,RIGHT
21.3,14.1,98.3,RIGHT
31.48,30.22,110.86,RIGHT
41.67,21.59,37.91,LEFT
72.63,24.27,75.33,LEFT
7.27,75.91,115.18,FORWARD
8.31,58.44,61.1,FORWARD
15.93,9.61,5.37,STOP
56.28,81.43,67.26,FORWARD
25.76,22.09,66.23,RIGHT
23.92,8.72,22.44,STOP
37.57,23.58,53.72,RIGHT
115.36,25.36,52.13,LEFT
52.66,24.6,45.7,LEFT
76.25,89.93,99.33,FORWARD
43.16,14.81,51.99,RIGHT
99.84,116.48,44.41,FORWARD
101.53,26.89,46.96,LEFT
63.29,33.87,84.83,RIGHT
51.07,13.71,65.55,LEFT
59.31,83.19,26.17,FORWARD
51.96,38.27,63.79,RIGHT
97.2,74.34,77.46,FORWARD
37.32,113.49,88.41,FORWARD
50.75,116.33,96.58,FORWARD
15.94,5.99,16.88,STOP
24.98,108.55,28.21,FORWARD
9.33,15.78,24.36,STOP
41.2,31.26,53.93,LEFT
20.46,13.63,16.99,STOP
5.45,9.32,15.91,STOP
7.41,13.06,18.43,STOP
44.19,36.62,73.63,LEFT
26.64,38.15,78.59,RIGHT
66.62,83.63,62.57,FORWARD
16.4,6.85,14.59,STOP
19.21,18.52,10.96,STOP
113.13,116.43,99.51,FORWARD
46.82,96.43,64.97,FORWARD
25.07,37.8,70.57,RIGHT
77.33,56.81,8.58,FORWARD
19.07,8.41,23.97,STOP
50.75,40.04,22.06,LEFT
24.6,8.62,9.07,STOP
82.44,63.28,32.68,FORWARD
20.74,63.87,81.1,FORWARD
61.66,18.84,48.77,LEFT
48.51,37.19,47.04,LEFT
44.23,25.43,109.45,RIGHT
69.48,93.79,115.58,FORWARD
75.45,110.41,38.06,FORWARD
41.51,35.87,42.55,LEFT
10.71,16.97,13.97,STOP
90.02,17.95,69.26,LEFT
36.03,88.13,109.6,FORWARD
7.24,15.08,22.33,STOP
103.65,14.66,55.07,LEFT
49.18,105.4,45.65,FORWARD
13.74,18.44,16.9,STOP
73.75,5.82,89.22,RIGHT
109.47,111.86,17.01,FORWARD
46.0,21.75,53.0,RIGHT
54.78,36.51,55.53,RIGHT
20.22,42.16,119.81,RIGHT
17.95,9.93,6.58,STOP
95.05,30.95,50.87,LEFT
25.11,86.62,7.42,FORWARD
42.39,67.66,93.44,FORWARD
78.53,25.93,114.99,RIGHT
100.76,12.25,42.8,LEFT
50.12,38.31,20.09,LEFT
72.88,82.04,9.52,FORWARD
25.38,43.91,52.84,RIGHT
44.7,88.06,107.8,FORWARD
34.19,7.26,89.38,RIGHT
41.62,44.62,34.75,LEFT
45.86,37.74,107.01,RIGHT
21.21,15.24,23.33,STOP
11.65,11.11,9.84,STOP
107.55,5.06,43.73,LEFT
25.96,41.22,108.62,RIGHT
48.04,101.98,29.34,FORWARD
45.67,9.05,65.18,LEFT
14.34,8.79,16.49,STOP
6.42,17.37,6.8,STOP
15.42,17.07,24.87,STOP
105.12,9.54,41.28,LEFT
119.76,86.88,94.64,FORWARD
104.72,10.48,49.76,LEFT
34.66,96.48,18.84,FORWARD
42.37,34.15,91.45,RIGHT
69.29,20.48,69.36,RIGHT
38.67,61.18,62.88,FORWARD
24.73,7.51,23.39,STOP
19.17,14.75,8.89,STOP
12.21,84.13,86.26,FORWARD
52.08,69.0,117.51,FORWARD
24.7,33.44,64.82,RIGHT
6.43,11.25,14.03,STOP
8.2,17.95,11.83,STOP
10.39,99.69,105.02,FORWARD
86.17,38.26,23.79,LEFT
28.33,10.54,108.93,RIGHT
13.7,10.53,9.34,STOP
11.68,88.69,109.2,FORWARD
29.63,34.42,45.36,RIGHT
69.74,27.5,111.74,RIGHT
106.42,18.49,22.95,LEFT
10.65,17.62,17.28,STOP
31.98,57.85,114.52,FORWARD
45.0,63.62,20.48,FORWARD
71.18,98.78,80.84,FORWARD
92.03,83.31,68.57,FORWARD
102.13,9.56,66.24,LEFT
60.18,9.29,52.92,LEFT
43.38,31.52,82.95,RIGHT
96.31,42.09,77.28,LEFT
72.02,56.59,62.72,FORWARD
42.61,80.89,81.96,FORWARD
10.07,6.14,15.18,STOP
50.38,37.94,58.5,LEFT
54.16,28.28,49.37,LEFT
11.6,15.76,18.76,STOP
60.84,43.67,102.64,RIGHT
81.33,37.27,77.64,LEFT
29.38,65.12,115.71,FORWARD
11.84,19.41,13.15,STOP
88.19,73.37,36.27,FORWARD
48.92,91.84,27.91,FORWARD
66.38,37.85,54.27,RIGHT
18.22,19.44,17.51,STOP
23.83,15.36,8.39,STOP
20.24,5.4,19.71,STOP
22.91,33.73,84.99,RIGHT
96.45,40.5,34.54,LEFT
47.94,39.46,40.91,LEFT
88.79,41.59,41.6,LEFT
15.08,11.99,7.83,STOP
17.7,15.66,8.34,STOP
91.83,81.68,21.79,FORWARD
59.34,111.78,25.6,FORWARD
13.52,5.76,22.78,STOP
101.04,11.44,51.32,LEFT
54.29,34.22,45.73,RIGHT
9.92,15.5,24.47,STOP
18.98,10.23,6.02,STOP
37.43,91.22,32.99,FORWARD
16.12,113.58,79.26,FORWARD
17.41,18.93,23.08,STOP
15.69,14.65,12.23,STOP
74.97,8.8,64.93,RIGHT
6.23,15.81,6.81,STOP
6.24,16.6,12.48,STOP
55.53,59.37,45.52,FORWARD
104.54,91.12,107.24,FORWARD
14.68,81.16,62.86,FORWARD
20.14,15.09,8.84,STOP
112.86,28.4,72.47,LEFT
119.06,13.94,50.8,LEFT
71.84,41.82,66.13,LEFT
19.44,75.99,69.93,FORWARD
54.78,7.73,58.73,RIGHT
92.15,101.62,90.36,FORWARD
118.91,24.25,73.15,LEFT
36.32,85.89,67.84,FORWARD
95.49,76.72,43.79,FORWARD
12.24,19.05,7.17,STOP
50.04,30.85,43.13,RIGHT
11.25,18.36,20.18,STOP
99.2,57.02,105.13,FORWARD
75.51,38.25,28.81,LEFT
15.13,8.34,8.4,STOP
51.62,18.92,55.16,RIGHT
21.74,8.09,13.65,STOP
98.08,16.61,32.5,LEFT
8.04,15.84,22.58,STOP
13.38,12.16,14.52,STOP
29.61,44.2,89.5,RIGHT
43.26,31.01,25.04,LEFT
17.04,18.68,7.05,STOP
65.63,27.67,106.15,RIGHT
80.9,34.87,40.15,LEFT
110.77,43.77,64.77,LEFT
18.23,7.74,21.03,STOP
25.91,42.64,82.24,RIGHT
21.85,43.27,75.11,RIGHT
67.99,32.19,61.92,LEFT
15.66,15.31,16.76,STOP
12.47,5.45,22.67,STOP
33.24,10.83,102.99,RIGHT
43.81,28.0,73.03,LEFT
9.49,14.68,8.73,STOP
108.58,119.02,30.36,FORWARD
87.3,31.08,73.34,LEFT
22.43,11.9,21.76,STOP
103.19,16.15,45.84,LEFT
15.27,8.27,23.33,STOP
66.94,24.94,21.12,LEFT
83.2,15.7,74.2,LEFT
111.34,62.56,40.63,FORWARD
21.04,18.79,14.87,STOP
26.93,76.26,13.83,FORWARD
11.26,9.01,7.83,STOP
56.2,28.21,76.5,LEFT
22.31,10.2,8.47,STOP
115.0,57.46,19.24,FORWARD
14.76,7.39,8.21,STOP
84.61,5.54,62.0,LEFT
7.2,18.99,20.69,STOP
43.47,82.32,115.07,FORWARD
9.17,17.15,19.18,STOP
6.85,9.17,17.31,STOP
78.23,16.67,48.89,LEFT
43.44,16.35,36.88,LEFT
114.94,22.98,21.83,LEFT
8.36,92.76,70.06,FORWARD
24.21,16.82,15.68,STOP
43.74,67.6,114.31,FORWARD
7.19,14.63,22.69,STOP
72.68,43.6,28.61,LEFT
61.52,6.27,111.18,RIGHT
42.42,31.88,37.07,LEFT
20.34,15.06,16.59,STOP
112.06,119.93,11.86,FORWARD
49.57,27.18,34.63,LEFT
41.47,25.41,44.32,RIGHT
96.15,104.63,39.43,FORWARD
56.35,40.0,48.65,RIGHT
20.6,13.51,20.85,STOP
38.99,31.14,71.53,RIGHT
105.12,30.38,51.76,LEFT
61.8,5.84,55.23,RIGHT
5.39,16.36,10.59,STOP
52.13,16.44,70.62,RIGHT
94.91,14.32,35.42,LEFT
74.22,66.92,100.04,FORWARD
60.19,17.27,89.66,RIGHT
109.26,32.57,33.32,LEFT
107.36,106.23,87.57,FORWARD
112.78,114.94,77.73,FORWARD
94.32,71.73,102.47,FORWARD
77.81,115.94,42.58,FORWARD
28.69,12.88,66.51,RIGHT
100.52,18.91,53.29,LEFT
102.34,111.55,108.78,FORWARD
96.75,111.65,73.28,FORWARD
18.97,109.09,113.99,FORWARD
40.75,31.66,44.22,LEFT
45.55,15.09,63.7,RIGHT
107.99,112.76,97.77,FORWARD
13.45,10.98,18.04,STOP
14.05,15.11,10.0,STOP
79.94,11.68,49.28,RIGHT
62.02,30.03,44.77,RIGHT
101.38,71.64,96.9,FORWARD
24.92,97.31,77.73,FORWARD
44.05,18.56,100.94,RIGHT
96.46,60.83,15.62,FORWARD
112.15,24.28,71.03,LEFT
77.55,23.72,23.42,LEFT
20.97,16.69,10.27,STOP
15.18,19.4,7.99,STOP
37.79,33.93,98.01,RIGHT
34.46,6.21,78.85,RIGHT
118.58,100.93,99.98,FORWARD
45.95,92.2,63.63,FORWARD
31.14,76.9,70.25,FORWARD
9.81,15.27,20.9,STOP
106.56,35.26,67.19,LEFT
8.69,7.05,10.33,STOP
97.51,89.93,65.8,FORWARD
6.61,15.16,10.13,STOP
9.74,14.29,7.04,STOP
113.4,41.97,36.12,LEFT
94.28,16.71,32.13,LEFT
95.63,40.78,39.6,LEFT
16.13,6.83,13.76,STOP
12.84,18.37,17.47,STOP
11.54,15.19,5.46,STOP
50.47,31.36,72.04,RIGHT
6.44,13.59,8.03,STOP
19.03,93.58,25.63,FORWARD
18.11,9.55,20.26,STOP
35.71,8.88,87.91,RIGHT
5.51,17.38,12.71,STOP
18.81,16.0,5.39,STOP
57.67,80.25,21.26,FORWARD
21.53,17.34,9.78,STOP
14.84,14.37,16.71,STOP
7.47,15.88,21.16,STOP
35.97,20.69,114.4,RIGHT
21.08,18.04,13.77,STOP
8.0,11.9,20.58,STOP
41.71,21.68,103.65,RIGHT
82.49,30.3,34.2,LEFT
76.79,32.73,88.75,RIGHT
103.03,25.16,44.48,LEFT
9.3,13.07,11.32,STOP
56.69,42.07,56.47,RIGHT
21.01,11.18,23.27,STOP
100.58,32.8,58.73,LEFT
46.66,57.13,87.24,FORWARD
22.44,14.95,9.4,STOP
5.64,11.91,22.33,STOP
21.97,16.4,6.28,STOP
68.17,19.99,116.15,RIGHT
61.86,72.05,9.48,FORWARD
5.64,17.01,7.6,STOP
24.18,8.28,7.74,STOP
24.15,16.12,10.2,STOP
63.61,10.64,76.17,RIGHT
119.89,36.56,46.89,LEFT
6.33,6.36,19.41,STOP
83.82,27.2,30.82,LEFT
80.6,112.23,77.26,FORWARD
33.95,78.51,110.89,FORWARD
62.12,77.61,83.49,FORWARD
70.82,44.28,119.94,RIGHT
64.2,81.18,101.5,FORWARD
71.85,18.48,74.67,LEFT
17.64,15.54,11.82,STOP
41.54,18.76,106.54,RIGHT
13.86,10.53,8.18,STOP
102.17,8.23,74.31,LEFT
60.27,98.49,81.48,FORWARD
62.46,39.28,44.45,RIGHT
75.6,115.07,109.11,FORWARD
22.24,9.42,21.26,STOP
111.32,33.77,76.83,LEFT
24.96,8.33,69.42,RIGHT
18.66,77.57,79.59,FORWARD
25.72,11.03,57.85,RIGHT
31.08,23.52,99.43,RIGHT
105.5,112.36,23.75,FORWARD
58.87,26.15,107.23,RIGHT
56.67,40.71,54.0,LEFT
39.37,44.51,66.22,RIGHT
109.67,15.63,66.92,LEFT
52.83,33.28,74.14,RIGHT
118.46,56.37,65.68,FORWARD
77.67,35.06,49.65,RIGHT
52.18,7.69,119.27,RIGHT
5.74,7.45,19.51,STOP
72.75,19.1,63.85,LEFT
14.9,13.53,15.09,STOP
23.18,29.14,52.94,RIGHT
16.47,18.51,9.05,STOP
50.31,17.1,93.61,RIGHT
78.16,64.77,26.44,FORWARD
32.84,57.11,79.67,FORWARD
17.45,5.48,6.01,STOP
50.19,43.75,22.89,LEFT
31.64,60.58,10.17,FORWARD
76.06,5.94,61.66,RIGHT
14.35,16.06,9.64,STOP
11.68,16.24,7.16,STOP
51.32,20.46,99.75,RIGHT
95.85,88.65,51.89,FORWARD
39.92,19.21,73.09,RIGHT
14.49,10.23,23.75,STOP
33.04,5.78,80.64,RIGHT
20.86,9.31,13.18,STOP
99.44,63.19,14.5,FORWARD
59.68,28.66,79.87,RIGHT
7.9,10.75,14.91,STOP
11.38,17.25,22.29,STOP
29.43,40.22,103.84,RIGHT
119.41,117.02,41.9,FORWARD
9.07,12.44,15.38,STOP
38.03,26.88,100.53,RIGHT
111.63,11.94,37.94,LEFT
64.73,21.45,104.18,RIGHT
92.1,7.57,33.66,LEFT
21.3,16.89,16.21,STOP
10.69,14.28,5.32,STOP
19.82,58.19,92.68,FORWARD
23.16,9.05,17.31,STOP
25.61,71.39,6.53,FORWARD
22.21,8.4,12.68,STOP
22.61,16.34,24.1,STOP
6.62,8.05,19.14,STOP
105.9,109.76,96.17,FORWARD
23.46,5.76,17.19,STOP
79.35,33.28,69.39,RIGHT
5.22,11.24,19.71,STOP
95.44,25.86,53.82,LEFT
61.1,31.08,74.66,RIGHT
6.03,15.27,12.67,STOP
108.77,11.7,76.59,LEFT
29.95,7.58,87.96,RIGHT
67.0,71.86,25.79,FORWARD
5.43,13.63,8.17,STOP
96.98,91.78,35.58,FORWARD
21.93,8.28,12.5,STOP
37.18,41.0,73.85,RIGHT
40.17,17.73,21.01,LEFT
37.79,63.47,56.64,FORWARD
92.3,37.83,35.88,LEFT
63.38,37.68,63.83,LEFT
14.35,18.26,7.53,STOP
68.89,22.01,69.19,LEFT
79.92,34.67,78.61,RIGHT
97.46,55.62,65.41,FORWARD
102.4,23.1,43.69,LEFT
44.65,19.61,86.7,RIGHT
57.58,20.03,93.4,RIGHT
75.96,76.95,49.76,FORWARD
52.3,18.3,109.93,RIGHT
117.38,28.66,30.63,LEFT
37.2,77.86,49.54,FORWARD
77.21,71.11,48.07,FORWARD
43.01,21.37,58.33,RIGHT
16.61,15.7,21.76,STOP
115.65,17.62,58.21,LEFT
63.59,41.5,40.82,RIGHT
41.16,44.8,48.61,LEFT
45.87,71.75,15.32,FORWARD
48.19,104.54,103.32,FORWARD
70.56,109.36,50.06,FORWARD
9.77,15.34,24.78,STOP
65.6,13.44,48.75,LEFT
77.95,63.27,86.49,FORWARD
76.85,28.67,27.83,LEFT
11.11,19.01,14.19,STOP
113.21,25.73,55.78,LEFT
36.83,110.07,86.61,FORWARD
79.87,20.19,98.58,RIGHT
67.18,35.43,95.59,RIGHT
70.59,28.63,72.28,LEFT
82.64,7.93,68.78,LEFT
69.49,36.14,75.9,RIGHT
18.37,18.82,21.07,STOP
42.03,16.47,94.42,RIGHT
114.04,34.36,51.82,LEFT
119.19,115.1,97.32,FORWARD
114.84,99.17,86.69,FORWARD
24.02,21.48,104.39,RIGHT
104.61,59.74,6.4,FORWARD
78.03,18.01,63.94,RIGHT
9.69,10.5,14.24,STOP
8.32,17.63,5.71,STOP
80.74,26.0,67.56,LEFT
18.36,62.6,118.08,FORWARD
21.53,16.71,95.26,RIGHT
9.51,7.83,13.01,STOP
114.31,88.84,59.24,FORWARD
15.06,14.32,23.19,STOP
78.83,101.44,29.11,FORWARD
74.9,33.03,96.52,RIGHT
11.92,19.32,18.15,STOP
45.33,25.13,73.03,LEFT
108.5,6.37,45.15,LEFT
7.81,10.17,14.71,STOP
11.42,14.37,6.39,STOP
36.28,15.54,55.43,RIGHT
55.8,12.15,75.52,LEFT
23.43,13.22,16.55,STOP
73.92,7.55,64.15,RIGHT
73.14,31.25,100.75,RIGHT
67.41,86.32,42.58,FORWARD
20.77,98.05,97.28,FORWARD
40.57,39.52,115.33,RIGHT
118.94,38.43,78.31,LEFT
15.27,11.65,22.57,STOP
99.74,59.23,11.32,FORWARD
67.71,38.89,25.07,LEFT
5.46,6.53,10.9,STOP
119.62,82.6,102.05,FORWARD
9.52,111.52,70.69,FORWARD
40.27,22.75,57.66,LEFT
47.9,13.99,33.8,LEFT
37.29,11.12,68.34,RIGHT
43.06,38.25,72.53,RIGHT
59.83,14.52,47.67,RIGHT
67.61,6.13,47.41,LEFT
54.17,110.42,16.72,FORWARD
59.13,41.82,106.12,RIGHT
65.83,29.32,36.42,LEFT
83.33,77.81,75.77,FORWARD
87.19,32.74,31.71,LEFT
108.27,70.55,108.11,FORWARD
7.7,18.9,20.39,STOP
116.98,23.16,49.0,LEFT
64.98,29.3,68.52,RIGHT
94.2,111.07,9.19,FORWARD
56.48,29.43,112.28,RIGHT
75.48,27.98,81.52,RIGHT
61.12,9.3,59.33,RIGHT
50.6,60.1,101.61,FORWARD
17.0,18.67,12.81,STOP
101.99,28.15,25.52,LEFT
24.82,71.38,68.56,FORWARD
62.84,9.22,47.45,RIGHT
21.12,5.18,9.22,STOP
30.36,31.06,55.12,RIGHT
59.01,5.92,63.14,RIGHT
45.18,9.04,82.42,RIGHT
21.64,6.23,6.13,STOP
12.26,14.33,6.11,STOP
75.8,26.78,52.37,LEFT
52.48,20.52,89.98,RIGHT
62.3,78.36,92.65,FORWARD
74.35,31.79,66.13,RIGHT
32.74,82.65,63.52,FORWARD
76.43,7.87,56.98,LEFT
7.34,14.7,18.57,STOP
53.53,63.62,31.14,FORWARD
94.52,34.87,46.35,LEFT
118.35,5.84,55.99,LEFT
53.12,41.48,73.12,RIGHT
11.37,13.66,9.92,STOP
16.6,6.48,22.01,STOP
20.67,5.79,6.99,STOP
11.53,7.05,9.91,STOP
19.61,6.33,10.2,STOP
111.98,44.79,67.69,LEFT
117.84,112.64,118.54,FORWARD
35.73,24.85,73.89,RIGHT
19.1,6.35,17.06,STOP
11.0,8.2,17.73,STOP
24.53,13.86,13.14,STOP
5.39,12.79,12.47,STOP
7.92,110.64,9.82,FORWARD
9.22,96.89,74.68,FORWARD
14.19,14.75,16.38,STOP
79.08,72.23,45.21,FORWARD
51.59,21.94,61.84,LEFT
12.79,19.57,18.8,STOP
16.42,10.51,16.37,STOP
117.7,116.22,101.4,FORWARD
74.74,60.88,82.85,FORWARD
36.23,32.36,70.92,RIGHT
66.23,99.01,27.6,FORWARD
107.66,58.4,60.66,FORWARD
107.95,64.0,22.49,FORWARD
27.7,14.97,40.34,RIGHT
6.36,10.67,9.44,STOP
39.35,88.56,34.0,FORWARD
77.86,71.18,39.62,FORWARD
60.57,20.95,62.21,LEFT
100.97,9.88,74.97,LEFT
14.81,9.13,17.23,STOP
64.29,84.91,67.9,FORWARD
25.6,23.82,57.4,RIGHT
11.11,17.94,10.86,STOP
39.72,13.88,68.03,RIGHT
51.71,27.19,92.18,RIGHT
106.31,14.41,47.83,LEFT
32.86,28.48,88.47,RIGHT
13.75,7.37,24.88,STOP
82.79,23.24,76.51,LEFT
14.89,17.53,21.23,STOP
7.08,5.59,21.42,STOP
19.92,10.67,15.67,STOP
62.98,37.52,73.75,RIGHT
101.26,44.43,76.24,LEFT
23.32,16.65,104.24,RIGHT
34.65,20.52,46.22,RIGHT
71.42,60.4,102.06,FORWARD
20.21,13.2,23.33,STOP
30.34,14.7,100.6,RIGHT
114.5,5.77,25.6,LEFT
35.63,21.3,70.42,RIGHT
83.57,62.56,89.05,FORWARD
41.37,26.9,103.86,RIGHT
101.52,82.18,13.85,FORWARD
68.74,92.51,5.7,FORWARD
31.62,38.95,85.75,RIGHT
62.23,39.84,73.4,LEFT
107.37,76.29,54.47,FORWARD
41.19,5.57,75.14,RIGHT
17.3,6.43,10.69,STOP
77.98,67.42,35.18,FORWARD
56.54,21.73,58.39,RIGHT
12.39,17.32,15.89,STOP
49.24,23.57,49.05,LEFT
24.99,9.81,11.7,STOP
95.19,32.21,66.56,LEFT
55.81,14.59,61.76,RIGHT
13.01,107.17,70.02,FORWARD
14.94,13.03,14.71,STOP
13.98,14.25,13.66,STOP
52.13,26.25,111.44,RIGHT
8.87,109.56,24.03,FORWARD
23.01,15.38,22.41,STOP
6.12,95.47,11.74,FORWARD
16.94,11.28,20.81,STOP
8.9,103.6,31.45,FORWARD
47.6,14.27,91.62,RIGHT
33.44,68.2,24.15,FORWARD
17.17,9.43,6.1,STOP
39.86,64.58,87.51,FORWARD
20.98,13.2,11.91,STOP
38.01,70.71,16.11,FORWARD
11.59,14.49,5.46,STOP
28.68,19.4,92.36,RIGHT
108.61,13.59,42.03,LEFT
20.22,17.33,15.48,STOP
25.92,66.68,82.72,FORWARD
66.58,43.76,38.03,LEFT
77.15,39.35,21.99,LEFT
74.71,107.32,98.04,FORWARD
18.98,8.98,15.26,STOP
5.23,9.48,7.34,STOP
23.79,15.24,54.92,RIGHT
10.88,9.43,16.72,STOP
115.93,32.31,28.98,LEFT
14.57,6.44,20.53,STOP
7.59,15.67,8.06,STOP
58.72,44.93,23.57,LEFT
42.89,24.89,87.59,RIGHT
77.23,38.13,59.37,RIGHT
10.11,8.87,23.34,STOP
54.45,13.34,32.47,LEFT
21.38,10.82,24.79,STOP
13.38,112.32,37.1,FORWARD
88.68,16.55,26.31,LEFT
95.43,76.81,84.62,FORWARD
44.45,23.72,61.66,LEFT
51.96,43.56,52.04,LEFT
11.01,81.68,87.71,FORWARD
21.75,15.13,24.88,STOP
67.09,7.96,57.01,RIGHT
5.07,12.85,10.46,STOP
77.83,44.2,57.87,RIGHT
116.9,62.89,32.78,FORWARD
9.53,67.45,27.25,FORWARD
12.46,65.97,110.71,FORWARD
21.5,15.2,7.99,STOP
97.43,39.23,55.67,LEFT
63.96,61.16,110.02,FORWARD
71.84,78.11,81.8,FORWARD
80.35,81.65,96.1,FORWARD
37.2,40.02,95.54,RIGHT
7.58,11.13,22.27,STOP
91.33,38.18,64.76,LEFT
27.83,42.02,107.82,RIGHT
34.29,113.32,32.73,FORWARD
5.72,15.74,5.21,STOP
87.0,73.8,26.19,FORWARD
79.93,37.96,52.47,RIGHT
79.9,28.26,98.17,RIGHT
69.07,36.72,61.23,LEFT
88.35,84.16,96.29,FORWARD
11.43,14.43,15.81,STOP
62.75,13.2,46.67,RIGHT
57.64,68.89,71.79,FORWARD
116.58,76.63,71.22,FORWARD
51.87,79.29,10.67,FORWARD
65.92,22.34,56.97,LEFT
91.12,105.91,30.97,FORWARD
23.65,13.33,11.1,STOP
28.59,17.02,104.27,RIGHT
48.77,34.22,49.25,LEFT
78.5,98.14,25.59,FORWARD
9.17,16.91,10.33,STOP
84.64,84.4,100.95,FORWARD
43.14,21.41,47.19,RIGHT
18.07,11.24,13.0,STOP
10.34,14.61,5.53,STOP
48.27,59.13,73.21,FORWARD
23.98,15.27,8.25,STOP
13.29,19.53,8.81,STOP
40.37,31.04,57.31,LEFT
10.92,13.6,22.59,STOP
56.36,38.14,63.38,LEFT
43.9,41.35,106.23,RIGHT
53.72,11.59,44.81,RIGHT
63.17,13.33,69.4,RIGHT
6.88,6.71,15.72,STOP
29.07,11.37,60.6,RIGHT
13.24,16.23,23.64,STOP
24.03,5.24,116.95,RIGHT
40.33,42.43,29.99,LEFT
119.29,117.54,97.02,FORWARD
38.6,110.65,83.83,FORWARD
28.16,86.27,59.6,FORWARD
46.42,107.8,102.65,FORWARD
34.73,13.38,42.83,RIGHT
66.49,10.82,64.83,RIGHT
56.21,89.28,49.02,FORWARD
84.6,113.7,30.26,FORWARD
57.73,31.27,74.57,LEFT
42.46,23.35,56.12,RIGHT
70.08,12.49,36.83,LEFT
92.46,24.36,34.61,LEFT
46.29,19.94,99.98,RIGHT
38.89,8.62,43.35,RIGHT
64.78,8.64,68.94,LEFT
101.96,33.85,59.24,LEFT
24.77,36.76,117.29,RIGHT
16.42,11.81,23.45,STOP
14.72,10.14,17.41,STOP
72.28,26.33,64.71,RIGHT
73.26,113.41,61.04,FORWARD
33.08,35.05,108.65,RIGHT
37.49,33.64,111.45,RIGHT
15.51,5.34,10.11,STOP
67.05,42.42,105.93,RIGHT
7.11,13.18,7.0,STOP
61.23,42.2,82.91,RIGHT
17.2,8.79,18.55,STOP
64.33,7.66,57.28,LEFT
11.65,14.23,5.73,STOP
53.59,12.32,61.61,LEFT
53.29,28.67,95.86,RIGHT
79.88,117.58,75.91,FORWARD
69.03,56.05,70.06,FORWARD
106.24,113.6,32.79,FORWARD
79.0,25.03,62.68,RIGHT
50.86,33.5,87.42,RIGHT
92.93,16.15,22.14,LEFT
66.73,6.97,44.42,LEFT
84.31,35.67,69.07,LEFT
93.32,22.78,34.16,LEFT
55.47,22.5,98.82,RIGHT
5.75,5.93,19.71,STOP
48.8,68.77,58.95,FORWARD
25.8,32.78,57.07,RIGHT
21.32,9.98,19.74,STOP
112.79,41.84,58.62,LEFT
5.49,6.86,19.85,STOP
84.8,78.08,50.94,FORWARD
22.77,12.06,7.36,STOP
53.37,30.24,48.51,LEFT
77.43,32.81,46.32,LEFT
79.82,38.14,43.52,RIGHT
64.54,35.0,23.64,LEFT
57.94,99.02,89.93,FORWARD
22.73,39.14,73.81,RIGHT
12.72,13.4,20.22,STOP
48.65,43.28,58.81,LEFT
38.86,16.84,96.04,RIGHT
20.04,10.41,79.3,RIGHT
116.38,76.84,24.27,FORWARD
12.91,17.13,23.38,STOP
13.26,15.59,8.45,STOP
40.23,66.1,71.3,FORWARD
48.92,17.08,74.64,RIGHT
104.88,15.83,73.51,LEFT
20.09,98.46,33.85,FORWARD
41.46,19.43,86.22,RIGHT
47.72,38.2,92.21,RIGHT
102.86,18.61,76.04,LEFT
22.98,14.05,24.23,STOP
75.58,40.01,66.35,RIGHT
19.05,9.75,11.67,STOP
43.36,42.37,28.4,LEFT
106.72,10.52,63.98,LEFT
100.7,21.17,57.87,LEFT
49.4,92.84,78.18,FORWARD
18.6,18.84,5.8,STOP
62.81,86.68,81.64,FORWARD
18.38,111.61,82.17,FORWARD
16.48,11.1,23.52,STOP
37.83,7.39,76.27,RIGHT
78.24,18.92,68.78,RIGHT
73.6,32.43,105.8,RIGHT
70.42,14.05,71.98,LEFT
81.75,8.11,56.5,LEFT
89.79,11.03,63.76,LEFT
7.76,6.05,5.2,STOP
31.55,22.51,55.99,RIGHT
8.48,15.2,13.62,STOP
5.28,5.35,18.59,STOP
12.88,16.5,11.05,STOP
75.6,22.62,29.27,LEFT
24.71,14.89,6.47,STOP
61.79,29.62,70.62,RIGHT
46.22,90.86,22.81,FORWARD
67.55,24.67,89.59,RIGHT
100.61,93.41,104.4,FORWARD
12.25,16.87,21.46,STOP
18.21,17.37,16.04,STOP
21.22,12.29,10.95,STOP
57.4,21.8,94.6,RIGHT
75.22,7.91,41.74,RIGHT
13.16,56.72,44.45,FORWARD
53.34,13.18,72.99,RIGHT
94.39,39.96,73.45,LEFT
17.85,18.68,12.21,STOP
23.2,6.9,104.65,RIGHT
7.65,6.04,19.5,STOP
6.0,10.11,6.0,STOP
95.63,6.15,47.88,LEFT
13.05,9.46,23.08,STOP
57.75,30.35,78.43,RIGHT
37.62,13.2,97.11,RIGHT
47.78,103.76,107.13,FORWARD
41.25,14.34,24.41,LEFT
39.99,63.61,89.26,FORWARD
81.7,5.19,66.71,LEFT
87.02,87.35,78.65,FORWARD
60.93,29.9,83.48,RIGHT
54.33,10.37,44.45,LEFT
79.75,24.78,69.23,RIGHT
78.02,34.5,71.32,LEFT
44.75,110.54,71.62,FORWARD
16.1,6.42,9.69,STOP
22.2,36.82,89.47,RIGHT
114.88,32.7,30.6,LEFT
31.65,43.47,110.69,RIGHT
63.83,8.01,51.58,LEFT
18.86,75.62,51.65,FORWARD
47.91,25.33,46.2,RIGHT
101.09,41.35,22.73,LEFT
14.09,8.95,22.55,STOP
72.73,41.82,59.19,LEFT
28.32,14.26,96.38,RIGHT
66.61,79.2,62.8,FORWARD
12.0,5.78,10.06,STOP
5.41,12.43,5.3,STOP
16.0,6.88,21.53,STOP
55.35,23.32,42.48,RIGHT
7.34,16.0,8.45,STOP
28.68,34.47,97.38,RIGHT
22.29,8.99,6.17,STOP
104.81,12.34,53.72,LEFT
75.84,7.99,76.02,RIGHT
49.56,9.39,106.56,RIGHT
44.33,17.56,42.37,RIGHT
78.07,38.44,77.63,RIGHT
58.93,5.28,69.62,RIGHT
111.19,38.26,60.34,LEFT
64.41,67.31,7.51,FORWARD
71.33,26.75,114.74,RIGHT
75.04,5.36,43.12,RIGHT
95.57,5.32,67.39,LEFT
57.21,7.89,21.18,LEFT
40.49,36.33,87.49,RIGHT
77.81,100.76,96.85,FORWARD
103.92,84.31,76.69,FORWARD
105.83,70.1,54.89,FORWARD
114.24,31.3,41.59,LEFT
62.3,22.42,58.52,RIGHT
70.55,14.38,71.55,RIGHT
107.72,18.78,33.7,LEFT
83.54,42.11,75.48,LEFT
12.97,5.42,22.48,STOP
11.01,9.55,18.13,STOP
83.07,44.54,61.86,LEFT
11.17,18.43,23.32,STOP
89.69,81.29,46.19,FORWARD
116.48,119.16,70.99,FORWARD
21.72,24.32,84.7,RIGHT
51.56,40.03,62.67,LEFT
119.14,58.66,91.46,FORWARD
23.43,18.45,17.54,STOP
66.8,14.73,60.32,RIGHT
71.65,32.9,55.78,RIGHT
72.99,39.28,119.8,RIGHT
9.42,12.01,8.57,STOP
67.25,87.59,40.16,FORWARD
41.42,26.77,39.27,LEFT
50.51,18.04,64.36,LEFT
20.61,23.92,62.03,RIGHT
84.36,40.05,63.19,LEFT
26.51,59.73,7.2,FORWARD
20.94,9.17,24.07,STOP
74.15,8.2,94.66,RIGHT
24.34,14.62,15.65,STOP
66.44,34.63,60.66,RIGHT
77.51,44.9,83.08,RIGHT
7.88,10.59,15.06,STOP
75.38,33.01,91.95,RIGHT
10.73,13.22,5.4,STOP
79.01,25.07,27.43,LEFT
23.41,61.8,17.63,FORWARD
24.09,9.5,6.37,STOP
63.8,67.08,59.56,FORWARD
61.8,22.65,54.43,LEFT
48.6,14.53,43.03,LEFT
83.65,5.68,20.79,LEFT
52.68,67.59,80.49,FORWARD
40.09,35.36,89.01,RIGHT
36.39,29.94,99.29,RIGHT
11.45,9.53,18.13,STOP
70.76,20.08,73.78,RIGHT
5.91,6.55,23.23,STOP
14.42,10.64,15.57,STOP
23.06,11.92,116.1,RIGHT
103.5,91.19,60.65,FORWARD
119.75,96.29,38.66,FORWARD
59.16,23.88,37.14,LEFT
105.06,68.34,102.82,FORWARD
28.22,10.75,52.49,RIGHT
18.61,112.13,67.76,FORWARD
82.83,114.12,67.72,FORWARD
20.45,13.03,78.93,RIGHT
79.61,34.46,39.89,LEFT
10.81,18.59,24.7,STOP
117.99,11.42,42.85,LEFT
73.63,9.93,66.58,RIGHT
46.72,12.46,63.16,LEFT
7.28,18.09,17.96,STOP
116.02,32.12,23.68,LEFT
77.05,7.3,114.27,RIGHT
78.23,25.26,45.69,LEFT
63.33,39.74,87.24,RIGHT
85.93,96.85,66.82,FORWARD
22.98,11.04,13.35,STOP
10.82,11.17,19.99,STOP
67.93,18.26,63.32,RIGHT
66.48,30.05,115.49,RIGHT
23.88,34.8,83.92,RIGHT
20.55,11.16,21.91,STOP
78.5,9.1,36.16,LEFT
37.15,12.63,73.73,RIGHT
18.35,11.91,17.52,STOP
9.82,116.37,84.49,FORWARD
83.86,27.67,71.42,LEFT
27.99,44.0,49.73,RIGHT
85.97,70.61,40.24,FORWARD
24.64,7.28,11.72,STOP
56.57,31.97,88.63,RIGHT
80.62,19.14,48.9,LEFT
80.06,36.14,62.25,LEFT
49.69,8.82,73.6,RIGHT
82.35,63.72,30.84,FORWARD
60.55,44.07,48.36,RIGHT
61.54,30.96,34.32,LEFT
23.63,9.3,24.21,STOP
92.95,109.46,117.21,FORWARD
14.14,5.97,6.58,STOP
15.03,7.65,5.17,STOP
64.78,40.1,46.03,LEFT
71.39,119.63,71.62,FORWARD
17.98,8.41,15.8,STOP
61.54,71.09,107.25,FORWARD
118.62,88.13,41.91,FORWARD
23.48,8.53,5.71,STOP
97.19,40.18,45.74,LEFT
118.12,17.59,63.86,LEFT
117.29,42.05,23.06,LEFT
32.83,85.66,109.6,FORWARD
7.78,16.7,16.78,STOP
113.57,73.18,85.17,FORWARD
61.0,40.73,42.78,LEFT
52.23,32.86,59.71,LEFT
21.96,5.61,106.47,RIGHT
23.01,32.01,41.65,RIGHT
63.32,22.77,68.59,LEFT
10.92,95.63,95.55,FORWARD
9.13,91.97,13.71,FORWARD
16.88,7.41,10.2,STOP
66.37,31.27,69.76,RIGHT
6.75,15.72,14.93,STOP
21.42,15.95,16.63,STOP
55.69,19.27,63.91,RIGHT
117.83,35.2,61.55,LEFT
75.69,12.02,105.44,RIGHT
37.29,96.87,30.25,FORWARD
10.26,12.57,21.19,STOP
78.78,36.12,109.9,RIGHT
9.77,15.26,23.86,STOP
100.4,13.44,27.15,LEFT
63.84,98.27,57.71,FORWARD
24.26,6.26,70.94,RIGHT
49.45,116.01,36.59,FORWARD
38.96,91.32,94.87,FORWARD
18.08,19.32,14.19,STOP
8.8,15.74,17.86,STOP
8.12,17.58,22.13,STOP
19.57,9.08,8.23,STOP
66.5,11.81,26.09,LEFT
19.12,19.04,7.11,STOP
87.93,43.33,47.56,LEFT
16.05,17.33,10.53,STOP
6.39,78.22,71.79,FORWARD
7.92,13.76,23.9,STOP
17.31,18.22,23.3,STOP
16.14,15.63,11.33,STOP
20.49,29.38,43.19,RIGHT
16.77,12.05,5.54,STOP
7.08,5.77,16.89,STOP
8.98,14.85,14.78,STOP
21.41,15.62,18.46,STOP
106.96,96.2,18.7,FORWARD
66.14,5.37,73.54,RIGHT
40.94,15.63,79.77,LEFT
12.57,11.9,19.68,STOP
105.05,100.82,52.06,FORWARD
9.87,13.36,23.87,STOP
58.11,27.02,71.29,LEFT
8.61,7.31,11.39,STOP
45.22,62.49,99.44,FORWARD
98.14,90.43,36.91,FORWARD
22.45,5.79,5.99,STOP
91.21,30.09,31.83,LEFT
119.88,8.47,48.5,LEFT
5.64,65.98,40.98,FORWARD
71.54,37.76,46.31,RIGHT
110.0,34.4,70.98,LEFT
73.05,28.85,97.12,RIGHT
15.19,18.36,6.75,STOP
68.35,86.33,82.78,FORWARD
94.31,113.86,50.53,FORWARD
13.33,19.97,23.46,STOP
6.17,97.03,84.68,FORWARD
26.14,34.1,81.43,RIGHT
48.37,19.19,90.38,RIGHT
6.27,12.38,10.8,STOP
48.03,39.91,40.96,LEFT
88.62,86.81,100.03,FORWARD
19.78,9.75,11.83,STOP
10.45,18.48,11.58,STOP
19.58,18.37,19.08,STOP
70.67,23.45,90.42,RIGHT
77.39,30.88,53.84,RIGHT
11.65,55.6,77.61,FORWARD
12.9,5.13,12.56,STOP
72.65,8.19,54.0,RIGHT
13.89,8.95,5.43,STOP
52.76,25.09,46.45,RIGHT
37.07,14.62,77.98,RIGHT
55.01,85.6,56.76,FORWARD
27.03,56.88,102.93,FORWARD
78.17,44.95,93.2,RIGHT
87.04,81.78,91.28,FORWARD
75.91,107.81,116.47,FORWARD
40.46,9.23,24.75,LEFT
57.27,95.47,36.86,FORWARD
8.23,7.13,17.38,STOP
6.16,9.74,18.83,STOP
51.62,29.94,52.08,LEFT
81.02,38.24,75.69,LEFT
14.3,15.3,18.1,STOP
43.19,35.59,47.39,RIGHT
70.49,33.29,65.14,LEFT
49.68,19.59,101.98,RIGHT
105.59,13.42,65.58,LEFT
32.98,19.05,62.09,RIGHT
35.38,17.56,60.73,RIGHT
16.26,8.06,11.83,STOP
65.54,57.55,88.04,FORWARD
114.19,24.42,22.86,LEFT
9.84,95.51,73.34,FORWARD
86.19,15.17,20.73,LEFT
13.17,15.46,13.32,STOP
18.5,18.33,13.69,STOP
98.94,26.07,54.48,LEFT
7.09,19.58,20.88,STOP
114.33,9.39,30.92,LEFT
46.9,39.92,53.54,LEFT
5.56,9.47,12.47,STOP
46.25,12.29,118.87,RIGHT
8.63,63.39,14.27,FORWARD
66.2,38.61,57.25,RIGHT
71.4,16.83,72.18,RIGHT
7.68,19.24,18.67,STOP
83.76,20.63,50.9,LEFT
65.44,5.51,68.59,LEFT
9.5,12.24,24.57,STOP
13.19,70.18,19.09,FORWARD
10.45,7.64,11.47,STOP
100.43,37.48,42.89,LEFT
24.2,6.68,94.17,RIGHT
70.91,12.67,74.85,LEFT
29.23,7.76,42.45,RIGHT
78.28,44.2,92.71,RIGHT
27.87,31.24,50.66,RIGHT
21.35,65.3,62.31,FORWARD
5.78,15.88,8.23,STOP
81.56,16.63,63.75,LEFT
78.21,23.74,77.76,RIGHT
15.1,90.42,105.27,FORWARD
10.79,19.98,13.63,STOP
97.29,40.53,76.27,LEFT
89.12,117.65,14.17,FORWARD
76.09,26.56,101.95,RIGHT
24.8,16.12,15.97,STOP
22.94,10.43,20.39,STOP
12.79,14.81,10.93,STOP
7.34,19.54,14.02,STOP
38.04,31.41,50.51,RIGHT
10.46,6.43,16.38,STOP
18.63,12.86,24.72,STOP
56.62,18.71,76.49,RIGHT
62.93,33.66,82.28,RIGHT
49.77,96.74,72.07,FORWARD
69.41,38.02,41.36,RIGHT
70.98,31.18,64.63,LEFT
115.68,85.31,47.68,FORWARD
18.26,12.52,24.89,STOP
67.08,26.03,67.03,RIGHT
63.26,24.58,98.0,RIGHT
49.91,39.4,47.84,RIGHT
74.07,22.33,33.52,LEFT
46.63,42.4,62.93,LEFT
12.17,14.47,11.08,STOP
49.76,76.39,103.67,FORWARD
34.44,28.44,65.86,RIGHT
20.48,12.82,8.42,STOP
12.79,11.41,12.59,STOP
17.93,7.07,13.62,STOP
23.53,9.09,23.74,STOP
36.9,37.16,116.57,RIGHT
79.34,5.29,77.06,LEFT
111.76,24.2,45.6,LEFT
116.54,108.16,38.08,FORWARD
43.83,5.55,23.74,LEFT
17.3,105.08,98.43,FORWARD
71.89,95.02,53.61,FORWARD
70.6,7.64,110.06,RIGHT
67.08,9.39,62.95,RIGHT
15.32,8.93,12.25,STOP
104.2,93.2,99.61,FORWARD
16.59,7.9,16.07,STOP
30.8,17.7,64.55,RIGHT
65.32,44.23,112.39,RIGHT
14.1,10.4,13.22,STOP
22.3,14.73,54.57,RIGHT
116.54,96.55,105.55,FORWARD
18.49,19.95,17.65,STOP
59.78,62.31,34.7,FORWARD
20.1,12.24,5.9,STOP
17.91,7.79,8.96,STOP
22.15,9.92,18.82,STOP
39.92,12.32,49.78,RIGHT
105.68,37.46,48.76,LEFT
97.8,91.16,34.57,FORWARD
10.76,15.81,6.37,STOP
17.79,113.93,113.29,FORWARD
17.15,15.78,17.52,STOP
22.43,23.3,78.44,RIGHT
109.54,92.64,55.81,FORWARD
60.62,31.48,25.96,LEFT
18.58,7.05,10.36,STOP
116.53,73.61,16.27,FORWARD
15.72,12.68,19.0,STOP
26.29,57.52,70.78,FORWARD
78.51,41.71,88.26,RIGHT
91.0,31.5,23.76,LEFT
47.54,28.27,69.52,LEFT
8.53,13.42,7.5,STOP
112.02,100.03,101.47,FORWARD
46.09,44.52,38.31,LEFT
14.26,8.18,13.04,STOP
7.49,8.22,6.4,STOP
114.3,82.58,8.65,FORWARD
78.08,29.6,31.21,LEFT
101.69,20.02,35.48,LEFT
24.58,18.27,8.0,STOP
41.98,42.04,64.43,LEFT
20.59,21.53,117.79,RIGHT
51.87,41.57,45.04,LEFT
12.29,8.8,23.83,STOP
38.62,12.72,57.81,RIGHT
20.46,74.68,102.53,FORWARD
48.33,16.87,65.18,LEFT
13.11,12.67,12.1,STOP
83.91,21.41,69.98,LEFT
31.14,19.01,45.92,RIGHT
13.23,5.03,22.86,STOP
20.37,14.18,14.93,STOP
13.96,5.71,10.67,STOP
58.4,14.23,22.28,LEFT
95.5,20.13,43.69,LEFT
84.17,82.91,15.97,FORWARD
13.89,18.46,11.1,STOP
10.36,11.75,12.2,STOP
45.61,20.3,83.0,RIGHT
38.39,15.97,46.77,RIGHT
26.66,31.66,97.38,RIGHT
77.0,25.39,66.57,LEFT
91.21,115.61,55.95,FORWARD
17.93,19.76,22.5,STOP
22.52,12.22,12.69,STOP
59.93,35.89,104.12,RIGHT
35.13,18.31,69.8,RIGHT
16.51,19.58,12.55,STOP
23.4,14.87,21.29,STOP
56.48,29.84,53.71,RIGHT
19.59,16.06,15.14,STOP
42.27,30.64,110.6,RIGHT
85.77,11.22,40.55,LEFT
103.41,113.55,66.1,FORWARD
8.01,113.18,54.12,FORWARD
107.13,29.39,56.72,LEFT
31.46,39.03,43.18,RIGHT
70.07,37.27,64.41,RIGHT
48.41,6.58,75.96,RIGHT
23.77,5.66,15.77,STOP
64.61,43.8,36.29,LEFT
29.0,11.97,45.32,RIGHT
69.63,40.22,106.91,RIGHT
25.47,41.7,111.15,RIGHT
21.26,16.44,15.59,STOP
23.16,18.95,12.54,STOP
40.45,29.12,65.48,RIGHT
7.16,18.44,7.75,STOP
13.49,17.54,11.08,STOP
26.34,83.21,43.11,FORWARD
27.55,88.18,87.85,FORWARD
47.05,93.96,107.46,FORWARD
73.48,20.2,119.93,RIGHT
65.74,5.86,70.92,LEFT
6.48,15.62,19.98,STOP
52.07,82.52,26.84,FORWARD
13.14,18.65,17.94,STOP
71.92,12.64,85.96,RIGHT
91.37,8.09,65.7,LEFT
94.18,5.05,70.69,LEFT
60.19,113.47,107.34,FORWARD
24.81,42.28,74.39,RIGHT
43.87,91.57,26.1,FORWARD
12.87,5.78,11.97,STOP
15.75,14.36,15.41,STOP
70.14,97.93,72.66,FORWARD
60.1,16.69,39.17,LEFT
13.86,85.9,98.36,FORWARD
13.62,14.48,8.95,STOP
60.26,82.96,74.21,FORWARD
91.05,102.16,25.14,FORWARD
24.84,14.04,6.85,STOP
93.47,102.84,9.09,FORWARD
32.15,97.24,26.31,FORWARD
9.83,79.52,87.53,FORWARD
15.29,15.09,15.09,STOP
8.02,6.76,7.13,STOP
79.69,28.26,29.25,LEFT
45.43,21.92,56.87,RIGHT
5.19,16.49,8.06,STOP
69.39,27.32,80.69,RIGHT
85.05,24.39,51.42,LEFT
114.71,42.65,37.04,LEFT
23.54,10.0,5.45,STOP
20.97,30.51,59.22,RIGHT
20.12,43.73,62.38,RIGHT
114.19,100.94,47.72,FORWARD
70.35,24.58,119.21,RIGHT
47.84,43.97,100.25,RIGHT
19.43,5.73,17.93,STOP
28.94,26.95,76.71,RIGHT
9.11,9.85,24.62,STOP
10.59,14.42,13.16,STOP
111.66,11.41,72.33,LEFT
85.55,41.62,64.51,LEFT
38.76,96.48,84.19,FORWARD
34.03,100.47,77.14,FORWARD
77.59,30.02,48.19,LEFT
114.06,13.71,73.9,LEFT
76.44,41.81,89.21,RIGHT
12.15,5.85,5.32,STOP
73.9,13.93,99.34,RIGHT
12.19,14.55,18.24,STOP
78.5,16.4,79.61,LEFT
102.89,6.42,23.48,LEFT
6.09,6.49,18.42,STOP
107.81,98.12,85.6,FORWARD
78.58,30.99,96.2,RIGHT
82.95,24.65,71.64,LEFT
116.57,5.1,42.37,LEFT
50.05,21.41,76.2,RIGHT
9.82,7.02,22.53,STOP
77.92,80.88,113.09,FORWARD
77.91,42.57,66.45,LEFT
29.42,87.62,45.59,FORWARD
11.99,17.28,18.37,STOP
34.53,94.82,54.41,FORWARD
10.03,104.63,118.88,FORWARD
119.41,25.79,28.43,LEFT
13.19,68.61,98.72,FORWARD
7.18,8.19,5.9,STOP
35.71,15.27,105.13,RIGHT
58.9,119.91,21.94,FORWARD
16.64,5.67,17.6,STOP
60.04,34.4,72.1,RIGHT
50.23,30.55,56.61,LEFT
25.26,14.44,91.29,RIGHT
36.52,94.6,93.52,FORWARD
104.44,109.71,55.57,FORWARD
78.46,9.88,20.02,LEFT
100.52,43.26,35.32,LEFT
6.88,7.44,16.45,STOP
43.76,73.08,113.79,FORWARD
21.29,18.56,20.97,STOP
12.53,14.34,21.05,STOP
112.86,36.17,49.81,LEFT
8.76,16.27,8.33,STOP
42.42,9.59,96.06,RIGHT
118.56,24.98,54.61,LEFT
94.79,70.41,34.51,FORWARD
21.76,10.97,9.72,STOP
49.06,78.39,104.87,FORWARD
50.35,40.64,74.2,RIGHT
55.11,37.67,50.05,LEFT
5.38,15.68,15.29,STOP
30.72,29.07,57.65,RIGHT
64.73,81.97,90.18,FORWARD
16.54,16.38,19.8,STOP
32.33,63.84,99.85,FORWARD
46.69,23.96,44.12,RIGHT
7.41,18.87,5.38,STOP
80.75,57.44,109.4,FORWARD
23.39,7.44,99.9,RIGHT
37.98,32.59,101.14,RIGHT
79.58,27.09,89.85,RIGHT
13.49,13.46,5.31,STOP
42.41,89.26,17.59,FORWARD
49.16,36.04,80.18,RIGHT
57.16,30.76,49.9,LEFT
118.45,83.72,62.65,FORWARD
24.13,41.82,64.9,RIGHT
99.57,18.86,69.06,LEFT
46.52,35.53,103.67,RIGHT
64.37,79.45,47.84,FORWARD
102.93,15.03,55.02,LEFT
108.78,73.33,24.45,FORWARD
60.31,111.13,31.1,FORWARD
22.47,17.31,17.34,STOP
107.54,28.74,24.14,LEFT
65.16,43.96,59.98,RIGHT
75.02,21.48,70.07,LEFT
50.14,67.45,79.55,FORWARD
45.64,102.81,87.82,FORWARD
52.6,11.79,97.9,RIGHT
53.41,11.95,29.51,LEFT
52.75,28.02,104.23,RIGHT
88.7,25.63,60.93,LEFT
77.08,9.61,56.46,RIGHT
10.2,88.05,103.04,FORWARD
81.83,86.96,89.12,FORWARD
38.94,16.75,76.75,RIGHT
21.04,110.46,54.77,FORWARD
14.83,82.42,102.14,FORWARD
81.3,76.92,91.06,FORWARD
11.47,57.67,85.17,FORWARD
74.34,67.94,74.84,FORWARD
36.94,43.98,66.48,RIGHT
6.75,11.81,11.68,STOP
83.93,15.43,73.87,LEFT
8.84,16.75,15.9,STOP
112.66,43.71,65.34,LEFT
95.09,10.97,50.06,LEFT
59.17,25.76,71.44,RIGHT
68.47,93.07,71.78,FORWARD
7.55,14.54,8.58,STOP
98.71,23.95,61.94,LEFT
68.78,42.1,110.34,RIGHT
58.16,76.86,55.34,FORWARD
15.69,71.94,34.56,FORWARD
17.32,96.56,15.78,FORWARD
60.9,17.22,42.82,RIGHT
32.37,27.46,67.18,RIGHT
21.86,17.26,18.61,STOP
19.06,6.83,7.02,STOP
48.31,37.43,86.11,RIGHT
6.73,18.53,15.07,STOP
33.67,66.6,54.96,FORWARD
65.3,19.31,21.21,LEFT
79.77,109.65,79.61,FORWARD
59.3,56.37,34.11,FORWARD
20.73,19.98,44.33,RIGHT
61.91,31.58,77.09,LEFT
114.07,114.2,44.77,FORWARD
78.28,31.31,51.31,RIGHT
56.97,23.9,79.93,RIGHT
54.91,73.13,102.18,FORWARD
40.04,31.98,41.95,RIGHT
114.33,66.21,96.62,FORWARD
63.45,10.86,82.16,RIGHT
28.31,35.13,80.98,RIGHT
17.08,9.64,15.76,STOP
8.55,15.21,23.88,STOP
108.33,75.36,17.04,FORWARD
65.28,33.87,43.23,RIGHT
7.19,15.38,19.69,STOP
118.88,37.08,73.66,LEFT
6.17,7.24,23.94,STOP
5.02,8.39,18.09,STOP
117.67,21.79,53.11,LEFT
30.79,77.8,84.8,FORWARD
87.8,119.3,80.56,FORWARD
79.63,31.22,44.46,LEFT
21.41,11.88,9.81,STOP
18.2,100.83,81.67,FORWARD
76.53,34.32,105.62,RIGHT
96.33,43.04,75.31,LEFT
39.14,13.95,100.9,RIGHT
14.83,6.26,21.55,STOP
69.59,5.07,42.67,RIGHT
14.83,12.03,7.75,STOP
21.33,17.65,9.88,STOP
27.11,7.61,57.8,RIGHT
67.56,12.54,79.27,LEFT
80.17,23.2,40.49,LEFT
40.71,24.81,95.56,RIGHT
42.81,60.63,103.88,FORWARD
23.12,10.15,15.86,STOP
9.46,11.53,15.6,STOP
97.42,97.83,89.95,FORWARD
69.88,13.76,68.88,RIGHT
16.29,16.75,23.01,STOP
23.22,12.72,19.71,STOP
6.5,6.2,19.95,STOP
12.36,10.71,12.28,STOP
46.14,24.54,81.42,RIGHT
61.15,101.37,33.59,FORWARD
67.36,90.33,78.92,FORWARD
111.96,36.39,20.36,LEFT
52.7,56.61,116.9,FORWARD
62.02,38.06,51.12,RIGHT
64.09,105.8,43.93,FORWARD
50.58,18.35,42.68,LEFT
88.7,38.44,62.56,LEFT
72.93,11.49,90.78,RIGHT
46.57,17.79,44.94,RIGHT
89.87,117.14,9.53,FORWARD
68.61,27.09,101.63,RIGHT
93.18,26.52,60.68,LEFT
105.59,112.09,112.46,FORWARD
30.14,38.44,97.52,RIGHT
35.32,44.74,114.98,RIGHT
40.95,17.52,73.33,LEFT
115.84,16.77,38.31,LEFT
50.19,15.61,70.04,LEFT
5.71,9.72,22.51,STOP
63.49,7.14,75.28,RIGHT
42.46,15.31,69.95,LEFT
97.04,95.61,26.02,FORWARD
95.98,15.8,53.81,LEFT
15.2,19.27,10.75,STOP
53.05,7.67,79.84,RIGHT
5.39,6.88,19.53,STOP
10.24,5.63,15.74,STOP
72.42,74.73,12.73,FORWARD
74.78,12.77,48.06,RIGHT
108.73,37.43,28.4,LEFT
8.78,5.95,13.9,STOP
26.4,68.02,117.39,FORWARD
59.35,27.09,64.81,LEFT
65.45,63.37,30.61,FORWARD
49.63,5.84,114.72,RIGHT
100.84,18.31,58.7,LEFT
78.71,94.97,113.34,FORWARD
98.21,23.82,29.45,LEFT
39.74,41.19,75.16,RIGHT
48.2,18.24,76.22,LEFT
33.34,65.23,43.81,FORWARD
67.0,75.94,110.21,FORWARD
71.93,35.49,21.99,LEFT
69.75,13.69,24.86,LEFT
96.17,38.96,44.01,LEFT
50.09,16.78,60.83,LEFT
94.08,102.29,50.23,FORWARD
15.89,13.18,13.93,STOP
94.65,70.38,34.74,FORWARD
71.37,56.24,105.46,FORWARD
13.74,11.02,7.62,STOP
107.47,18.65,36.36,LEFT
83.69,63.24,12.76,FORWARD
66.79,34.05,69.15,RIGHT
11.12,6.36,13.34,STOP
46.91,43.98,65.49,RIGHT
106.84,37.45,55.86,LEFT
10.15,8.27,15.96,STOP
37.55,23.92,61.76,RIGHT
21.68,18.08,11.36,STOP
34.39,21.88,101.75,RIGHT
16.25,10.24,17.21,STOP
41.11,75.06,83.35,FORWARD
96.99,7.94,63.12,LEFT
115.7,11.01,46.39,LEFT
51.2,25.28,58.64,RIGHT
100.6,5.37,61.2,LEFT
55.16,17.41,91.5,RIGHT
70.74,79.22,111.85,FORWARD
47.76,37.34,74.13,LEFT
21.63,44.84,60.48,RIGHT
105.48,90.65,66.9,FORWARD
75.59,13.47,52.6,RIGHT
87.22,39.02,37.93,LEFT
40.73,17.76,41.08,RIGHT
34.89,71.34,17.31,FORWARD
5.58,8.91,7.63,STOP
61.46,35.6,75.15,RIGHT
16.09,7.54,23.12,STOP
67.04,105.96,104.6,FORWARD
78.89,16.61,50.29,RIGHT
13.33,60.15,55.83,FORWARD
10.86,18.79,8.38,STOP
74.97,28.48,48.71,RIGHT
79.75,78.7,60.79,FORWARD
97.48,12.48,54.12,LEFT
17.4,9.84,14.7,STOP
20.49,16.7,24.86,STOP
110.41,98.09,35.0,FORWARD
95.12,55.38,66.87,FORWARD
8.45,113.29,37.27,FORWARD
22.41,9.28,13.48,STOP
61.91,15.87,59.35,LEFT
106.53,21.01,26.44,LEFT
102.66,55.02,51.97,FORWARD
101.38,40.57,52.77,LEFT
10.46,19.29,16.8,STOP
10.98,117.77,89.77,FORWARD
102.89,111.35,88.81,FORWARD
23.75,13.2,9.21,STOP
109.73,42.8,35.4,LEFT
9.67,12.42,9.56,STOP
19.61,111.43,116.33,FORWARD
7.57,14.01,22.77,STOP
10.19,13.62,23.3,STOP
73.65,32.45,87.89,RIGHT
40.79,89.99,33.48,FORWARD
24.48,7.21,5.03,STOP
71.8,19.66,64.7,LEFT
14.43,11.95,7.9,STOP
42.64,28.31,62.76,LEFT
8.96,7.57,14.82,STOP
7.71,87.22,21.54,FORWARD
13.2,10.86,8.15,STOP
41.78,30.58,50.35,LEFT
59.84,57.63,77.41,FORWARD
24.22,6.54,10.19,STOP
20.41,78.81,36.47,FORWARD
5.45,6.33,13.27,STOP
67.27,39.09,28.83,LEFT
67.45,55.99,46.36,FORWARD
64.94,41.93,40.38,LEFT
74.23,40.16,79.57,LEFT
16.05,6.52,19.24,STOP
5.02,84.35,9.58,FORWARD
57.7,70.62,84.62,FORWARD
35.03,33.76,41.83,RIGHT
55.54,58.2,52.74,FORWARD
103.69,73.71,112.25,FORWARD
95.2,44.68,21.04,LEFT
54.56,110.42,6.05,FORWARD
42.89,44.4,86.11,RIGHT
62.5,23.38,74.87,LEFT
8.87,12.52,12.06,STOP
67.97,74.71,19.3,FORWARD
16.05,13.58,18.77,STOP
105.86,23.08,22.35,LEFT
32.51,16.59,46.52,RIGHT
118.99,109.6,28.78,FORWARD
12.66,9.57,21.92,STOP
45.52,82.34,42.51,FORWARD
22.76,93.33,15.63,FORWARD
24.93,92.52,5.61,FORWARD
10.29,13.14,22.86,STOP
90.22,40.79,65.67,LEFT
80.74,36.95,64.86,LEFT
111.49,26.49,42.91,LEFT
52.85,29.53,42.31,RIGHT
61.8,21.01,36.34,LEFT
22.9,18.59,20.47,STOP
52.13,10.55,91.85,RIGHT
16.21,8.54,15.65,STOP
40.9,35.23,56.55,LEFT
116.56,37.6,76.02,LEFT
114.64,40.0,32.23,LEFT
76.83,21.48,23.42,LEFT
8.59,90.53,36.22,FORWARD
79.79,38.7,58.97,RIGHT
18.62,10.01,8.96,STOP
53.16,108.26,31.62,FORWARD
19.3,18.66,17.95,STOP
21.27,12.0,10.66,STOP
16.17,18.67,15.97,STOP
16.79,12.87,15.15,STOP
93.63,42.77,39.17,LEFT
10.36,10.88,8.71,STOP
21.52,11.94,5.46,STOP
75.94,32.0,76.18,RIGHT
67.1,84.25,113.76,FORWARD
50.65,101.95,67.13,FORWARD
23.81,83.01,12.13,FORWARD
74.4,76.92,56.16,FORWARD
101.74,27.34,45.4,LEFT
12.97,18.57,13.19,STOP
100.48,115.45,82.91,FORWARD
34.23,33.89,101.68,RIGHT
75.98,25.64,25.48,LEFT
39.25,19.14,105.86,RIGHT
42.31,20.96,51.9,RIGHT
15.54,14.19,10.43,STOP
21.62,18.23,10.89,STOP
9.27,6.25,6.47,STOP
50.44,83.39,94.44,FORWARD
71.78,17.48,81.44,RIGHT
13.73,19.74,23.75,STOP
20.11,9.38,21.44,STOP
47.36,58.2,27.48,FORWARD
119.0,80.42,77.3,FORWARD
21.07,76.93,12.11,FORWARD
50.44,40.19,45.79,RIGHT
34.56,41.2,72.86,RIGHT
87.38,115.9,23.89,FORWARD
72.54,16.14,55.35,LEFT
79.17,8.77,59.91,RIGHT
7.11,75.62,52.98,FORWARD
77.6,55.91,63.95,FORWARD
66.8,68.99,29.04,FORWARD
43.79,42.26,77.61,RIGHT
57.19,82.55,10.07,FORWARD
70.33,20.43,36.03,LEFT
17.5,13.42,13.44,STOP
78.02,8.53,36.73,LEFT
39.49,38.88,100.24,RIGHT
62.37,38.18,36.92,LEFT
49.61,33.99,82.44,RIGHT
20.15,78.26,73.59,FORWARD
49.25,42.38,100.07,RIGHT
78.31,42.64,81.32,RIGHT
6.2,8.11,19.19,STOP
112.45,103.07,54.59,FORWARD
47.09,10.09,78.04,LEFT
17.94,13.82,12.32,STOP
18.69,6.71,21.96,STOP
21.34,13.22,14.21,STOP
23.15,5.41,16.45,STOP
11.54,17.08,9.72,STOP
20.98,16.91,11.52,STOP
36.16,19.59,67.29,RIGHT
33.75,41.22,45.64,RIGHT
88.97,33.49,25.82,LEFT
5.5,57.26,26.46,FORWARD
11.05,5.34,5.02,STOP
68.85,29.27,46.5,RIGHT
61.62,7.88,47.56,RIGHT
52.63,20.36,114.31,RIGHT
109.47,30.08,40.71,LEFT
9.24,65.93,47.37,FORWARD
26.52,19.66,46.54,RIGHT
116.78,62.1,74.07,FORWARD
19.19,9.19,22.27,STOP
99.07,58.38,49.7,FORWARD
57.7,63.28,27.72,FORWARD
114.02,11.03,26.42,LEFT
69.06,43.4,59.67,LEFT
105.83,44.44,56.9,LEFT
23.08,34.51,91.44,RIGHT
8.39,11.13,22.82,STOP
27.09,11.45,81.28,RIGHT
111.02,20.26,35.63,LEFT
8.38,11.59,8.39,STOP
95.28,101.07,51.4,FORWARD
82.58,44.58,66.69,LEFT
98.16,115.34,6.15,FORWARD
37.79,10.34,105.2,RIGHT
58.35,70.97,69.91,FORWARD
7.65,15.5,24.19,STOP
7.59,19.52,12.23,STOP
49.05,16.49,26.81,LEFT
21.2,16.83,20.02,STOP
79.05,26.6,41.6,LEFT
46.19,60.6,22.82,FORWARD
95.64,7.12,52.61,LEFT
57.75,8.47,108.38,RIGHT
23.87,34.29,72.86,RIGHT
11.77,5.11,7.78,STOP
10.62,19.67,17.21,STOP
39.69,27.11,66.38,RIGHT
104.87,115.74,113.88,FORWARD
17.28,8.23,12.86,STOP
71.04,43.81,43.94,RIGHT
63.1,34.91,62.07,RIGHT
64.28,28.55,105.43,RIGHT
75.75,14.3,113.67,RIGHT
68.84,21.85,30.59,LEFT
98.97,90.97,10.13,FORWARD
53.0,79.44,97.59,FORWARD
73.4,34.19,74.88,RIGHT
79.94,66.54,100.96,FORWARD
74.73,30.62,68.86,RIGHT
61.31,24.41,77.55,LEFT
5.66,12.06,10.16,STOP
44.55,40.08,80.29,RIGHT
92.2,8.5,72.72,LEFT
105.46,61.62,47.25,FORWARD
24.99,6.66,12.97,STOP
117.38,109.38,20.3,FORWARD
87.21,8.78,27.36,LEFT
118.09,38.78,29.52,LEFT
16.31,16.49,21.3,STOP
49.62,64.74,41.88,FORWARD
71.36,23.2,66.82,LEFT
115.9,15.26,39.55,LEFT
36.63,31.3,81.69,RIGHT
64.69,90.29,73.92,FORWARD
8.05,14.92,12.56,STOP
112.46,87.88,71.37,FORWARD
13.39,15.97,22.32,STOP
108.84,38.1,63.17,LEFT
47.37,23.18,92.43,RIGHT
75.51,20.14,62.43,RIGHT
52.22,9.32,37.45,LEFT
118.91,60.73,42.15,FORWARD
23.78,10.56,16.81,STOP
69.73,35.72,81.79,RIGHT
113.57,29.2,75.25,LEFT
49.43,18.6,98.95,RIGHT
63.3,20.84,46.34,LEFT
12.03,17.66,16.43,STOP
70.19,22.33,46.0,RIGHT
23.72,26.59,70.87,RIGHT
18.49,16.11,21.26,STOP
105.5,9.41,54.3,LEFT
12.25,6.12,10.92,STOP
51.84,20.91,116.03,RIGHT
115.77,8.19,44.09,LEFT
7.09,16.94,16.31,STOP
70.57,37.5,70.16,RIGHT
7.69,71.49,40.59,FORWARD
70.2,35.72,21.12,LEFT
66.56,65.29,44.24,FORWARD
22.85,18.45,15.08,STOP
17.8,6.2,11.21,STOP
59.53,84.95,73.67,FORWARD
54.58,36.89,97.81,RIGHT
58.2,80.76,10.56,FORWARD
16.81,16.79,19.38,STOP
70.98,41.15,55.35,RIGHT
78.69,21.16,47.63,LEFT
33.49,58.43,82.18,FORWARD
21.77,18.43,7.61,STOP
90.4,26.15,31.13,LEFT
58.2,8.01,47.04,RIGHT
57.7,12.7,36.88,LEFT
6.49,12.62,20.26,STOP
74.91,68.39,51.57,FORWARD
79.86,32.07,95.79,RIGHT
28.57,36.99,43.49,RIGHT
101.01,25.33,23.37,LEFT
116.36,39.45,68.52,LEFT
15.27,6.33,13.58,STOP
79.38,43.87,71.37,RIGHT
65.72,38.0,78.52,LEFT
18.36,17.24,23.3,STOP
12.11,16.62,12.55,STOP
26.78,11.44,119.53,RIGHT
111.61,56.55,98.37,FORWARD
20.73,6.87,10.53,STOP
49.7,81.23,39.19,FORWARD
104.89,108.26,82.7,FORWARD
95.54,27.83,58.44,LEFT
64.79,17.61,53.8,LEFT
45.8,85.4,23.57,FORWARD
97.41,73.85,41.57,FORWARD
60.88,78.06,98.17,FORWARD
37.33,11.12,50.1,RIGHT
61.29,59.09,54.17,FORWARD
85.01,86.36,70.85,FORWARD
65.79,25.57,89.99,RIGHT
32.18,21.17,103.28,RIGHT
29.67,37.42,112.07,RIGHT
16.28,80.45,91.78,FORWARD
69.02,18.92,50.76,RIGHT
26.34,8.2,111.56,RIGHT
12.86,16.77,9.26,STOP
5.28,14.75,20.4,STOP
72.0,12.49,40.12,RIGHT
23.24,33.24,98.0,RIGHT
103.49,8.85,77.29,LEFT
64.57,73.82,116.36,FORWARD
57.55,44.9,54.61,RIGHT
111.1,15.51,78.55,LEFT
119.58,88.7,79.06,FORWARD
12.17,15.72,6.45,STOP
38.5,28.4,118.34,RIGHT
8.14,7.34,15.86,STOP
5.48,16.72,11.45,STOP
6.18,9.85,12.65,STOP
8.36,8.7,13.03,STOP
16.17,17.3,11.01,STOP
91.68,14.0,30.61,LEFT
78.87,7.2,72.7,RIGHT
45.84,9.2,50.4,LEFT
6.74,17.73,15.55,STOP
97.29,34.66,72.69,LEFT
64.42,82.17,89.21,FORWARD
93.95,61.16,115.38,FORWARD
50.31,13.04,42.31,LEFT
80.4,44.09,57.06,LEFT
12.96,8.04,15.98,STOP
70.84,34.53,26.51,LEFT
6.76,6.22,10.14,STOP
12.06,19.79,19.05,STOP
119.76,22.92,49.25,LEFT
62.07,59.34,99.94,FORWARD
14.1,17.51,5.87,STOP
23.8,35.39,106.65,RIGHT
72.46,43.89,85.67,RIGHT
73.42,20.45,106.39,RIGHT
115.39,33.68,55.96,LEFT
107.41,81.69,22.77,FORWARD
7.82,9.99,21.23,STOP
106.15,109.16,116.83,FORWARD
59.45,96.94,71.56,FORWARD
65.12,13.09,50.82,RIGHT
69.66,65.22,21.87,FORWARD
62.99,16.92,89.36,RIGHT
58.0,16.6,46.89,LEFT
75.16,40.07,70.92,RIGHT
7.89,14.18,20.43,STOP
69.63,24.94,107.83,RIGHT
54.61,25.96,21.31,LEFT
9.34,16.34,6.38,STOP
14.55,15.0,7.36,STOP
20.66,13.65,22.34,STOP
86.29,74.96,73.73,FORWARD
7.63,19.18,8.01,STOP
18.93,8.71,22.55,STOP
56.03,26.79,93.1,RIGHT
20.21,6.96,17.71,STOP
60.74,66.42,97.6,FORWARD
93.1,98.82,79.7,FORWARD
112.66,82.97,113.05,FORWARD
74.13,42.24,35.73,LEFT
66.42,40.36,91.58,RIGHT
86.54,57.64,100.27,FORWARD
24.17,9.3,49.34,RIGHT
5.06,15.49,24.53,STOP
20.39,97.6,87.26,FORWARD
59.79,72.46,79.33,FORWARD
98.28,33.11,45.42,LEFT
62.57,80.91,35.82,FORWARD
49.73,10.48,21.74,LEFT
60.83,40.89,51.02,LEFT
24.86,16.58,17.6,STOP
103.58,67.91,47.18,FORWARD
64.32,64.35,25.23,FORWARD
20.05,118.43,10.6,FORWARD
21.68,11.92,6.49,STOP
21.38,6.39,12.87,STOP
69.73,18.02,100.37,RIGHT
62.37,94.39,50.05,FORWARD
53.78,83.16,34.86,FORWARD
29.39,84.22,69.93,FORWARD
19.21,5.44,22.25,STOP
108.02,14.07,51.43,LEFT
12.11,6.99,18.45,STOP
77.71,25.48,71.03,LEFT
61.03,8.01,26.86,LEFT
77.02,12.64,92.39,RIGHT
28.34,29.52,81.5,RIGHT
18.62,13.88,21.3,STOP
78.88,43.55,73.47,RIGHT
74.2,21.77,47.04,LEFT
44.04,106.3,100.3,FORWARD
15.13,5.36,5.71,STOP
51.71,5.62,79.32,LEFT
84.16,29.6,51.22,LEFT
78.04,10.93,38.17,LEFT
67.86,92.52,49.53,FORWARD
62.96,14.0,114.68,RIGHT
107.24,36.88,61.0,LEFT
64.02,33.12,86.82,RIGHT
100.42,58.05,50.21,FORWARD
43.35,118.39,97.66,FORWARD
115.89,41.65,71.95,LEFT
56.27,8.51,82.52,RIGHT
47.62,5.45,49.63,RIGHT
51.17,24.71,26.53,LEFT
109.23,27.12,23.28,LEFT
91.64,85.6,65.74,FORWARD
11.57,19.36,14.45,STOP
58.27,39.59,48.09,LEFT
19.88,17.91,17.03,STOP
13.5,12.31,8.39,STOP
86.04,34.98,48.31,LEFT
86.4,35.13,68.79,LEFT
43.37,24.98,106.3,RIGHT
57.56,34.06,65.72,RIGHT
78.91,12.01,78.2,RIGHT
61.21,42.77,79.37,LEFT
61.19,29.58,79.6,LEFT
79.52,34.69,115.64,RIGHT
49.81,41.01,62.66,RIGHT
13.31,16.69,15.1,STOP
106.58,28.65,73.09,LEFT
21.2,88.25,99.72,FORWARD
98.85,44.6,42.13,LEFT
17.67,10.45,17.95,STOP
49.01,6.07,91.36,RIGHT
73.76,110.13,80.53,FORWARD
90.1,36.27,34.28,LEFT
59.27,36.99,57.17,RIGHT
7.44,5.96,15.04,STOP
18.82,63.99,59.25,FORWARD
62.47,40.29,71.18,LEFT
73.68,8.59,66.35,RIGHT
56.9,9.22,70.08,LEFT
51.55,30.07,54.66,RIGHT
106.76,6.56,30.02,LEFT
14.35,18.86,19.64,STOP
78.14,12.47,56.65,LEFT
9.07,15.42,5.05,STOP
20.95,19.28,17.93,STOP
89.44,13.59,74.27,LEFT
49.41,44.36,107.52,RIGHT
115.23,39.8,75.78,LEFT
44.34,112.28,23.91,FORWARD
95.42,55.97,9.22,FORWARD
6.46,8.21,21.01,STOP
52.72,30.12,50.88,RIGHT
56.38,8.18,113.79,RIGHT
15.55,17.3,9.04,STOP
73.02,27.33,53.27,LEFT
7.32,14.8,22.78,STOP
117.03,99.95,39.93,FORWARD
93.78,86.59,54.35,FORWARD
49.78,15.23,84.57,RIGHT
81.48,85.8,101.02,FORWARD
74.77,13.68,118.32,RIGHT
113.56,115.31,56.33,FORWARD
14.15,9.43,5.54,STOP
16.57,16.95,10.37,STOP
68.02,67.77,118.72,FORWARD
8.53,8.95,15.05,STOP
88.08,38.45,34.71,LEFT
22.71,35.99,92.97,RIGHT
16.39,15.59,22.46,STOP
103.65,40.01,47.69,LEFT
32.36,41.68,103.2,RIGHT
57.2,15.36,27.15,LEFT
65.45,33.08,32.02,LEFT
93.49,90.33,12.61,FORWARD
96.09,40.46,55.73,LEFT
67.16,14.55,31.19,LEFT
87.69,109.77,40.24,FORWARD
7.6,12.63,24.92,STOP
6.74,17.05,19.42,STOP
47.75,82.73,113.76,FORWARD
100.04,37.81,73.96,LEFT
12.39,9.2,12.19,STOP
34.23,10.4,83.7,RIGHT
108.85,27.35,31.91,LEFT
44.92,9.39,72.7,LEFT
57.12,33.19,65.19,LEFT
93.03,97.56,117.17,FORWARD
93.6,66.93,60.03,FORWARD
115.73,26.81,68.12,LEFT
23.41,8.28,20.83,STOP
64.6,42.81,55.97,RIGHT
41.53,16.1,40.48,LEFT
72.94,31.79,87.79,RIGHT
58.73,22.25,89.89,RIGHT
21.85,12.91,24.56,STOP
45.2,31.96,89.93,RIGHT
60.37,21.07,65.96,RIGHT
72.14,28.87,63.93,RIGHT
6.8,8.8,9.65,STOP
84.35,97.29,83.49,FORWARD
102.71,98.51,34.49,FORWARD
75.88,39.37,53.41,RIGHT
39.31,26.55,73.57,RIGHT
49.49,12.59,49.86,LEFT
33.52,10.35,90.21,RIGHT
88.72,43.26,42.75,LEFT
71.72,38.49,99.19,RIGHT
7.69,12.42,16.49,STOP
52.36,22.7,67.76,RIGHT
7.02,59.41,80.5,FORWARD
40.2,37.59,46.69,LEFT
69.32,29.01,79.05,RIGHT
110.56,29.36,72.14,LEFT
42.28,39.67,61.78,LEFT
110.68,87.22,77.18,FORWARD
17.71,19.73,18.31,STOP
107.64,98.65,77.22,FORWARD
67.86,25.1,58.73,LEFT
23.86,13.85,10.58,STOP
91.86,99.79,90.33,FORWARD
61.15,27.93,44.04,LEFT
118.31,13.5,64.16,LEFT
18.67,16.43,11.94,STOP
63.91,82.88,11.93,FORWARD
91.63,24.24,72.82,LEFT
103.31,16.26,20.24,LEFT
30.63,9.64,41.94,RIGHT
6.96,19.58,22.8,STOP
92.46,9.42,69.72,LEFT
61.46,38.85,72.48,RIGHT
66.94,37.87,60.18,RIGHT
8.07,19.89,22.97,STOP
99.07,88.13,82.38,FORWARD
113.11,20.54,77.67,LEFT
44.65,29.93,30.07,LEFT
116.2,28.85,29.48,LEFT
73.41,29.06,116.0,RIGHT
114.67,31.13,59.35,LEFT
44.9,68.88,60.45,FORWARD
9.87,14.81,16.17,STOP
26.94,36.37,109.26,RIGHT
88.74,109.76,98.99,FORWARD
21.06,10.24,115.82,RIGHT
24.82,17.39,18.38,STOP
10.74,9.18,13.42,STOP
100.87,82.05,114.63,FORWARD
44.56,13.37,94.23,RIGHT
10.43,7.95,12.77,STOP
75.82,59.75,87.39,FORWARD
105.04,86.01,34.08,FORWARD
79.02,23.29,111.61,RIGHT
13.88,15.53,10.52,STOP
94.24,39.36,64.57,LEFT
55.64,102.52,57.4,FORWARD
9.87,5.94,8.64,STOP
75.32,75.6,89.97,FORWARD
12.85,14.56,7.63,STOP
26.83,9.07,49.53,RIGHT
107.37,58.9,115.17,FORWARD
93.66,68.32,26.68,FORWARD
83.65,14.36,76.72,LEFT
59.42,19.93,59.9,LEFT
84.77,109.07,72.42,FORWARD
102.24,83.41,44.9,FORWARD
9.78,6.31,16.71,STOP
70.72,27.01,69.8,LEFT
79.67,17.12,49.95,RIGHT
27.68,40.0,82.73,RIGHT
14.38,14.4,16.23,STOP
20.83,29.6,43.78,RIGHT
70.58,15.31,56.62,RIGHT
112.8,118.25,78.1,FORWARD
51.21,18.04,33.93,LEFT
19.57,13.3,19.22,STOP
46.41,84.19,36.53,FORWARD
119.48,81.76,109.64,FORWARD
74.65,25.93,60.9,LEFT
57.47,116.16,43.51,FORWARD
74.06,103.93,7.73,FORWARD
107.21,113.99,38.74,FORWARD
23.39,7.35,5.74,STOP
90.09,98.16,117.31,FORWARD
91.52,87.83,6.65,FORWARD
107.87,68.67,95.08,FORWARD
23.05,15.06,8.1,STOP
42.61,31.14,50.27,RIGHT
17.61,9.82,13.75,STOP
80.48,37.24,26.63,LEFT
74.39,8.49,34.54,LEFT
64.6,37.24,60.11,LEFT
27.49,40.25,78.08,RIGHT
79.64,40.57,73.93,LEFT
24.49,26.98,80.09,RIGHT
7.54,88.7,19.44,FORWARD
11.32,12.84,22.46,STOP
90.72,19.13,38.68,LEFT
22.78,14.53,48.61,RIGHT
7.78,118.87,59.64,FORWARD
48.06,21.57,79.6,LEFT
23.4,15.48,15.1,STOP
63.84,11.92,27.07,LEFT
12.93,84.6,42.7,FORWARD
111.61,8.95,45.07,LEFT
110.9,65.59,72.22,FORWARD
82.13,76.78,93.01,FORWARD
45.03,98.17,57.08,FORWARD
6.47,14.35,10.67,STOP
34.93,111.77,43.2,FORWARD
112.71,11.56,55.24,LEFT
57.3,26.49,55.79,LEFT
71.34,35.43,64.31,LEFT
72.87,29.7,56.21,RIGHT
34.86,41.59,80.74,RIGHT
76.53,18.88,117.67,RIGHT
12.55,9.14,11.34,STOP
11.62,19.89,24.07,STOP
15.18,5.49,22.89,STOP
22.36,9.75,22.22,STOP
14.13,80.76,74.37,FORWARD
89.82,94.06,16.83,FORWARD
24.43,89.68,21.24,FORWARD
103.23,33.64,74.18,LEFT
21.5,7.83,24.88,STOP
24.48,32.95,45.24,RIGHT
13.52,90.37,17.18,FORWARD
56.63,42.62,60.82,RIGHT
53.9,59.88,114.51,FORWARD
79.52,12.02,32.39,LEFT
15.18,6.15,15.28,STOP
6.75,12.71,15.23,STOP
79.03,34.46,82.72,RIGHT
17.03,8.22,16.29,STOP
11.07,17.26,23.93,STOP
26.99,42.06,92.84,RIGHT
56.99,28.4,79.13,LEFT
50.53,11.0,51.89,LEFT
119.89,42.63,69.56,LEFT
64.43,30.13,75.19,LEFT
96.37,66.08,44.21,FORWARD
17.34,18.31,7.83,STOP
60.48,37.03,95.22,RIGHT
81.63,107.58,11.56,FORWARD
41.99,16.91,21.38,LEFT
46.26,12.68,25.25,LEFT
40.38,20.61,73.16,RIGHT
42.6,80.66,90.28,FORWARD
6.47,9.38,6.97,STOP
88.08,109.8,31.93,FORWARD
12.98,75.81,91.4,FORWARD
40.37,9.19,116.75,RIGHT
18.9,14.35,24.54,STOP
80.11,37.18,49.92,LEFT
12.54,19.53,12.54,STOP
91.41,62.59,12.87,FORWARD
41.99,112.1,25.01,FORWARD
21.52,13.41,24.26,STOP
17.33,19.31,24.19,STOP
104.85,100.1,99.36,FORWARD
79.67,24.96,62.68,RIGHT
89.02,83.47,103.75,FORWARD
67.38,39.39,33.93,LEFT
12.16,96.07,112.28,FORWARD
21.71,14.08,18.51,STOP
17.95,102.67,11.72,FORWARD
5.52,8.31,15.7,STOP
64.22,35.53,78.81,RIGHT
75.73,62.83,28.5,FORWARD
8.17,8.01,13.75,STOP
15.81,14.04,16.5,STOP
19.99,15.01,10.5,STOP
61.23,40.79,48.29,LEFT
89.04,108.7,34.77,FORWARD
45.8,22.37,107.81,RIGHT
103.97,32.01,62.87,LEFT
73.2,62.88,47.79,FORWARD
96.85,91.45,40.69,FORWARD
18.91,19.07,12.48,STOP
39.15,36.97,55.52,RIGHT
9.24,5.45,16.98,STOP
48.53,38.83,44.97,RIGHT
42.28,10.93,61.36,LEFT
35.5,61.88,24.06,FORWARD
56.88,12.07,102.85,RIGHT
18.08,16.44,20.19,STOP
23.91,11.65,5.5,STOP
34.56,22.09,94.98,RIGHT
5.59,8.66,23.13,STOP
16.69,9.73,19.87,STOP
14.82,82.06,116.68,FORWARD
51.5,14.38,21.04,LEFT
73.13,33.86,58.46,LEFT
17.76,60.92,49.28,FORWARD
26.46,119.29,6.58,FORWARD
40.64,32.42,74.7,RIGHT
110.22,22.27,70.55,LEFT
68.36,14.0,108.36,RIGHT
30.09,26.12,57.83,RIGHT
34.38,41.18,95.41,RIGHT
22.94,117.55,100.78,FORWARD
70.65,10.73,67.54,LEFT
24.54,7.84,8.37,STOP
22.79,5.75,9.7,STOP
55.98,31.37,74.36,LEFT
53.04,105.6,34.1,FORWARD
99.59,110.08,40.84,FORWARD
56.55,21.67,110.16,RIGHT
19.16,16.68,18.48,STOP
88.37,23.72,41.79,LEFT
11.15,17.01,8.97,STOP
97.63,44.45,42.46,LEFT
71.62,41.6,98.22,RIGHT
17.58,8.36,18.14,STOP
40.28,35.99,94.91,RIGHT
45.22,19.77,76.95,LEFT
64.69,98.57,108.15,FORWARD
54.0,107.66,111.81,FORWARD
9.78,17.22,16.39,STOP
15.98,7.84,18.4,STOP
18.78,8.34,14.73,STOP
5.25,16.63,23.15,STOP
60.15,16.91,56.5,LEFT
21.35,16.16,10.98,STOP
16.48,10.79,10.82,STOP
24.1,10.63,14.76,STOP
102.1,60.7,118.49,FORWARD
76.21,22.19,65.2,LEFT
13.69,93.4,57.39,FORWARD
19.27,11.34,5.14,STOP
109.59,83.83,12.0,FORWARD
74.98,14.19,117.73,RIGHT
47.8,7.37,92.11,RIGHT
69.38,30.49,107.94,RIGHT
5.87,19.61,21.86,STOP
103.08,30.12,76.19,LEFT
62.61,38.61,70.4,RIGHT
23.87,15.53,14.68,STOP
7.92,7.68,24.38,STOP
5.33,9.21,15.43,STOP
71.34,91.02,33.22,FORWARD
54.42,10.43,84.92,RIGHT
27.12,26.9,45.95,RIGHT
21.46,18.38,19.57,STOP
32.17,39.64,117.79,RIGHT
79.82,32.82,27.77,LEFT
69.72,8.81,67.68,RIGHT
57.59,10.74,49.35,LEFT
54.12,106.14,74.77,FORWARD
73.55,27.08,61.06,RIGHT
33.69,30.9,42.2,RIGHT
24.26,65.3,21.5,FORWARD
34.82,114.91,19.2,FORWARD
5.85,14.42,12.73,STOP
18.09,15.85,9.39,STOP
10.83,11.74,9.7,STOP
82.67,14.77,64.31,LEFT
34.0,26.28,57.6,RIGHT
71.92,30.1,68.45,LEFT
10.48,8.27,19.37,STOP
57.79,41.9,50.37,RIGHT
19.03,11.25,22.12,STOP
55.86,27.56,78.98,RIGHT
119.87,37.48,70.03,LEFT
22.72,34.63,55.16,RIGHT
12.22,18.75,15.08,STOP
118.95,12.77,22.69,LEFT
52.89,40.39,47.73,RIGHT
76.57,87.94,117.41,FORWARD
92.81,95.0,82.18,FORWARD
19.69,88.45,82.94,FORWARD
69.69,30.84,30.19,LEFT
106.84,32.62,28.84,LEFT
63.26,16.93,68.89,LEFT
68.93,13.8,111.52,RIGHT
113.27,84.61,112.99,FORWARD
81.81,55.02,75.19,FORWARD
24.67,36.24,117.89,RIGHT
44.3,13.97,79.29,RIGHT
111.02,87.04,116.38,FORWARD
35.96,60.55,38.52,FORWARD
67.17,86.54,69.29,FORWARD
7.76,14.83,10.09,STOP
115.27,24.43,29.75,LEFT
32.84,74.59,51.17,FORWARD
17.6,7.57,8.49,STOP
91.34,16.64,68.36,LEFT
70.11,18.82,34.94,LEFT
71.81,8.67,77.87,LEFT
72.98,79.28,56.53,FORWARD
58.82,43.08,51.8,RIGHT
17.17,11.6,11.07,STOP
8.93,9.69,7.3,STOP
58.48,37.25,24.74,LEFT
21.34,5.16,9.01,STOP
16.38,19.98,8.11,STOP
74.24,8.57,109.7,RIGHT
61.01,37.7,96.56,RIGHT
23.17,16.73,13.49,STOP
14.99,8.5,23.46,STOP
64.82,113.97,116.85,FORWARD
21.4,101.52,72.06,FORWARD
101.84,67.15,16.61,FORWARD
69.86,13.46,86.28,RIGHT
69.35,21.82,62.96,RIGHT
76.82,23.65,94.95,RIGHT
41.85,40.45,39.5,LEFT
18.57,9.24,10.01,STOP
93.1,19.2,35.92,LEFT
5.53,10.84,16.22,STOP
66.37,13.6,67.45,RIGHT
48.91,14.42,88.28,RIGHT
66.77,25.92,76.86,RIGHT
21.06,14.7,22.45,STOP
108.13,107.5,10.71,FORWARD
53.64,43.2,60.26,LEFT
33.29,76.58,101.51,FORWARD
63.72,6.58,30.96,LEFT
33.37,80.62,83.65,FORWARD
32.01,40.1,69.5,RIGHT
12.61,14.94,12.34,STOP
20.64,15.27,7.76,STOP
44.61,12.88,61.85,RIGHT
57.55,38.76,54.17,RIGHT
78.27,31.85,56.0,RIGHT
28.86,17.2,116.13,RIGHT
21.83,9.27,94.31,RIGHT
69.6,36.24,77.7,RIGHT
22.44,73.23,18.79,FORWARD
69.86,14.9,105.65,RIGHT
115.18,63.47,116.07,FORWARD
69.15,22.08,23.89,LEFT
58.56,26.5,55.2,RIGHT
112.9,25.67,44.93,LEFT
100.35,21.46,66.85,LEFT
54.52,28.42,74.82,RIGHT
9.48,19.37,15.5,STOP
113.24,17.75,45.27,LEFT
65.66,24.72,58.47,LEFT
57.69,9.04,65.08,LEFT
18.63,101.83,98.85,FORWARD
108.94,43.26,45.39,LEFT
110.72,16.69,56.82,LEFT
30.31,41.13,44.79,RIGHT
85.85,115.66,89.86,FORWARD
50.62,22.17,41.42,RIGHT
106.76,16.69,20.46,LEFT
40.11,55.44,49.62,FORWARD
19.74,7.3,17.84,STOP
49.91,23.69,79.66,RIGHT
103.84,29.22,37.37,LEFT
62.45,16.43,62.37,LEFT
100.41,22.99,24.57,LEFT
110.13,17.94,43.9,LEFT
23.56,8.27,15.35,STOP
55.04,31.56,108.23,RIGHT
94.41,18.02,67.21,LEFT
87.71,111.01,20.2,FORWARD
24.71,12.8,5.54,STOP
24.72,19.58,20.75,STOP
23.9,24.08,88.34,RIGHT
19.34,11.88,6.76,STOP
25.71,37.66,52.88,RIGHT
78.33,22.35,112.91,RIGHT
41.5,20.62,77.46,RIGHT
22.77,11.94,7.11,STOP
12.76,5.87,15.51,STOP
44.51,27.7,55.78,RIGHT
13.46,6.25,13.25,STOP
99.87,41.61,65.01,LEFT
20.0,19.18,18.46,STOP
54.52,16.46,64.93,LEFT
33.65,32.46,98.16,RIGHT
18.49,72.24,44.02,FORWARD
46.04,41.47,22.43,LEFT
69.98,97.55,13.06,FORWARD
59.39,8.39,46.48,LEFT
40.09,41.4,63.47,RIGHT
5.46,15.35,19.08,STOP
105.13,25.97,69.62,LEFT
26.39,31.37,67.64,RIGHT
69.45,8.84,98.92,RIGHT
22.52,26.09,117.89,RIGHT
83.16,96.43,36.73,FORWARD
21.83,12.31,18.87,STOP
109.42,19.89,42.48,LEFT
17.72,62.33,67.87,FORWARD
8.84,9.5,22.78,STOP
25.37,16.97,105.81,RIGHT
103.1,60.6,77.61,FORWARD
12.21,10.84,11.92,STOP
75.72,12.05,71.22,RIGHT
81.4,19.67,41.34,LEFT
8.9,8.09,17.68,STOP
10.77,14.4,15.13,STOP
115.0,28.99,34.65,LEFT
112.43,13.77,59.09,LEFT
61.07,10.96,56.12,LEFT
30.06,21.32,53.69,RIGHT
100.52,60.81,44.1,FORWARD
7.13,17.0,22.18,STOP
67.51,111.56,43.46,FORWARD
64.59,7.05,63.54,LEFT
40.04,43.26,85.59,RIGHT
79.76,8.4,59.39,RIGHT
90.13,16.89,53.83,LEFT
87.67,9.93,24.24,LEFT
10.44,7.14,21.74,STOP
9.57,8.6,15.3,STOP
78.25,25.35,49.62,RIGHT
62.77,14.91,112.79,RIGHT
50.29,86.16,51.32,FORWARD
115.74,39.19,21.97,LEFT
8.31,7.46,11.67,STOP
6.95,13.75,19.67,STOP
35.1,101.82,50.27,FORWARD
27.86,17.52,102.56,RIGHT
41.81,58.88,91.04,FORWARD
89.53,84.87,8.87,FORWARD
12.18,19.37,17.86,STOP
23.71,15.36,9.65,STOP
17.84,7.86,19.88,STOP
96.48,118.93,104.06,FORWARD
8.38,11.61,20.27,STOP
97.79,15.49,49.66,LEFT
18.23,7.12,14.44,STOP
50.09,14.71,60.31,RIGHT
47.35,19.33,72.76,LEFT
112.11,41.6,35.16,LEFT
35.97,35.0,119.45,RIGHT
32.5,33.09,48.41,RIGHT
69.45,68.47,111.88,FORWARD
14.1,6.98,22.22,STOP
111.4,111.27,34.88,FORWARD
41.45,31.95,49.06,LEFT
31.09,27.7,85.32,RIGHT
40.53,26.06,92.3,RIGHT
49.57,17.36,108.96,RIGHT
113.84,63.71,32.22,FORWARD
86.43,71.46,10.96,FORWARD
17.27,10.95,13.93,STOP
111.73,79.9,9.58,FORWARD
118.91,36.93,72.96,LEFT
69.03,90.74,21.43,FORWARD
32.28,25.81,75.62,RIGHT
72.71,17.29,52.18,LEFT
54.59,13.04,33.62,LEFT
44.11,7.19,69.86,RIGHT
49.95,80.63,39.89,FORWARD
15.45,8.26,11.81,STOP
53.9,95.01,118.89,FORWARD
29.06,77.03,32.03,FORWARD
10.33,7.52,5.14,STOP
20.91,9.98,62.83,RIGHT
44.62,22.61,47.7,RIGHT
88.23,10.93,43.11,LEFT
33.2,9.91,96.47,RIGHT
55.82,10.16,88.14,RIGHT
46.94,44.45,119.84,RIGHT
77.19,21.78,58.86,LEFT
117.31,29.98,27.87,LEFT
111.32,35.77,69.64,LEFT
20.28,6.52,13.91,STOP
19.85,94.45,12.19,FORWARD
79.8,6.47,95.43,RIGHT
94.85,87.81,84.55,FORWARD
97.48,7.34,64.29,LEFT
26.37,42.78,72.66,RIGHT
5.84,15.63,23.39,STOP
103.88,14.4,63.77,LEFT
23.48,103.39,23.48,FORWARD
31.58,17.87,48.67,RIGHT
24.16,16.42,22.44,STOP
75.11,22.99,50.65,RIGHT
105.05,23.95,21.98,LEFT
19.76,16.74,14.52,STOP
6.56,7.29,20.51,STOP
88.4,90.39,115.16,FORWARD
41.59,42.09,44.22,RIGHT
22.47,11.47,11.55,STOP
32.97,35.14,88.06,RIGHT
6.95,70.42,34.02,FORWARD
95.65,29.52,23.46,LEFT
45.53,32.55,54.56,RIGHT
23.35,17.17,15.41,STOP
115.5,13.66,26.64,LEFT
16.46,6.17,22.96,STOP
48.01,18.37,71.28,LEFT
95.63,7.56,70.52,LEFT
28.06,58.28,119.74,FORWARD
42.08,17.42,85.58,RIGHT
24.59,5.16,7.23,STOP
54.18,12.45,58.04,LEFT
8.76,16.99,6.79,STOP
23.77,17.92,21.03,STOP
45.19,34.37,36.93,LEFT
40.46,38.95,77.17,LEFT
104.06,106.37,94.15,FORWARD
23.34,14.29,91.69,RIGHT
5.36,17.05,6.58,STOP
41.43,94.28,17.26,FORWARD
43.83,60.04,67.59,FORWARD
41.24,8.99,39.49,LEFT
77.85,100.37,84.13,FORWARD
50.79,117.78,42.74,FORWARD
53.74,18.42,61.2,RIGHT
75.19,62.75,27.84,FORWARD
84.77,64.58,78.34,FORWARD
83.74,60.51,108.2,FORWARD
15.28,14.11,8.14,STOP
22.66,20.78,76.97,RIGHT
73.83,10.96,56.87,LEFT
11.16,14.88,18.3,STOP
24.53,6.41,18.62,STOP
20.5,16.2,17.45,STOP
37.92,9.76,105.94,RIGHT
33.2,24.08,74.2,RIGHT
5.27,18.56,20.21,STOP
84.39,18.13,52.98,LEFT
14.62,15.49,24.94,STOP
44.29,10.86,42.56,LEFT
76.09,34.2,67.68,LEFT
64.81,43.35,60.92,LEFT
9.52,19.15,24.49,STOP
76.13,10.46,86.83,RIGHT
107.93,14.43,38.73,LEFT
23.31,6.53,13.1,STOP
55.81,30.99,52.84,LEFT
25.89,108.82,79.52,FORWARD
64.89,28.35,84.54,RIGHT
80.93,69.5,24.41,FORWARD
40.45,20.74,71.21,LEFT
60.88,25.61,112.15,RIGHT
55.87,43.43,78.9,LEFT
11.74,17.83,20.38,STOP
8.77,12.83,18.66,STOP
117.22,59.42,98.11,FORWARD
116.27,12.46,22.17,LEFT
44.21,21.98,45.92,RIGHT
44.42,42.64,92.7,RIGHT
12.36,15.14,16.53,STOP
76.84,12.97,42.98,RIGHT
6.3,12.19,5.85,STOP
8.34,12.91,5.06,STOP
22.7,11.18,10.54,STOP
17.23,12.95,9.31,STOP
49.72,28.93,66.75,LEFT
30.72,9.96,70.92,RIGHT
86.54,67.47,24.76,FORWARD
11.73,13.65,23.69,STOP
101.08,107.53,61.85,FORWARD
6.44,11.51,12.52,STOP
7.4,10.87,16.53,STOP
32.81,29.43,63.22,RIGHT
71.95,86.62,105.38,FORWARD
98.46,7.61,72.99,LEFT
70.24,93.41,29.61,FORWARD
60.42,16.36,115.11,RIGHT
93.43,112.08,58.74,FORWARD
110.16,55.46,20.58,FORWARD
21.06,16.06,117.76,RIGHT
71.72,44.57,43.49,RIGHT
86.99,32.96,68.38,LEFT
69.85,22.19,114.77,RIGHT
44.87,44.66,72.66,RIGHT
96.97,12.31,31.22,LEFT
75.32,25.81,80.65,RIGHT
53.17,17.27,32.04,LEFT
25.29,38.08,43.35,RIGHT
10.11,12.95,13.13,STOP
90.72,13.48,51.98,LEFT
77.79,24.55,105.39,RIGHT
9.22,14.88,10.64,STOP
44.09,31.14,23.58,LEFT
65.98,8.7,58.04,LEFT
64.02,23.02,76.4,RIGHT
21.33,101.28,26.17,FORWARD
93.35,99.01,93.02,FORWARD
24.88,9.76,23.09,STOP
63.36,84.79,15.92,FORWARD
114.91,33.88,53.92,LEFT
48.94,23.89,102.8,RIGHT
102.76,28.64,41.74,LEFT
22.93,6.12,22.12,STOP
52.48,14.21,58.18,RIGHT
40.72,11.7,29.94,LEFT
21.93,31.03,85.39,RIGHT
12.76,13.19,7.24,STOP
95.41,9.53,67.47,LEFT
40.93,43.23,105.33,RIGHT
22.7,17.45,10.53,STOP
44.65,8.12,72.22,LEFT
117.84,75.08,73.55,FORWARD
115.98,83.46,14.08,FORWARD
18.39,6.33,16.49,STOP
70.96,73.24,31.78,FORWARD
110.41,15.3,41.67,LEFT
51.19,22.37,59.2,LEFT
34.47,42.96,42.23,RIGHT
7.94,10.87,9.77,STOP
112.04,73.06,119.56,FORWARD
68.74,21.29,94.07,RIGHT
15.15,14.54,5.74,STOP
58.84,15.62,43.71,LEFT
20.13,79.26,81.65,FORWARD
6.54,16.3,12.09,STOP
66.85,23.1,92.93,RIGHT
119.82,19.55,68.52,LEFT
92.6,35.49,64.63,LEFT
30.79,60.45,64.49,FORWARD
10.83,11.96,21.86,STOP
61.56,36.48,77.5,LEFT
90.72,30.11,57.92,LEFT
53.69,38.31,71.74,LEFT
73.81,10.26,84.35,RIGHT
79.15,5.11,83.43,RIGHT
16.12,16.5,16.87,STOP
41.15,79.31,93.13,FORWARD
98.73,36.32,24.61,LEFT
43.64,42.25,39.3,LEFT
24.32,90.25,82.61,FORWARD
118.28,42.78,24.19,LEFT
104.14,89.71,85.25,FORWARD
115.47,87.23,36.01,FORWARD
69.64,102.86,15.05,FORWARD
28.05,64.97,40.68,FORWARD
101.98,31.71,62.52,LEFT
73.8,21.9,46.13,RIGHT
9.02,5.4,17.19,STOP
68.13,13.08,97.52,RIGHT
28.19,117.5,23.72,FORWARD
74.21,21.38,65.24,RIGHT
31.58,39.09,86.96,RIGHT
114.32,110.68,7.58,FORWARD
22.08,12.04,8.91,STOP
15.95,13.33,21.65,STOP
53.17,22.35,22.76,LEFT
30.23,11.86,77.35,RIGHT
110.78,107.72,14.74,FORWARD
62.41,19.53,57.0,LEFT
75.46,44.29,62.04,LEFT
48.67,17.41,44.8,RIGHT
42.13,44.52,62.05,RIGHT
42.8,114.5,80.25,FORWARD
7.02,6.73,18.87,STOP
6.11,15.88,16.32,STOP
30.12,9.13,91.35,RIGHT
48.97,6.65,110.47,RIGHT
11.58,17.29,23.19,STOP
16.38,16.52,6.31,STOP
58.35,68.9,101.31,FORWARD
36.31,35.37,52.44,RIGHT
8.84,6.46,16.57,STOP
109.89,16.39,49.25,LEFT
55.4,28.19,29.93,LEFT
80.95,41.36,67.92,LEFT
20.0,17.14,10.11,STOP
103.09,8.35,24.39,LEFT
46.2,18.55,119.44,RIGHT
32.46,57.23,19.48,FORWARD
88.51,9.66,26.29,LEFT
112.5,29.46,28.3,LEFT
40.8,16.25,79.3,RIGHT
105.4,30.8,48.56,LEFT
64.54,11.42,30.82,LEFT
115.72,60.84,9.49,FORWARD
92.37,31.91,32.23,LEFT
69.89,43.97,20.26,LEFT
17.84,19.33,11.24,STOP
114.93,119.08,32.78,FORWARD
72.8,44.99,101.8,RIGHT
10.66,10.47,16.36,STOP
61.01,75.26,6.23,FORWARD
91.25,115.55,18.38,FORWARD
72.22,36.93,40.09,RIGHT
7.47,13.95,13.07,STOP
90.79,32.45,49.47,LEFT
79.13,22.04,112.52,RIGHT
47.75,58.2,77.45,FORWARD
17.33,10.47,5.22,STOP
100.15,40.54,51.55,LEFT
19.36,18.97,17.58,STOP
7.22,17.72,22.88,STOP
12.3,19.29,13.34,STOP
22.06,14.92,18.59,STOP
48.16,66.78,110.24,FORWARD
46.33,31.11,101.53,RIGHT
73.71,5.23,55.64,RIGHT
18.28,17.52,9.41,STOP
46.24,57.92,63.2,FORWARD
52.41,38.62,74.87,RIGHT
57.33,13.01,68.45,LEFT
22.79,15.39,14.79,STOP
106.8,40.73,21.3,LEFT
5.56,5.54,11.72,STOP
52.32,42.59,115.53,RIGHT
10.96,19.21,13.16,STOP
52.24,40.78,108.76,RIGHT
96.33,117.15,39.97,FORWARD
74.78,6.86,42.69,RIGHT
5.61,13.03,17.01,STOP
13.19,15.47,21.73,STOP
23.15,14.19,5.32,STOP
67.19,100.73,19.5,FORWARD
15.16,10.39,8.6,STOP
62.67,16.85,20.05,LEFT
22.0,15.13,17.53,STOP
76.58,88.58,23.82,FORWARD
47.79,32.74,95.04,RIGHT
47.08,31.62,65.95,LEFT
84.92,58.47,77.61,FORWARD
41.59,24.35,22.76,LEFT
72.57,5.6,65.7,LEFT
38.62,38.58,67.18,RIGHT
8.63,12.8,11.83,STOP
65.6,30.2,80.22,RIGHT
57.8,112.31,60.57,FORWARD
12.5,19.15,20.0,STOP
114.91,21.15,36.07,LEFT
100.94,31.48,20.2,LEFT
66.65,17.05,96.58,RIGHT
71.04,28.31,31.87,LEFT
76.34,117.09,57.85,FORWARD
110.1,15.88,44.25,LEFT
66.28,26.65,73.36,RIGHT
18.08,16.82,19.09,STOP
112.26,109.96,117.16,FORWARD
15.28,104.73,31.83,FORWARD
119.1,78.24,100.4,FORWARD
5.23,18.05,5.13,STOP
69.57,105.0,44.35,FORWARD
20.17,6.82,15.24,STOP
86.46,105.05,18.6,FORWARD
92.52,114.81,74.5,FORWARD
97.75,17.03,35.81,LEFT
52.26,24.04,61.62,RIGHT
58.03,6.83,85.27,RIGHT
21.33,7.91,17.05,STOP
118.16,28.45,38.75,LEFT
30.83,115.55,48.81,FORWARD
35.15,33.68,88.15,RIGHT
84.62,14.96,31.59,LEFT
18.21,17.02,10.28,STOP
21.43,10.7,15.87,STOP
56.45,76.97,60.91,FORWARD
69.51,28.24,24.11,LEFT
78.68,21.56,109.11,RIGHT
67.39,7.34,59.61,RIGHT
71.17,18.52,91.0,RIGHT
21.32,23.18,58.25,RIGHT
113.97,20.28,73.65,LEFT
57.1,26.15,112.84,RIGHT
20.61,6.72,14.62,STOP
87.34,67.53,24.34,FORWARD
69.49,23.4,60.01,LEFT
102.37,33.77,63.52,LEFT
101.19,22.66,75.39,LEFT
22.94,65.22,70.75,FORWARD
83.77,18.19,66.55,LEFT
85.66,12.63,37.27,LEFT
71.44,18.1,31.48,LEFT
11.87,8.25,13.67,STOP
28.37,63.78,91.46,FORWARD
109.04,18.37,33.84,LEFT
99.91,27.75,74.5,LEFT
11.19,15.95,18.55,STOP
63.16,17.19,104.87,RIGHT
59.68,30.43,71.61,RIGHT
47.66,12.58,80.45,RIGHT
102.82,83.8,88.83,FORWARD
10.19,8.87,17.25,STOP
104.17,60.06,107.29,FORWARD
54.43,19.37,35.03,LEFT
102.71,42.77,67.12,LEFT
108.28,105.78,112.93,FORWARD
9.7,6.46,8.33,STOP
17.39,16.05,19.36,STOP
107.38,25.52,72.92,LEFT
6.18,17.32,16.88,STOP
66.45,36.72,91.18,RIGHT
48.31,36.56,44.46,RIGHT
10.34,7.32,20.64,STOP
13.32,19.21,17.23,STOP
53.32,20.04,45.96,LEFT
28.98,36.14,95.49,RIGHT
57.42,8.48,54.08,RIGHT
44.46,95.19,93.8,FORWARD
116.72,44.82,43.31,LEFT
25.37,5.14,73.51,RIGHT
100.16,72.85,21.86,FORWARD
45.71,25.64,48.08,LEFT
34.86,29.31,43.97,RIGHT
26.56,36.33,51.26,RIGHT
15.62,15.51,10.4,STOP
54.69,83.57,114.67,FORWARD
62.05,36.73,47.22,LEFT
33.45,112.74,45.86,FORWARD
92.09,81.97,44.36,FORWARD
69.09,37.37,76.61,LEFT
81.2,42.44,30.96,LEFT
77.19,20.64,78.04,RIGHT
67.18,31.25,107.07,RIGHT
41.08,37.73,102.4,RIGHT
45.29,22.34,80.78,RIGHT
13.55,13.75,5.93,STOP
25.88,102.4,97.11,FORWARD
104.85,93.81,68.79,FORWARD
20.14,7.65,6.74,STOP
118.35,67.18,55.89,FORWARD
57.61,25.13,119.59,RIGHT
86.36,44.17,32.19,LEFT
111.12,103.57,21.01,FORWARD
23.64,15.56,14.57,STOP
80.26,43.36,32.47,LEFT
34.51,28.56,42.84,RIGHT
104.48,21.03,35.39,LEFT
115.15,84.52,66.79,FORWARD
89.3,110.17,14.27,FORWARD
57.91,10.82,73.79,LEFT
45.05,82.32,104.15,FORWARD
47.65,39.6,103.7,RIGHT
85.08,23.73,25.4,LEFT
38.98,71.48,109.56,FORWARD
11.71,7.56,12.46,STOP
79.09,16.71,107.59,RIGHT
70.24,38.1,75.22,LEFT
56.64,9.5,30.12,LEFT
7.44,8.67,5.88,STOP
28.27,21.74,43.72,RIGHT
7.9,91.03,114.51,FORWARD
43.44,67.62,100.72,FORWARD
18.23,12.66,7.11,STOP
15.71,100.33,40.4,FORWARD
15.68,9.9,18.76,STOP
76.03,5.8,51.75,LEFT
60.33,74.16,35.53,FORWARD
24.95,8.09,24.06,STOP
28.73,63.39,99.96,FORWARD
66.11,83.77,119.68,FORWARD
113.95,44.12,39.33,LEFT
23.81,8.03,13.15,STOP
105.47,116.32,38.82,FORWARD
14.88,11.08,22.48,STOP
78.07,9.85,47.45,LEFT
38.03,66.89,102.39,FORWARD
19.11,11.3,14.36,STOP
110.58,71.58,48.38,FORWARD
11.7,18.36,22.2,STOP
49.06,40.14,114.81,RIGHT
55.88,24.65,54.44,RIGHT
77.21,36.14,118.22,RIGHT
16.29,17.87,11.7,STOP
78.02,30.8,70.72,LEFT
75.39,15.19,63.0,RIGHT
20.0,11.1,17.89,STOP
22.81,38.84,116.16,RIGHT
19.03,14.58,7.91,STOP
70.8,11.24,39.64,LEFT
6.4,8.88,7.77,STOP
55.13,24.44,92.62,RIGHT
68.86,42.24,69.8,LEFT
33.06,95.83,107.45,FORWARD
46.26,26.48,42.88,LEFT
63.67,7.74,60.78,LEFT
5.73,19.31,12.25,STOP
50.35,7.69,93.76,RIGHT
98.05,24.33,67.86,LEFT
21.83,93.54,64.86,FORWARD
52.53,39.31,87.6,RIGHT
75.82,79.9,54.16,FORWARD
117.65,25.31,48.07,LEFT
22.61,34.76,41.89,RIGHT
24.15,16.31,10.17,STOP
12.73,13.67,13.93,STOP
12.08,19.25,14.87,STOP
13.29,13.34,23.09,STOP
56.79,12.44,75.02,LEFT
82.29,42.11,40.29,LEFT
80.27,115.95,84.27,FORWARD
72.57,17.0,57.4,RIGHT
7.32,16.42,14.65,STOP
63.47,5.25,39.18,LEFT
92.11,10.57,59.87,LEFT
9.71,11.6,7.78,STOP
51.02,22.82,38.98,LEFT
46.16,32.61,68.58,RIGHT
47.19,30.76,72.48,LEFT
36.24,22.54,71.24,RIGHT
64.68,90.15,111.54,FORWARD
6.01,17.12,12.64,STOP
45.6,77.77,72.67,FORWARD
77.75,25.82,35.59,LEFT
93.47,40.83,76.24,LEFT
44.71,88.77,113.92,FORWARD
117.33,67.43,40.02,FORWARD
7.92,67.88,5.96,FORWARD
12.65,7.34,22.72,STOP
39.45,93.59,89.63,FORWARD
10.86,9.29,23.51,STOP
60.6,28.09,118.46,RIGHT
58.74,12.44,65.88,LEFT
9.82,7.26,23.09,STOP
96.65,18.08,41.67,LEFT
94.93,75.77,105.4,FORWARD
6.85,14.07,11.6,STOP
23.85,11.86,6.9,STOP
65.47,35.3,82.5,RIGHT
59.57,16.03,98.2,RIGHT
42.81,33.36,73.19,LEFT
76.14,72.57,34.27,FORWARD
70.75,110.89,60.26,FORWARD
22.24,13.77,10.48,STOP
61.67,19.6,30.15,LEFT
63.44,11.07,81.07,RIGHT
15.71,6.68,21.79,STOP
27.74,24.47,114.27,RIGHT
57.81,22.06,54.98,LEFT
63.72,39.37,49.46,LEFT
82.41,8.98,78.55,LEFT
14.4,64.01,64.72,FORWARD
16.81,7.61,19.14,STOP
61.38,42.86,42.13,RIGHT
16.78,16.82,21.47,STOP
21.11,65.18,53.22,FORWARD
10.32,19.82,5.76,STOP
43.02,16.53,27.67,LEFT
71.44,35.96,75.84,LEFT
49.67,19.21,54.22,RIGHT
61.75,35.8,91.83,RIGHT
31.41,39.06,55.41,RIGHT
45.62,119.11,109.58,FORWARD
102.09,41.38,50.03,LEFT
17.57,13.77,17.76,STOP
71.95,86.95,63.78,FORWARD
47.86,12.98,94.74,RIGHT
80.74,6.0,29.8,LEFT
95.35,57.51,91.18,FORWARD
101.48,76.37,10.73,FORWARD
36.35,44.12,47.66,RIGHT
75.49,85.2,9.96,FORWARD
20.03,60.69,54.51,FORWARD
5.17,105.5,111.56,FORWARD
11.98,13.16,13.4,STOP
53.07,26.73,87.97,RIGHT
88.71,105.96,88.73,FORWARD
9.47,6.55,22.77,STOP
47.8,33.33,72.17,RIGHT
26.49,33.75,89.39,RIGHT
78.67,81.13,118.41,FORWARD
70.64,74.25,109.72,FORWARD
16.32,7.55,15.09,STOP
106.6,97.36,111.69,FORWARD
24.33,7.06,12.74,STOP
114.04,29.85,68.49,LEFT
20.93,13.35,6.27,STOP
5.83,12.14,22.03,STOP
51.51,17.32,102.51,RIGHT
78.46,20.8,84.62,RIGHT
71.7,108.42,53.73,FORWARD
55.75,8.26,110.73,RIGHT
108.17,109.74,105.78,FORWARD
51.11,22.88,72.85,RIGHT
81.02,69.78,43.06,FORWARD
48.93,34.4,72.87,RIGHT
5.18,113.7,22.77,FORWARD
111.46,11.95,21.06,LEFT
38.99,31.22,76.22,RIGHT
83.35,38.59,78.84,LEFT
23.77,8.31,10.21,STOP
23.59,114.8,27.29,FORWARD
83.56,17.85,37.52,LEFT
69.72,40.77,38.9,LEFT
108.12,11.05,73.72,LEFT
9.32,14.86,18.74,STOP
40.45,19.53,48.03,LEFT
24.13,11.82,22.25,STOP
29.84,104.53,27.51,FORWARD
115.49,31.92,20.25,LEFT
108.18,44.82,77.93,LEFT
15.43,14.68,11.07,STOP
51.14,6.92,51.78,RIGHT
12.07,17.29,18.7,STOP
49.6,39.47,79.79,LEFT
42.01,36.64,66.32,RIGHT
28.59,56.26,81.1,FORWARD
78.91,38.11,52.73,LEFT
15.65,15.87,18.83,STOP
22.75,107.58,112.32,FORWARD
7.55,15.29,11.49,STOP
13.1,6.42,10.28,STOP
58.48,11.03,71.14,LEFT
50.92,76.23,42.81,FORWARD
44.99,27.39,84.21,RIGHT
75.89,37.56,48.86,RIGHT
23.92,8.68,10.91,STOP
83.81,41.6,43.9,LEFT
20.26,60.07,14.12,FORWARD
31.18,5.7,96.48,RIGHT
102.35,74.22,44.4,FORWARD
48.85,13.2,63.72,LEFT
115.8,29.53,23.84,LEFT
99.84,41.42,59.23,LEFT
81.84,60.09,75.16,FORWARD
8.08,15.34,5.11,STOP
74.06,19.03,47.25,RIGHT
11.56,114.05,98.81,FORWARD
32.28,103.52,9.01,FORWARD
42.88,12.02,25.74,LEFT
63.09,10.63,66.72,LEFT
117.71,25.95,58.59,LEFT
52.13,18.41,67.26,LEFT
28.85,42.26,53.6,RIGHT
56.42,31.38,57.48,RIGHT
5.11,12.1,5.36,STOP
103.14,34.28,67.53,LEFT
23.9,12.23,9.62,STOP
32.41,44.36,98.58,RIGHT
87.12,109.14,59.84,FORWARD
27.59,24.52,74.95,RIGHT
19.33,8.76,5.44,STOP
8.96,5.9,15.38,STOP
66.89,37.77,33.76,LEFT
9.19,15.36,19.88,STOP
17.4,8.33,18.87,STOP
62.15,87.52,100.3,FORWARD
53.94,40.47,78.95,LEFT
11.87,8.69,13.65,STOP
12.98,12.52,9.9,STOP
109.78,41.59,72.57,LEFT
58.37,55.78,73.27,FORWARD
5.7,14.19,6.34,STOP
14.94,18.55,12.57,STOP
17.12,11.02,15.56,STOP
17.8,19.55,14.79,STOP
119.13,9.73,32.66,LEFT
88.4,8.11,56.03,LEFT
14.5,6.33,21.43,STOP
21.45,13.27,8.21,STOP
78.51,13.52,69.41,RIGHT
77.16,114.2,119.08,FORWARD
75.52,35.07,69.61,LEFT
95.89,39.22,48.42,LEFT
24.96,59.78,83.1,FORWARD
49.88,44.35,51.55,RIGHT
32.42,27.25,114.37,RIGHT
66.51,16.15,41.69,RIGHT
61.1,112.31,94.48,FORWARD
23.72,42.75,55.36,RIGHT
114.26,19.06,25.01,LEFT
29.73,10.65,70.17,RIGHT
50.45,8.12,74.14,RIGHT
86.85,113.23,35.49,FORWARD
55.69,60.05,34.36,FORWARD
77.29,10.84,113.16,RIGHT
42.33,81.24,29.16,FORWARD
44.04,33.5,84.57,RIGHT
36.68,28.13,55.72,RIGHT
113.36,13.21,30.98,LEFT
85.06,33.19,79.29,LEFT
16.67,71.81,103.76,FORWARD
90.21,14.49,79.21,LEFT
22.03,34.87,53.6,RIGHT
12.39,15.4,18.26,STOP
47.91,28.45,89.82,RIGHT
40.6,85.84,119.68,FORWARD
72.96,12.64,73.67,RIGHT
41.7,79.93,89.86,FORWARD
108.72,39.16,54.59,LEFT
22.53,6.44,21.33,STOP
75.98,9.89,106.13,RIGHT
87.95,24.68,48.16,LEFT
11.91,16.64,13.46,STOP
35.59,33.12,53.84,RIGHT
16.22,12.18,24.06,STOP
59.49,103.32,45.72,FORWARD
69.41,22.14,78.39,RIGHT
11.05,15.54,7.14,STOP
71.75,116.42,85.96,FORWARD
27.77,42.77,48.61,RIGHT
50.83,17.07,71.97,LEFT
36.34,34.09,73.85,RIGHT
22.57,13.3,60.15,RIGHT
70.26,31.38,21.6,LEFT
37.17,17.26,70.22,RIGHT
15.17,14.03,22.28,STOP
45.78,14.95,33.16,LEFT
49.92,8.71,76.48,LEFT
52.45,81.89,108.26,FORWARD
47.24,18.26,81.06,RIGHT
113.42,36.11,77.04,LEFT
111.66,11.07,68.59,LEFT
10.82,14.63,8.96,STOP
64.69,94.37,40.59,FORWARD
117.85,69.8,11.08,FORWARD
66.91,6.6,24.05,LEFT
97.4,84.13,101.18,FORWARD
77.67,16.87,41.17,RIGHT
37.31,70.49,79.58,FORWARD
97.74,116.66,62.77,FORWARD
62.53,12.48,50.94,LEFT
45.32,28.12,93.99,RIGHT
36.5,13.92,92.65,RIGHT
29.7,27.97,111.26,RIGHT
50.06,14.22,55.67,RIGHT
88.49,21.33,37.08,LEFT
62.76,5.54,53.61,LEFT
11.25,18.08,7.81,STOP
8.12,104.97,69.06,FORWARD
49.76,30.64,70.77,RIGHT
40.29,44.03,87.45,RIGHT
28.98,42.06,99.4,RIGHT
61.41,31.15,82.51,RIGHT
66.68,12.6,72.17,RIGHT
57.22,10.1,116.49,RIGHT
25.77,70.69,106.9,FORWARD
18.22,6.5,7.68,STOP
59.15,7.44,96.33,RIGHT
13.65,15.75,9.64,STOP
15.53,92.68,55.84,FORWARD
24.72,10.59,20.02,STOP
68.73,34.09,74.5,LEFT
77.72,74.58,7.52,FORWARD
57.58,6.47,54.1,LEFT
25.41,8.91,64.03,RIGHT
16.76,7.38,22.29,STOP
76.93,37.8,45.32,RIGHT
96.82,10.99,41.94,LEFT
12.91,14.07,24.74,STOP
5.94,13.98,19.36,STOP
39.2,108.09,32.66,FORWARD
81.37,43.31,21.68,LEFT
49.73,34.81,103.78,RIGHT
92.91,35.23,28.53,LEFT
20.69,98.88,116.05,FORWARD
16.75,19.74,21.46,STOP
50.78,10.52,77.26,LEFT
33.68,22.3,111.57,RIGHT
22.24,73.67,112.13,FORWARD
8.26,17.73,23.18,STOP
18.66,9.66,7.52,STOP
59.36,17.52,108.43,RIGHT
67.47,6.6,47.24,LEFT
63.0,13.09,116.94,RIGHT
7.04,12.45,11.54,STOP
39.82,30.42,88.44,RIGHT
33.38,119.56,99.44,FORWARD
55.39,38.4,96.15,RIGHT
16.56,17.81,9.38,STOP
11.61,19.09,14.84,STOP
70.72,7.58,42.28,RIGHT
7.52,11.31,7.8,STOP
12.33,12.96,7.92,STOP
56.95,21.35,47.28,RIGHT
19.05,9.24,16.01,STOP
88.97,30.23,67.02,LEFT
12.48,17.69,18.03,STOP
65.63,37.88,101.75,RIGHT
97.36,31.4,22.24,LEFT
48.55,32.32,75.12,LEFT
6.98,17.0,19.24,STOP
97.35,96.63,70.79,FORWARD
60.19,80.11,12.07,FORWARD
43.57,34.55,60.61,RIGHT
95.14,112.52,109.75,FORWARD
75.69,13.07,32.93,LEFT
67.25,42.12,33.16,LEFT
113.41,80.08,82.87,FORWARD
32.81,64.47,95.77,FORWARD
5.69,12.66,20.14,STOP
15.47,17.76,23.76,STOP
21.9,61.75,117.69,FORWARD
86.4,57.03,65.8,FORWARD
38.36,27.33,63.86,RIGHT
13.84,105.18,36.64,FORWARD
11.12,11.12,22.09,STOP
72.8,25.68,111.27,RIGHT
23.99,7.75,15.48,STOP
42.53,30.22,50.99,RIGHT
110.13,13.23,59.33,LEFT
80.79,20.99,40.17,LEFT
16.79,69.83,20.32,FORWARD
54.28,36.62,114.94,RIGHT
50.67,20.38,25.48,LEFT
80.71,20.81,55.73,LEFT
38.17,111.06,12.37,FORWARD
50.03,31.59,113.0,RIGHT
21.36,16.89,20.4,STOP
99.44,76.34,18.41,FORWARD
104.13,104.93,50.21,FORWARD
42.93,10.82,65.54,RIGHT
17.48,14.53,7.71,STOP
24.2,8.87,21.75,STOP
10.65,12.76,8.09,STOP
94.39,10.63,24.03,LEFT
65.89,18.86,36.17,LEFT
37.86,89.98,57.34,FORWARD
67.27,32.96,76.61,RIGHT
75.95,26.66,59.49,LEFT
8.63,5.11,22.21,STOP
17.59,19.91,19.28,STOP
52.28,7.45,63.03,LEFT
40.88,5.34,65.22,LEFT
94.19,59.67,98.69,FORWARD
49.67,42.6,64.87,RIGHT
